Unnamed: 0,drama_name,org_net,director,screenwriter,start_dt,end_dt,aired_on,year,tot_eps,time_per_ep,synopsis,actor_list,kor_title
0,Sing My Crush,,['So Joon Moon'],,"Aug  2, 2023","Aug  2, 2023",Wednesday,2023,8,188.0,"Follow the story of acquaintances Ba Ram and Han Tae after an incident occurred during their school years. Now that they are adults, will Ba Ram be able to suppress the feelings for Han Tae that he has harbored for so long?(Source: BLUPDATE2022 Twitter)~~ Adapted from the webtoon ""Ttarabaram"" (따라바람) by Geom Dung (검둥). ","['Jang Do Yoon', 'Son Hyun Woo']",따라바람
1,D.P. Season 2,Netflix,,['Kim Bo Tong'],"Jul 28, 2023","Jul 28, 2023",Friday,2023,6,500.0,"This unfolding story ensues when military desertion arrest squad members (DP), Jun Ho and Ho Yeol, run across absurdities and unchangeable reality on a regular basis.(Source: Namuwiki; Edited by Krystale Mitaesa at MyDramaList)~~ Adapted from the webtoon ""D.P Dog Day"" (D.P 개의 날) by Kim Bo Tong (김보통). ","['Jung Hae In', 'Koo Kyo Hwan', 'Kim Sung Kyun', 'Son Suk Ku']",디피 시즌2
2,Shadow Detective Season 2,Disney+ Hulu,['Han Dong Hwa'],"['Song Jung Woo', 'Hwang Seol Hun']",2023-07-05,2023-07-26,Wednesday,2023,8,412.0,"Unfolds the ultimate counterattack of veteran homicide detective Kim Taek Rok, who has returned to investigate the secret mastermind behind the blackmailer 'Friend'.(Source: Sports Chosun; edited by Krystale Mitaesa at MyDramaList) ","['Lee Sung Min', 'Jung Jin Young', 'Kyung Soo Jin', 'Lee Hak Joo', 'Kim Shin Rok']",형사록 시즌2
3,Celebrity,Netflix,['Kim Chul Gyu'],['Kim Yi Young'],"Jun 30, 2023","Jun 30, 2023",Friday,2023,12,225.0,Fame. Money. Power. One young woman fights to become the next hottest celebrity in the glamorous yet scandalous world of influencers in Seoul.(Source: Netflix) ,"['Park Gyu Young', 'Kang Min Hyuk', 'Lee Chung Ah', 'Lee Dong Gun', 'Jeon Hyo Sung']",셀러브리티
4,Numbers,MBC,['Kim Chil Bong'],"['Oh Hye Seok', 'Jung An']",2023-06-23,2023-07-29,"Friday, Saturday",2023,12,300.0,"Ho Woo is the first and only high school graduate accountant to join the top accounting firm in the country. With his outstanding memory, observation, adaptation, and sense of justice that ordinary accountants rarely have, he is more than a perfect employee. Je Kyun and Seung Jo are father and son, and Je Kyun is the Vice President of the accounting firm. Despite the fact that he is well-known for his generous personality, he is a man who does not hesitate to get what he wants. Seung Jo is the ace accountant of the firm who's quite the opposite of Ho Woo. These two work together with numbers to achieve their own goals. Their goals are different, but they are headed towards the same target. Will they be able to serve justice in this accounting firm?(Source: Viu)","['Kim Myung Soo', 'Choi Jin Hyuk', 'Choi Min Soo', 'Yeonwoo', 'Kim Yoo Ri']",넘버스: 빌딩숲의 감시자들
5,Revenant,SBS,"['Lee Jung Rim', 'Kim Jae Hong']",['Kim Eun Hee'],2023-06-23,2023-07-29,"Friday, Saturday",2023,12,350.0,"When the door to another world opens, demons exist there. Ku San Young is possessed by one of those demons. Yeom Hae Sang can see the demon which has possessed Ku San Young. They try to figure out the truth behind the mysterious deaths related to the five sacred objects.Ku San Young is busy working part-time during the day and studying to become a low-ranking public officer at night. One day, she receives some articles left behind by her late father. Since then, mysterious deaths take place around her. She also finds herself slowly changing.Yeom Hae Sang comes from a rich background. He teaches Korean folklore at a university. Since he was a child, he has had the special ability to see demons in this world. He even saw his mother get killed by a demon in front of him when he was young. Yeom Hae Sang meets Ku San Young and he faces the demon which killed his mother.Lee Hong Sae is a lieutenant in the violent crimes investigation team. He only cares about advancing his career in the police department. Due to Ku San Young and Yeom Hae Sang, he gets involved in mysterious cases.(Source: AsianWiki)","['Kim Tae Ri', 'Oh Jung Se', 'Hong Kyung']",악귀
6,Adult Kids,,,,2023-06-19,2023-08-07,Monday,2023,8,75.0,A hyper-realistic drama depicting the daily lives of clumsy women in their 30s in the fashion industry and their joys and sorrows at work.(Source: HanCinema) ,"['Ryu Hye Young', 'Yoon Sang Jung', 'Shin Do Hyun', 'Baek Soo Hee']",어른애들
7,Lies Hidden in My Garden,ENA Genie TV,['Jung Ji Hyun'],['Ji Ah Nee'],2023-06-19,2023-07-11,"Monday, Tuesday",2023,8,450.0,"Moon Joo Ran grew up in a wealthy family. She is now a housewife and married to Jae Ho, who works as a doctor. They live in a house with a yard. Her peaceful daily life is abruptly shaken when she notices a strange smell in her backyard. This leads to Moon Joo Ran eventually investigating her husband and meeting Chu Sang Eun. Chu Sang Eun lives a completely different life from Moon Joo Ran. She grew up in a poor environment and, even now, suffers from financial difficulties. She lives in a shabby rented apartment with her husband, Kim Yun Beom. Kim Yun Beom works for a pharmaceutical company. Sang Eun is subject to domestic violence by her husband, Kim Yun Beom. Her life is completely miserable. One day, she receives a phone call that Kim Yun Beom is dead.(Source: AsianWiki)~~ Adapted from the novel ""Lies Hidden in My Backyard"" (마당이 있는 집) by Kim Jin Yeong (김진영).","['Kim Tae Hee', 'Im Ji Yeon', 'Kim Sung Oh', 'Choi Jae Rim']",마당이 있는 집
8,King the Land,jTBC Netflix TVING,"['Im Hyun Wook', 'Choi Sun Min']",['Choi Rom'],2023-06-17,2023-08-06,"Saturday, Sunday",2023,16,300.0,"Heir Goo Won cannot stand fake smiles. When he meets Cheon Sa Rang, her sincere smile is at the ready. The pair seek to create happy moments where they can smile brightly at each other. King of the Land is a VVIP business lounge, a paradise catering to wealthy hoteliers. It is owned by The King Group, with hotels, distribution companies, and an airline in its portfolio. Now Goo Won has been thrown into an inheritance tug-of-war. With his brilliant mind,innate grace, and captivating charm, he has everything but lacks common sense when dating.Cheon Sa Rang makes the world brighter with just her smile. She is thrilled to land a job at the King Hotel, where she had some of her happiest times as a child. She must now put those sweet memories away and mature quickly to face the frequent workplace prejudices and misunderstandings that come her way. ","['Lee Jun Ho', 'Im Yoon Ah']",킹더랜드
9,See You in My 19th Life,Netflix TVING tvN,['Lee Na Jung'],"['Han Ah Reum', 'Choi Young Rim']",2023-06-17,2023-07-23,"Saturday, Sunday",2023,12,350.0,"Ban Ji Eum has an extraordinary ability: she can remember the memories of all her past lives. Repeating her reincarnation for nearly a thousand years, Ban Ji Eum has been living all her lives diligently. After her previous life is cut short by a tragic accident, she sets out to reconnect with the people of her past life in her current one, and decides to find a man named Moon Seo Ha, whom she met in her 18th life. Will memories of her 18th life sabotage romance in her 19th? Or will love endure across different lives?On the other side, there is also Yoon Cho Won, a landscape architect and the younger sister of Yoon Joo Won, whose life collapsed after her older sister's death. She is courageous and kind, even after facing the death of her beloved sister, but she struggles to maintain her brightness. When Yoon Cho Won meets Ban Ji Eum by chance and sees her older sister in her, she wonders about Ban Ji Eum’s identity.Then there's Ha Do Yoon, Moon Seo Ha’s secretary and best friend since childhood. Although they come from completely different backgrounds, Ha Do Yoon feels some kind of affinity for him. (Source: Soompi; Webtoon.com)~~ Adapted from the webtoon ""See You in My 19th Life"" (이번 생도 잘 부탁해) by Lee Hye (이혜).","['Shin Hye Sun', 'Ahn Bo Hyun', 'Ha Yoon Kyung', 'Ahn Dong Goo']",이번 생도 잘 부탁해
10,Bloodhounds,Netflix,,,"Jun  9, 2023","Jun  9, 2023",Friday,2023,8,450.0,"When reserved rookie boxer Kim Geon Woo squares off against loquacious southpaw Hong Woo Jin, Geon Woo narrowly prevails — but the two former marines become fast friends. As their friendship grows, so do the financial woes that plague Geon Woo’s mother. To save her quaint café from going under, she signs off on a hefty loan. But when it turns out she’s been targeted by Smile Capital — a ruthless loan shark business — Geon Woo and Woo Jin do everything in their power to make it right. Fate intervenes as the pair end up working for a generous money lender whose foster daughter is dead set on taking down the loan sharks.(Source: Netflix)~~ Adapted from the webtoon ""Bloodhounds"" (사냥개들) by Jeong Chan (정찬).","['Woo Do Hwan', 'Lee Sang Yi', 'Heo Joon Ho', 'Park Sung Woong']",사냥개들
11,Love Tractor,,['Yang Kyung Hee'],,2023-06-07,2023-06-21,Wednesday,2023,8,188.0,"Seon Yul, a temporarily relocated city man, meets Ye Chan, a rural man who adores the countryside. Seon Yul comes to the countryside to experience life knowing nothing about farming and Ye Chan appears before him. As Seon Yul learns to adapt to rural living and engage in farming activities, he becomes increasingly attracted to Ye Chan's sincerity and enthusiasm. Together, the two embark on a chaotic and romantic countryside journey of healing and love. (Source: iQIYI)~~ Adapted from the webtoon ""Love Tractor"" (트랙터는 사랑을 싣고) written by Hmm Yong Yong (흠념뇸) and illustrated by AngryMonster (앵몬).","['Do Won', 'Yoon Do Jin']",트랙터는 사랑을 싣고
12,Romance by Romance,,,,2023-06-07,2023-06-28,Wednesday,2023,10,90.0,"Having never been involved in a long-term relationship, Ha Yoon was hoping that her current boyfriend, Nam Tae Ryun, would be the one to change all of that. But when he announces he wants to break up with her before they even reach their 100th day, Ha Yoon refuses to accept her fate without a fight.Determined to make this relationship last, Ha Yoon suggests a month-long “break-up grace period” in which she and Tae Ryun are allowed to spend as much time apart as they want, without calling things off completely. Agreeing to her terms, Tae Ryun and Ha Yoon draw up a contract in which the terms of their grace period are clearly stated. While Tae Ryuun goes about his life, Ha Yoon somehow finds herself signing an entirely different contract with her best friend and college colleague, Kang Jin.Though certain his month away from Ha Yoon would be easy, Tae Ryun begins to have second doubts when he realizes she’s been spending time with Kang Jin. With unexpected feelings of jealousy stirring, will Tae Ryun be willing to let Ha Yoon go without a fight?(Source: Viki)","['Cha Hun', 'Lee Eun Bi', 'Kim Jin Woo']",로맨스 바이 로맨스
13,The Villain of Romance,MBC Dramanet,,,2023-06-05,2023-06-27,"Monday, Tuesday",2023,10,270.0,"A coming-of-age story and realistic romance about young college “villains” who are still learning about love. Kang Hee Jae desperately wants to appear cool to others, but secretly feels smaller than plankton on the inside. While struggling to forgive his girlfriend, Yoo Jin, for her “savage” behavior, he winds up gradually transforming into an obsessive monster.Meanwhile, Ban Yoo Jin is a highly intelligent older student at Kang Hee Jae’s college. Because Yoo Jin can never seem to keep a relationship going for longer than 100 days, she starts to worry that she’ll wind up living a lonely life alone. So when younger student Hee Jae boldly shoots his shot, she decides to put him through some intense “training” as they date.","['Cha Sun Woo', 'Ha Seung Ri']",로맨스빌런
14,Sound Candy,TVING,['Kang Hee Ju'],,2023-06-03,2023-07-01,Saturday,2023,10,90.0,"A group of young individuals with different backgrounds come together at a pension located in Jeju. They rediscover their love and friendship through the mystery of""SoundCandy.""(Source: MyDramaList) ","['Choi Yoo Jung', 'Kim Jong Hyeon']",소리사탕
15,Bitch X Rich,Netflix,,,2023-05-31,2023-06-28,Wednesday,2023,10,210.0,Baek Je Na is a third-generation conglomerate and a gold spoon of the highest class at Cheongdam International High School. Kim Hye In grew up in poverty and is offered a chance to study at the Cheongdam International High School in exchange for her silence on a murder she witnessed. Cheongdam International High School is a homicide mystery that follows Je Na’s rivalry with Kim Hye In as they are pitted against each other in mental warfare. (Sources: pinkvilla.com; nme.com),"['Lee Eun Saem', 'Yeri', 'Lee Jong Hyuk', 'Yoo Jung Hoo']",청담국제고등학교
16,Battle for Happiness,Amazon Prime ENA TVING,['Kim Yoon Cheol'],['Joo Young Ha'],2023-05-31,2023-07-20,"Wednesday, Thursday",2023,16,262.0,"A suspense drama depicting mothers engaged in a fierce social media battle to destroy each others' happiness for their own, to free themselves from oppression, hurt, and secrets, and regain their true selves.(Source: HanCinema)~~ Adapted from the novel ""Haengbokbaeteul"" (행복배틀) by Joo Young Ha (주영하). ","['Lee El', 'Jin Seo Yun', 'Cha Ye Ryun', 'Park  Hyo Joo', 'Woo Jeong Won']",행복배틀
17,Delightfully Deceitful,tvN,['Lee Soo Hyun'],['Han Woo Joo'],2023-05-29,2023-07-18,"Monday, Tuesday",2023,16,262.0,"Clever con artist Lee Ro Um suffers from a distinct lack of empathy. One day, she is falsely implicated on charges of killing her estranged parents. She is exonerated after 10 years with the help of a passionate, highly empathetic lawyer, Han Moo Young.The two come to form an unlikely alliance to fight against wrongdoers and exact revenge on them.(Source: The Korea Times) ","['Chun Woo Hee', 'Kim Dong Wook', 'Yoon Park', 'Park So Jin']",이로운 사기
18,One Day Off,,['Lee Jong Pil'],['Son Mi'],2023-05-24,2023-05-31,Wednesday,2023,8,188.0,"Set in the 1990's, Park Ha Kyung teaches Korean literature at a high school. To escape her ordinary days, Park Ha Kyung decides to take one day trips on Saturdays. During her one day trip, she walks around, eats different foods, and meets various people. She realizes she receives comfort and empathy through her travels.(Source: AsianWiki) ",['Lee Na Young'],박하경 여행기
19,Star Struck,,"['Park Sun Jae', 'Kim Hoon Gwang']",['Jung Hyun Woo'],2023-05-18,2023-06-08,Thursday,2023,8,128.0,"When love is kept for a long time...will that feeling blossom?Seo Han Joon has been in love with his childhood friend, Jo Yoo Jae, for a long time. He knew his feelings wouldn’t be reciprocated, and it didn’t matter because he never even dreamed of confessing to him. But this time, he wanted to express his love...(Source: blupdate2020 at Twitter; edited by Khai at MyDramaList)~~ Adapted from the novel ""Star Struck"" (스타스트럭) by Ha Tae Jin (하태진).","['Zuho', 'Kim In Sung']",스타스트럭
20,Oh! Youngsim,ENA Genie TV,"['Kim Eun Kyung', 'Oh Hwan Min']",['Jeon Seon Young'],2023-05-15,2023-06-13,"Monday, Tuesday",2023,10,300.0,"Oh Young Sim is single and in her 30s. She has worked as a TV variety show PD for 8 years. She wanted to make people laugh with her TV shows, which were always cancelled due to low popularity ratings. Her career is now in a crisis. She has a chance to produce a love entertainment show as a pilot program. For the show, Oh Young Sim casts famous start-up founder Mark Wang as a guest. She is surprised that Mark Wang is Wang Kyung Tae. When they were little, Wang Kyung Tae had a crush on Oh Young Sim, and he always let her know how he felt about her. Oh Young Sim did not feel the same way towards Wang Kyung Tae at the time. He then suddenly moved to the United States with his family. They lost contact with each other afterward.Now, 20 years after they were last together, Wang Kyung Tae appears in front of her as CEO Mark Wang. Meanwhile, PD Lee Chae Dong works with PD Oh Young Sim in the same variety show department. He is always on her side. Also, around Oh Young Sim is her friend Goo Wol Sook. She runs the popular YouTube video channel ""Ku's Date"".(Source: AsianWiki)~~ Adapted from the animated series ""Yeongsimi"" (영심이), which in turn is adapted from the comic series ""14-year-old Yeongsimi"" (열네 살 영심이) by Bae Geum Teak (배금택).","['Song  Ha Yoon', 'Lee Dong Hae', 'Lee Min Jae', 'Jung Woo Yeon']",오! 영심이
21,Black Knight,Netflix,,,"May 12, 2023","May 12, 2023",Friday,2023,6,420.0,"In 2071, toxic air pollution had devastated the world, leaving only 1% of the population alive. People rarely leave their homes without gas masks, and delivery drivers known as knights protect and deliver packages. One legendary knight, Knight 5-8, meets a young refugee named Sa Wol who dreams of becoming a knight. With the help of Seol A, an officer in the Defense Intelligence Command, Knight 5-8 trains and mentors Sa Wol, helping him achieve his dream in a dangerous and harsh world.(Source: CK Warrior at MyDramaList) ~~ Adapted from the webtoon ""Black Knight” (택배기사) by Lee Yoon Kyun (이윤균).","['Kim Woo Bin', 'Song Seung Heon', 'Kang Yoo Seok', 'Esom']",택배기사
22,Race,Disney+ Hulu,['Lee Dong Yoon'],['Kim Roo Ri'],2023-05-10,2023-06-14,Wednesday,2023,12,290.0,"Office politics take center stage for marketer Park Yoon Jo, whose lack of an academic background won’t deter her dedication to her work, and the smart and just Ryu Jae Min, who lacks any expectations towards their company.(Source: Korean = Naver || Translation = MyDramaList) ","['Lee Yun Hee', 'Hong Jong Hyun', 'Moon So Ri', 'U-Know']",레이스
23,It Was Spring,KBS1,['Park Joon Sik'],,2023-05-08,2023-06-26,Monday,2023,8,128.0,"Set in a high school in Mokpo, this webdrama perfectly reproduces various cultures and youth sensibilities such as music, dramas, movies, and fashion at a time, letting viewers to empathise and think about their memories.(Source: Korean = Naver || Translation = Xavier Ng at MyDramaList) ","['Cha Sun Woo', 'Kim Jong Hyeon', 'Lee Hyun Joo']",시작은 첫키스
24,Tale of the Nine-Tailed 1938,tvN,"['Kang Shin Hyo', 'Jo Nam Hyung']",['Han Woo Ri'],2023-05-06,2023-06-11,"Saturday, Sunday",2023,12,350.0,"An unexpected case leads Lee Yeon back in time to 1938, where he reencounters Ryu Hong Joo. Once a guardian spirit of the mountain in the west, she's now the owner of a high-end restaurant in the capital city of Gyeongseong. He also meets his younger brother Lee Rang. Meanwhile, another former guardian spirit and ex-friend Cheon Moo Young has become hostile. Lee Yeon struggles to return to the present, to his loved one.(Source: AsianWiki; edited by MyDramaList)","['Lee Dong Wook', 'Kim So Yeon', 'Kim Bum', 'Ryu Kyung Soo']",구미호뎐 1938
25,All That We Loved,TVING,['Kim Jin Sung'],['Kang Yoon'],2023-05-05,2023-05-26,Friday,2023,8,262.0,"Depicts the solid friendship and sincere love story of 18-year-old youths who cannot give up love or friendship. The drama deals with the unique subject of cellular memory, which hypothesizes that memory is transferred to organ transplant recipients.Go Yoo is an 18-year-old student inhis second year of Hara High School. Go Yoo grows taller everyday, and he is often praised as a genius at basketball, which he originally started in order to grow taller. He’s also a charming student who manages to at least do averagely in school despite not studying. Go Yoo is too busy to date, and he’s preoccupied with protecting Joon Hee, but after he donates his kidney to Joon Hee, he becomes rivals in love with Joon Hee for the school’s No. 1 student and his first love So Yeondue tocellular memory syndrome.(Source: Naver; Soompi)","['Oh Se Hun', 'Jang Yeo Bin', 'Jo Joon Young']",우리가 사랑했던 모든 것
26,Love Mate,,['So Joon Moon'],,2023-05-04,2023-05-25,Thursday,2023,8,150.0,"As a team leader, Seo Lee Joon is anything but soft. A leader at So What Media, Lee Joon’s content production team is one of the company’s best but by demanding the best from his team, he’s developed a reputation as the company’s toughest team leader. Seen by all as an iron-clad man who’s set in his ways, everyone is surprised when it becomes apparent that the company’s new employee, Jeong Ha Ram, has started to get under his skin.A very straightforward type of person, Ha Ram hides nothing about himself, including his sincere beliefs about love. Skeptical of love himself, Lee Joon has a hard time understanding how Ha Ram can be so open about love. Even more confusing for Lee Joon is trying to understand the feelings that he seems to be developing for the company’s newest employee. Finding themselves in a bit of a push-and-pull relationship, Lee Joon and Ha Ram begin to understand each other better, as they slowly learn about each other’s past and present struggles. Drawing ever closer, will this unlikely pair learn to let go of the past and allow themselves the freedom to experience true love?(Source: Viki)","['Cho Han Gyeol', 'Cho Hyun Min']",러브메이트
27,My Perfect Stranger,KBS2 ViuTV,"['Kang Soo Yeon', 'Lee Woong Hee']",['Baek So Yeon'],2023-05-01,2023-06-20,"Monday, Tuesday",2023,16,262.0,"Yoon Hae Joon is the youngest anchor to ever work at his broadcasting station. He is calm and straightforward as a journalist and kind in his personal life. On the other hand, Baek Yoon Young dreamed of becoming a writer but wound up working at a publishing company. The two somehow travel back in time to the year 1987. There, Yoon Hae Joon tries to find the truth behind a serial murder case while Baek Yoon Young attempts to prevent her parents from marrying. They soon realize that their objectives are connected. (Source: AsianWiki; edited by MyDramaList)","['Kim Dong Wook', 'Jin Ki Joo']","어쩌다 마주친, 그대"
28,Finland Papa,,,,2023-04-29,2023-05-14,"Saturday, Sunday",2023,6,280.0,"Lee Yu Ri is a young woman recently rocked by the death of her grandmother, her most beloved family member. Heartbroken, she decides to try to make a new start by finding a job and interviews at a café named Finland Papa operated by a mysterious figure known only as “Papa.” When she arrives, the staff members give her a meal and eat with her. She proceeds to do so — only to discover that eating was actually her “interview!”Lee Yu Ri lands the job, but is soon flummoxed to learn that the other staff members, like her, have no idea who Papa is. She also comes to learn that the staff members must take on “family names” and must always dine together to maintain “family harmony.” This rule echoes sage words her grandmother once told her. It also reminds her of her closest friend and first love Baek Woo Hyun. When they were younger, Baek Woo Hyun would never let Lee Yu Ri eat alone and always did his best to raise her spirits. Their parting was sad. Could working at Finland Papa somehow lead to their reconciliation?(Source: Viki)","['Kim Bo Ra', 'Kim Woo Seok']",핀란드 파파
29,Dr. Romantic Season 3,SBS,['Yoo In Shik'],['Kang Eun Kyung'],2023-04-28,2023-06-17,"Friday, Saturday",2023,16,262.0,"At Doldam Hospital, Dr. Kim Sa Bu and his team are committed to saving lives. After three years, a state-of-the-art trauma centre is set to open, equipped with the latest in medical technology.Prior to the centre's official opening, however, a crisis unfolds on a North Korean ship that's drifted into South Korean waters. Doctors from Doldam Hospital fly out to help the critically injured aboard the ship. However, the patients need to be transported to the hospital. To complicate matters, the South Korean government wants the North Korean patients returned to their country as part of diplomatic efforts with their neighbouring country.Amidst the chaos, Cha Jin Man—the father of Cha Eun Jae and a former rival of Dr. Kim Sa Bu—is brought on board to run the new trauma centre. (Source: AsianWiki; edited by MyDramaList)","['Han Seok Kyu', 'Lee Sung Kyung', 'Ahn Hyo Seop', 'Kim Joo Heon']",낭만닥터 김사부3
30,Happy Merry Ending,,['Min Chae Yeon'],['Seok Bo Bae'],2023-04-27,2023-05-19,"Thursday, Friday",2023,8,112.0,"Seung Jun is a singing coach and part-time singer at weddings, where he performs without any enthusiasm. He is insecure and withdrawn and has suffered panic attacks since being brutally dumped by his first love. Jae Hyun, a newly hired pianist at the wedding venue, becomes instantly besotted when he meets Seung Jun and immediately sets out to pursue him romantically. Seung Jun, while not rejecting Jae Hyun’s advances outright, is unable to let anyone get close to him. As the two continue to work together at weddings, will the warm and outgoing Jae Hyun succeed in wearing down Seung Jun’s defences?(Source: MyDramaList)~~ Adapted from the webtoon“Happy Merry Ending” (해피메리엔딩) by dorae (도래).","['Lee Dong Won', 'Byun Sung Tae', 'Kim Kyu Jong', 'Shin Myung Sung']",해피메리엔딩
31,The Good Bad Mother,jTBC Netflix TVING,['Shim Na Yeon'],['Bae Se Young'],2023-04-26,2023-06-08,"Wednesday, Thursday",2023,14,300.0,"Young Soon is a single mother and pig farmer who raised her son Kang Ho alone. Despite her love for him, her strict parenting caused Kang Ho to view her as a bad mother. As an adult, Kang Ho became a cold-hearted prosecutor and kept his distance from his mother. However, an unexpected accident caused him to return to his hometown and start over with Young Soon. Kang Ho's childhood friend Mi Joo, known for her warm heart and strong sense of justice, also reconnected with him after his accident, leading to a transformative experience for her.(Source: CK Warrior at MyDramaList)","['Ra Mi Ran', 'Lee Do Hyun', 'Ahn Eun Jin', 'Yoo In Soo']",나쁜엄마
32,Queen of Masks,Channel A,['Kang Ho Jun'],['Im Do Wan'],2023-04-24,2023-06-13,"Monday, Tuesday",2023,16,300.0,"Do Jae Yi is a human rights lawyer who has built up a large following on social media. She has a reputation for defending the vulnerable and victims of sexual crime. Ten years ago, she was the victim of a terrible, haunting crime. Now, she has become a veritable “queen of masks.” To most of the world, she is a paragon of justice. But behind closed doors, she is exploiting a corrupt politician. And she is secretly helping the current mayor to get out of messy situations – as part of her own plan to become the next mayor.Do Jae Yi is friends with two powerful women. The first is Joo Yoo Jung, the director of an influential arts foundation. The second is the hard-working and ambitious Yoon Hae Mi, who worked her way up from the bottom at a prestigious hotel to the position of Vice President. The three women’s former friend, Go Yoo Na feels she was betrayed by the rest of the women. She moved to the USA in a bid to start her life again. But when she returns to South Korea in search of her missing daughter, her path crosses with those of her former friends. Could revenge be in the cards when they reunite?(Source: Viki)","['Kim Sun Ah', 'Oh Yoon Ah', 'Shin Eun Jung', 'Yoo  Sun']",가면의 여왕
33,My 20th Twenty,,,,2023-04-21,2023-05-27,"Friday, Saturday",2023,12,75.0,"So Won was born in 1981, so she should be in her forties now, but when she became twenty in 2000, she encountered a witch by chance. So Won was cursed by the witch because she turned down her favour. The curse was ""to live as a twenty-year-old woman for the rest of her life."" At first, she thinks it will be a blessing but soon suffers from the pain of losing her beloved ones and making no progress. One day, So Won happens to spot the witch in a photo, so she heads to the resort in the photo's backdrop. To lift the curse, she sneaks in as a resort staff and meets Kang Hyun and Sang Wook there. (Souce: KOCOWA)","['Jung Su Bin', 'Choi Yu Ju']",나의 X같은 스무살
34,Strong Underdog,,['Ryu Kwang Hyun'],,2023-04-17,2023-05-27,,2023,6,220.0,"As a high school student, Jung Woo isn’t exactly at the top of his class's social hierarchy. In fact, as one who is bullied daily, Jung Woo could easily be considered one of the lowest, most unlucky students in his entire school. Struggling every day just to get by, Jung Woo does everything he can to hang on long enough to graduate. But when Jae Seong and his cronies decide to hold a fighting tournament among the school’s weakest students, Jung Woo finds himself caught up in the school’s biggest, most talked-about event of the year. Determined not to lose, Jung Woo heads to the gym to train, but it isn’t until he meets the school’s new transfer student, Min Ah, that he finds the inspiration he needs to truly fight back. (Source: Viki)","['Kim Do Yeon', 'Lee Dae Hwi']","셔틀, 최강의 셔틀"
35,Family: The Unbreakable Bond,TVING tvN,"['Jang Jung Do', 'Lee Jung Mook']",['Jung Yoo Sun'],2023-04-17,2023-05-23,"Monday, Tuesday",2023,12,400.0,"Kwon Do Hoon is an expert sniper and a secret agent working for the National Intelligence Service. To conceal his true identity, he lives a double life as a regular trading company employee, keeping even his wife Kang Yoo Ra in the dark. Though he is occupied with his work, Kwon Do Hoon cherishes his wife deeply. Meanwhile, Kang Yoo Ra, a dedicated homemaker, harbors a secret. Their tranquil existence is thrown into turmoil when Tae Koo emerges, posing a threat to their carefully crafted façade.(Source: CK Warrior at MyDramaList)","['Jang Hyuk', 'Jang Na Ra', 'Chae Jung An', 'Kim Nam Hee']",패밀리
36,Doctor Cha,jTBC Netflix,"['Kim Dae Jin', 'Kim Jung Wook']",['Jung Yeo Rang'],2023-04-15,2023-06-04,"Saturday, Sunday",2023,16,225.0,"Cha Jung Sook is married to Seo In Ho, who works as a chief surgeon at a university hospital. He has a strict, sensitive, and thoroughgoing personality. Cha Jung Sook has been a full-time housewife for 20 years, giving up her career as a doctor during her medical resident years. After all those years, she decides to restart her medical resident course.(Source: AsianWiki) ","['Uhm Jung Hwa', 'Kim Byung Chul', 'Myung Se Bin', 'Min Woo Hyuk']",닥터 차정숙
37,Queenmaker,Netflix,['Oh Jin Suk'],['Moon Ji Young'],"Apr 14, 2023","Apr 14, 2023",Friday,2023,11,365.0,"After a tragic accident, a powerful fixer uses her skills to transform a civil rights lawyer into the next mayor — and take down her former employer.Hwang Do Hee is a skilled career woman who hasn’t come down from her 12 centimeter (approximately 4.7 inch) high stilettos for the past 12 years. She’s the best in her field of President Identity (PI) consulting and is the leader of the Strategic Planning Office at Eunsung Group, the third largest domestic business. By analyzing the appearance, voice tone, habits, preferences, rumors, and fatal weaknesses of the Eunsung Group’s owner’s family, she is able to perfectly present them in a way that reduces owner risk. Despite all her hard work in this field, she overcomes adversity to work towards making Oh Kyung Sook the mayor of Seoul.Oh Kyung Sook is a labor rights lawyer nicknamed “crazy rhinoceros.” For the past 20 years, Oh Kyung Sook hasplowed through like a “rhino’s horn” for common people and workers and is a self-proclaimed Korean Lady of Justice. She is the president of the Women’s Worker Association, Korean Women’s Human Rights Wave, and leader of the Worker’s Solidarity with Rights foundation, proving her charm as a powerful female lead who stops at nothing to protect the weak. As a current labor rights lawyer and a popular YouTuber, Oh Kyung Sook has no interest in authority, but thanks to the help of “Queen Maker” Hwang Do Hee, she becomes determined to become the mayor of Seoul.These two women who used to lead starkly different lives leave everything they know behind to combine forces and create a just and truthful world.(Source: Soompi, Netflix)","['Moon So Ri', 'Kim Hee Ae']",퀸 메이커
38,Stealer: The Treasure Keeper,tvN,"['Choi Joon Bae', 'Min Jung Ah']",['Shin Kyung Il'],2023-04-12,2023-05-18,"Wednesday, Thursday",2023,12,300.0,"Throughout history, the treasures of an old empire have always been the best items for thievery. A professional thief called ""Skunk"" forms an unofficial cultural heritage assets redemption team called ""Team Karma"" with a group of officials to pull off a heist to retrieve the stolen assets, a mission that is informal and illegal yet righteous in a sense. In front of them is a mission of massive proportion. Buried somewhere in Korea is a large number of cultural assets worth 30 trillion won as well as spiritual beads believed to provide eternal life. Against a group with a conscienceless purpose, Team Karma’s thrill-filled retribution starts.""Skunk"", his real name Hwang Dae Myung, is no ordinary thief. Dae Myung is an official with the Cultural Heritage Administration living a double life, a pathetic civil servant by day and a daring thief by night. When the Seoul Metropolitan Police Agency’s cultural property team recovers some of the country’s missing cultural assets, both of his lives start to unravel.  (Source: Viu, ShingetsuNews, MyDramaList)","['Kim Jae Won', 'Jo Han Chul', 'Joo Won', 'Lee Joo Woo', 'Choi Hwa Jung', 'Lee Deok Hwa']",스틸러: 일곱 개의 조선통보
39,Bo Ra! Deborah,ENA TVING,"['Seo Min Jung', 'Lee Tae Gon']",['Ah Kyung'],2023-04-12,2023-05-25,"Wednesday, Thursday",2023,14,300.0,"The series follows the romantic journey of Yeon Bo Ra, a celebrated love coach and successful author of romance novels, and Lee Soo Hyuk, a charming man who grapples with matters of the heart.As a discerning publishing planner, Soo Hyuk is not easily impressed and initially has a negative impression of Bo Ra. However, their lives become entangled unexpectedly, and he becomes increasingly drawn to her.Meanwhile, Han Sang Jin, Soo Hyuk's friend and business associate, heads the Jinri book publishing company.(Source:  CK Warrior at MyDramaList)","['Yoo In Na', 'Yoon Hyun Min', 'Joo Sang Wook', 'Hwang Chan Sung']",보라! 데보라
40,Pale Moon,ENA Genie TV,"['Yoo Jong Sun', 'Kim Seung Woo']",['No Yoon Soo'],2023-04-10,2023-05-09,"Monday, Tuesday",2023,10,390.0,"Yoo Yi Hwa lives with her husband, who is indifferent to her. Yoo Yi Hwa's life as a housewife is comfortable but boring. She begins to work at a bank as a contract worker. While working at the bank, she regains her confidence. But, Yoo Yi Hwa begins to steal money from her clients.(Source: AsianWiki)~~ Adapted from the novel ""Kami no Tsuki""(紙の月) by Mitsuyo Kakuta (角田光代). ","['Yoo  Sun', 'Kim Seo Hyung', 'Seo Young Hee', 'Lee Shi Woo']",종이달
41,Decoy: Part 2,,['Kim Hong Seon'],['Kim Jin Wook'],2023-04-07,2023-04-21,Friday,2023,6,580.0,"Just under a decade ago, South Korea was shaken to the core by a financial fraud project. Thousands of unsuspecting victims were tricked into investing their life savings. After the project was exposed as a scam, its mastermind Noh Sang Cheon ran away to China in a bid to escape the police. But he was soon after reported to have died in mysterious circumstances. The trail went cold. But some eight years after he was reported dead, the evidence appears to suggest that the notorious fraudster is still alive! A spate of killings begins, with Noh Sang Cheon apparently linked to the deaths.Trying to piece together the truth is the police officer and former lawyer Goo Do Han. Also on a quest for truth is a reporter named Cheon Na Yeon. She believes that a number of the murders have been covered – and that police investigations into the death may have been botched. The stakes begin to rise as games become deadly. What is really happening? And what role does Noh Sang Cheon play in these fatal events?(Source: Viki)","['Jang Geun Suk', 'Heo Sung Tae', 'Lee Elijah']",미끼 파트2
42,Joseon Attorney: A Morality,MBC,"['Lee Han Joon', 'Kim Seung Ho']","['Choi Jin Young', 'Jung Ho Rak']",2023-03-31,2023-05-20,"Friday, Saturday",2023,16,262.0,"Kang Han Su is a devious lawyer who meticulously plans his lawsuits and exploits the emotions of his clients for personal gain. However, as he unintentionally gains a reputation as a hero and problem solver among the common people, he begins to see the value in seeking true justice. Over time, Kang Han Su matures into a just and ethical lawyer. One of his clients, Yi Yun Ju, initially hires him to seek revenge but ultimately becomes a supporter of his mission to uphold the law and defend the innocent. This transformation reflects Kang Han Su's growth as a legal professional and as a person.(Source: Soompi; Naver; edited by CK Warrior at MyDramaList)~~ Adapted from the webtoon “Joseon Lawyer” (조선변호사) written by Jeongjae & Shim Gun (정작가&심군).","['Woo Do Hwan', 'Bona', 'Cha Hak Yeon']",조선변호사
43,Duty After School: Part 1,TVING,['Sung Yong Il'],['Lee Nam Gyu'],"Mar 31, 2023","Mar 31, 2023",Friday,2023,6,740.0,"The students and teachers at Sungjin High School receive a terrifying shock when they witness the start of an alien invasion. Coming from the skies, horrific “eggs” hatch violent insect-like creatures that attack humans. The invasion is worldwide, and the South Korean military fears it will be overwhelmed. In desperation, the President announces that mandatory conscription will begin – and that all third-year high schoolers – male and female – must join the armed forces.Soldiers arrive at Sungjin High School. And the third-years – who only have 50 days until they are supposed to sit their university entrance exams – must commence their military training in the school playground. They must learn how to shoot rifles, fight hand-to-hand, and navigate obstacle courses...in their school uniform! Putting the students through their paces will be the platoon leader Lee Chun Ho. Meanwhile, the class teacher Park Eun Young is determined to do what she can to keep her students out of harm’s way. Will the high schoolers help save the planet from doom?(Source: Viki)~~ Adapted from the webtoon ""Duty After School"" (방과 후 전쟁활동) by Ha Il Kwon (하일권).","['Shin Hyun Soo', 'Lee Soon Won']",방과 후 전쟁활동 파트1
44,The Eighth Sense,,,,2023-03-29,2023-04-26,Wednesday,2023,10,240.0,"Ji Hyun, a new student from a peaceful rural town, struggles to adjust to the bustling city life of Seoul. While at university, he meets Jae Won, who has just completed military service. As they share a love of surfing, they begin to develop feelings for each other. During a surfing trip, they share a kiss, but Jae Won acts as if nothing happened, leaving Ji Hyun confused about their connection.(Source: CK Warrior at MyDramaList)","['Im Ji Sub', 'Oh Jun Taek']",여덟 번째 감각
45,The Secret Romantic Guesthouse,SBS ViuTV,['Kim Jung Min'],['Kwon Eum Mi'],2023-03-20,2023-05-16,"Monday, Tuesday",2023,18,233.0,"Yoon Dan Oh had enjoyed a comfortable life as the beloved youngest daughter of a well-off family, but no longer.  Now the family breadwinner, she runs the Ihwawon Inn. Current guests are scholars taking the civil service entrance exam in the hopes of becoming high-ranking officials. Among them are Kang San, Kim Si Yeol, and Jeong Yoo Ha, who all have deep secrets. They and Yoon Dan Oh will share information and cooperate to find Lee Seol, who disappeared 13 years ago.(Source: MyDramaList)~~ Adapted from the novel ""Flower Scholar’s Love Story"" (꽃선비열애사) by Kim Jung Hwa (김정화).","['Shin Ye Eun', 'Ryeoun', 'Kang Hoon', 'Jung Gun Joo']",꽃선비 열애사
46,Welcome to the Lesbian Bar,,,,2023-03-18,2023-03-22,Saturday,2023,5,72.0,,['Lee Si Young'],어서오세요 레즈바에
47,Unintentional Love Story,TVING,['Jang Eui Soon'],,2023-03-17,2023-04-14,Friday,2023,10,210.0,"When Ji Won Young's direct superior at work is fired due to a corruption scandal, Won Young - in spite of being innocent of any wrongdoing - finds himself unceremoniously discharged from the company as well. Desperate to get his job back, Won Young tries to curry favor by tracking down the chairman's favorite artist. He finds the missing man running a pottery shop in a remote town, but it's clear that Yoon Tae Joon has no desire to be found.Won Young decides to hang around town and secretly report whatever he can learn about Tae Joon's self-imposed exile, but when feelings begin to develop between the two, Won Young starts to question his sexuality, his motivations, and whether he even wants to go back to his old life in Seoul. But what will happen when Tae Joon learns Won Young has been spying on him this entire time?(Source: Anime-Planet)~~ Adapted from the webtoon ""Biuidojeog Yeonaedam"" (비의도적 연애담) by Phobe (피비).","['Cha Seo Won', 'Gongchan']",비의도적 연애담
48,A Shoulder to Cry On,,,['Kang Jae Hyun'],2023-03-15,2023-03-29,"Tuesday, Wednesday",2023,7,257.0,"At school, Lee Da Yeol spends most of his time living as an outsider. Not popular by any stretch of the imagination, Da Yeol’s only real joy comes from his time spent with the archery club. A talented archer whose skills have earned him a scholarship to the school, Da Yeol doesn’t mind being an outsider, so long as he’s free to pursue his greatest passion. But an ill-timed run-in with a devilishly handsome classmate lands him in trouble and places his precious scholarship in jeopardy.One of the school’s most popular students, Jo Tae Hyun has always enjoyed a level of freedom that very few high school students have ever attained. Able to get away with practically anything, the entire school has no problem believing his side of the story when he’s caught fooling around in the nurse’s office with another student and Da Yeol. Claiming Da Yeol was trying to make out with him, Tae Hyun thoughtlessly puts the archer’s scholarship at risk. Desperate to correct the misunderstanding, Da Yeol does everything he can to try to quell the rumors but no matter how hard he tries, it’s just not enough.Completely unremorseful about what he’s done, Tae Hyun seems to take a wicked sort of delight in doing everything he can to make Da Yeol’s life miserable; his favorite method being to follow Da Yeol everywhere. Unable to shake Tae Hyun, Da Yeol spends his days loathing his shadow but the more time he spends with him, the more conflicted his feelings become; leaving him to wonder, where exactly does the line between hate and love end?(Source: Viki)~~ Adapted from the manhwa ""A Shoulder to Cry On"" (소년을 위로해줘) by Dong Mul (동물).","['Kim Jae Han', 'Shin Ye Chan']",소년을 위로해줘
49,My Sister,,,,2023-03-14,2023-05-29,,2023,10,48.0,,,여동사친
50,Woman in a Veil,KBS2,['Shin Chang Seok'],['Lee Jung Dae'],2023-03-14,2023-08-04,"Monday, Tuesday, Wednesday, Thursday, Friday",2023,103,23.0,"Gyeo Ul witnesses her husband Yu Jin having an affair with her friend Ae Ra who becomes the target of her revenge. It causes Gyeo Ul to lose her eyesight and suffer from lock-in syndrome out of shock.  Gyeo Ul gets involved with Se Rin, an heiress who owns everything. Se Rin is an arrogant and cold-hearted woman who looks down on people and does not hesitate to take revenge on whoever stabs her in the back. (Source: Kocowa)","['Shin Go Eun', 'Choi Yoon Young', 'Lee Chae Young', 'Lee Sun Ho', 'Han Ki Woong', 'Lee Eun Hyung']",비밀의 여자
51,Pandora: Beneath the Paradise,Hulu TVING tvN,['Choi Young Hoon'],['Hyun Ji Min'],2023-03-11,2023-04-30,"Saturday, Sunday",2023,16,232.0,"In order to protect her beloved family, Hong Tae Ra must become the First Lady of Korea.Hong Tae Ra has a perfect life with her beloved husband Pyo Jae Hyun and their lovely daughter, except for one thing. Hong Tae Ra has no recollection of her past. One day, she regains her memory and faces her harrowing past. Her perfect life is now broken and she finds herself in an uncontrollable situation. Hong Tae Ra struggles to take revenge on those responsible for her past.Pyo Jae Hyun is married to Hong Tae Ra. He is an extremely smart developer, who developed new technology in the neural smart patch field. He runs his company with gentle leadership skills and a sensible personality. He is admired by those around him. People in the political world begin to talk about him as the next presidential candidate.(Source: AsianWiki)","['Lee Ji Ah', 'Lee Sang Yoon', 'Jang Hee Jin', 'Park Ki Woong', 'Bong Tae Kyu']",판도라: 조작된 낙원
52,The Glory Part 2,Netflix,['Ahn Gil Ho'],['Kim Eun Sook'],"Mar 10, 2023","Mar 10, 2023",Friday,2023,8,412.0,"Moon Dong Eun's silent fury against those students that horrifically abused her during her high school years continues to burn inside of her. She meticulously executes her plan to inflict ultimate pain on her tormentors. Meanwhile, the sudden disappearance of Son Myeong Oh has gotten the attention of the police and his friends. Joo Yeo Jeong follows Moon Dong Eun and is willing to do anything she asks in her pursuit of revenge. Before Moon Dong Eun begins her final moves, she offers her nemesis Park Yeon Jin a chance to save herself if she turns in to the police, but Park Yeon Jin has her own plans to stop Moon Dong Eun. A violent and bloody game of nerves plays out between these rivals.(Source: AsianWiki)","['Im Ji Yeon', 'Lee Do Hyun', 'Song Hye Kyo', 'Yeom Hye Ran', 'Park Sung Hoon', 'Jung Sung Il']",더글로리 파트 2
53,Our Dating Sim,,['Lim Hyun Hee'],['Lee Yun Seul'],2023-03-09,2023-03-30,Thursday,2023,8,112.0,A story about what happens when two men who have been friends since school days meet again at work and create a dating simulation game.(Source: Korean = movie.daum.net || Translation = MyDramaList) ,"['Lee Jong Hyuk', 'Lee Seung Gyu']",우리 연애 시뮬레이션
54,Oasis,KBS2 Viki,"['Han Hee', 'Yoon Sung Shik']",['Jung Hyung Soo'],2023-03-06,2023-04-25,"Monday, Tuesday",2023,16,262.0,"During the 1980s, South Korea was undergoing a political change leading to turmoil and social unrest. In a small town in Jeolla Province, two friends, Lee Doo Hak and Choi Cheol Woong, were trying to navigate their way through high school and adolescence. However, their lives were forever changed when Oh Jung Shin, a girl from Seoul, transferred to their school. The trio quickly became close friends, but the two boys developed romantic feelings for Oh Jung Shin as time passed, sparking a love rivalry between them. However, circumstances beyond their control began to rock their young lives. An unexpected incident involving Lee Doo Hak's family resulted in tragedy, pushing him towards violence and revenge. As political events escalated around them, could love be the answer to saving the day for these three young friends?(Source: Viki, edited by CK Warrior at MyDramaList)","['Jang Dong Yoon', 'Seol In Ah', 'Choo Young Woo']",오아시스
55,Divorce Attorney Shin,jTBC Netflix TVING,['Lee Jae Hoon'],['Yoo Young Ah'],2023-03-04,2023-04-09,"Saturday, Sunday",2023,12,300.0,"Meet Shin Sung Han, a divorce lawyer with a talent for settling even the most complicated cases. His name, which amusingly means ""sacred"" in Korean, seems at odds with the messy situations he has to deal with on a daily basis. But Shin Sung Han finds solace in the company of his two closest friends, Jang Hyung Geun and Jo Jung Sik, who are fellow ""40-year-old youths."" Despite the challenges he faces with his clients, Shin Sung Han continues to excel in his field with his expertise and sensitivity.(Source: Soompi; edited by CK Warrior at MyDramaList)~~ Adapted from the webtoon “Sacred Divorce” (신성한 이혼).","['Kim Sung Kyun', 'Cho Seung Woo', 'Han Hye Jin', 'Jung Moon Sung']",신성한 이혼
56,All the Liquors,,['Kim Jin Yeol'],['Kim Hoi Joon'],2023-03-02,2023-03-23,Thursday,2023,8,142.0,"Han Ji Yu is an employee on the marketing team of a liquor company. Park Ki Hoon, on the other hand, is a devilishly charming, skilful chef of a famous restaurant. When Ji Yu is asked to contact Ki Hoon’s restaurant in search of potential collaboration, he runs up against a few walls—namely, Ki Hoon’s flat-out refusal to sell any alcoholic drinks in his restaurant. But Ji Yu is not ready to just give up. What will he do to break the stubborn chef?Two men from different walks of life learn to open up to each other through the intoxicating power of love.(Source: GagaOOLala)","['Kim Jun Hyung', 'Won Do Hyun']",주류일절
57,Delivery Man,ENA Genie TV ViuTV,"['Kang Sol', 'Park Dae Hee']","['Park Hye Young', 'Han Bo Kyung', 'Joo Hyo Jin']",2023-03-01,2023-04-06,"Wednesday, Thursday",2023,12,350.0,"Seo Young Min is a taxi driver who ends up with an unusual clientele - ghosts. Strangely, he finds himself exclusively ferrying these otherworldly passengers and granting their wishes.One day, Kang Ji Hyun boards Seo Young Min's taxi, but with a catch: she has no recollection of her past life and is unable to leave the vehicle. She takes it upon herself to become Seo Young Min's taxi's sales manager.Together, Seo Young Min and Kang Ji Hyun use the taxi to fulfill the wishes of various ghosts, even taking on the task of tracking down a serial killer. With the assistance of Do Kyu Jin, a handsome and diligent ER doctor, they try to prevent sinister events from occurring in the hospital.(Source: CK Warrior at MyDramaList)","['Yoon Chan Young', 'Bang Min Ah', 'Kim Min Seok']",딜리버리맨
58,Island Part 2,Amazon Prime TVING,['Bae Jong'],['Jang Yoon Mi'],2023-02-24,2023-03-10,Friday,2023,6,450.0,"Won Mi Ho is the only child of a father who runs the Daehan Group. She is arrogant and selfish, but she also looks sad. One day, she makes big trouble. Because of this, her father banishes her to Jeju Island. She is assigned to work there as a high school teacher. She teaches ethics.Meanwhile, Won Mi Ho gets involved in a case related to ghosts. The ghosts have sought to get rid of the human world. They target Won Mi Ho. A mysterious ghost hunter tries to protect Won Mi Ho.(Source: AsianWiki)~~ Adapted from the webtoon ""Island"" (아일랜드) written by Yoon In Wan (윤인완) and illustrated by Yang Kyung Il (양경일).","['Kim Nam Gil', 'Lee Da Hee', 'Cha Eun Woo']",아일랜드 파트2
59,Call It Love,Disney+ Hulu,['Lee Kwang Young'],['Kim Ga Eun'],2023-02-22,2023-04-12,Wednesday,2023,16,262.0,"Life's difficulties can take a toll on anyone, and this romantic melodrama portrays the story of a man and woman who are deeply affected. Through their growing empathy and understanding for each other, they embark on a transformative journey filled with new emotions.Sim Woo Joo's life takes a turn for the worse after her father's death, when she's forced out of her home by his mistress. Seeking revenge, she approaches Han Dong Jin, the son of her father's ex-lover. As she spends more time with him, she realizes that she's fallen in love. Han Dong Jin, a workaholic with a lonely life, finds his world turned upside down by Sim Woo Joo's arrival.(Source: CK Warrior at MyDramaList)","['Lee Sung Kyung', 'Sung Joon', 'Kim Young Kwang', 'Ahn Hee Yeon', 'Kim Ye Won']",사랑이라 말해요
60,Taxi Driver Season 2,SBS ViuTV,['Lee Dan'],['Oh Sang Ho'],2023-02-17,2023-04-15,"Friday, Saturday",2023,16,262.0,"Despite disbanding after Do Gi's successful revenge, the Rainbow Deluxe Taxi crew, including Seong Cheol, Go Eun, Gyeong Gu, and Jin Eon, can't resist the call to reunite with their former leader. Though each attempts to live a regular life with a typical job, their innate desire to fight against injustice draws them back to one another. The group even welcomes a new member, a kind-hearted but clumsy young man named On Ha Jun, who stumbles upon the secret basement of Rainbow Taxi.Now fighting for more clients than ever before, the crew continues to battle on behalf of those wronged by an unequal society. However, their work draws the attention of a mysterious organization, which makes its presence known by killing one of Do Gi's targets before disappearing without a trace. As they try to uncover the organization's identity and motives, the Rainbow Taxi crew faces their toughest challenge yet.(Source: Viu; edited by CK Warrior at MyDramaList)~~ Adapted from the webtoon ""The Deluxe Taxi"" (모범택시) by Carlos (까를로스) and Keukeu Jae Jin (크크재진).","['Kim Eui Sung', 'Lee Je Hoon', 'Pyo Ye Jin']",모범택시2
61,Big Bet Season 2,Disney+ Hulu,['Nam Ki Hoon'],,2023-02-15,2023-03-22,Wednesday,2023,8,450.0,"Cha Moo Sik is the primary suspect in a ten-billion-dollar heist and two killings, hence getting imprisoned and deported to his home country, South Korea. He returns to the Philippines a year later in an attempt to seek vengeance on those who wrongfully accused him. In answer to his enquiries concerning the deaths of Philip and So Jung, as well as Chairman Min's death, he places one last bet on his life. (Source: Maeil Business Newspaper, edited by Krystale Mitaesa)~~ Co-production with the U.S.A.","['Son Suk Ku', 'Choi Min Shik', 'Lee Dong Hwi']",카지노 시즌2
62,The Heavenly Idol,TVING tvN,['Lee So Yoon'],['Lee Chun Geum'],2023-02-15,2023-03-23,"Wednesday, Thursday",2023,12,350.0,"Pontifex Rembrary, a character known for his divine powers, gets transported to a new world while fighting a devil. He possesses the body of Woo Yeon Woo, a member of an unpopular idol group, and helps turn the group's fortunes around after a disastrous live performance. With his charisma and divine powers, he becomes popular among fans but faces challenges from his past, contending with strange religious groups and the devil. (Source: CK Warrior at  MyDramaList)~~ Adapted from the web novel ""Holy Idol"" (성스러운 아이돌) by Sin Hwa Jin (신화진).","['Kim Min Gue', 'Go Bo Gyeol', 'Lee Jang Woo']",성스러운 아이돌
63,Love to Hate You,Netflix,['Kim Jung Kwon'],"['Choi Soo Young', 'Choi Soo Young']","Feb 10, 2023","Feb 10, 2023",Friday,2023,10,312.0,"Yeo Mi Ran works as a novice lawyer at Gilmu Law Firm, a company that primarily serves the entertainment industry. She has no interest in pursuing a romantic relationship and detests losing to men in any competition.Nam Kang Ho, a renowned actor in the entertainment industry, is widely popular in South Korea owing to his good looks, intellect, and benevolent nature. While he is in high demand for romantic movie roles, he doesn't have much faith in women.Despite their shared disbelief in love, Yeo Mi Ran and Nam Kang Ho find themselves engaged in a romantic battle.(Source: MyDramaList)","['Go Won Hee', 'Kim Ok Bin', 'Yoo Teo', 'Kim Ji Hoon']",연애대전
64,Our Blooming Youth,TVING tvN,['Lee Jong Jae'],['Jung Hyun Jung'],2023-02-06,2023-04-11,"Monday, Tuesday",2023,20,240.0,"Min Jae Yi, a gentle and poised daughter of a prominent family, is engaged to the son of a powerful State Councillor. Devoting herself to learning everything she needs to know to become a good wife and mother, Jae Yi dutifully prepares for the future. Sadly, destiny has other plans for her future.Just days before her wedding, tragedy strikes when her family is brutally murdered, and Jae Yi is falsely accused of the crime. Amidst the turmoil, she crosses paths with the cursed crown prince, Lee Hwan, who agrees to help her in exchange for her assistance in breaking his curse. As they navigate their challenges together, Jae Yi and Lee Hwan begin to develop unexpected feelings for each other. But their love faces countless obstacles, including their pasts, their uncertain futures, and the threat of the curse. Can they overcome these challenges and find a way to be together? (Source: CK Warrior at MyDramaList)~~ Adapted from the novel ""The Golden Hairpin"" (簪中录) by Ce Ce Qing Han (侧侧轻寒).","['Pyo Ye Jin', 'Park Hyung Sik', 'Jeon So Nee', 'Yoon Jong Seok', 'Lee Tae Sun', 'Heo Won Seo']",청춘월담
65,Decoy: Part 1,,['Kim Hong Seon'],['Kim Jin Wook'],2023-01-27,2023-02-10,Friday,2023,6,660.0,"Eight years ago, Noh Sang Cheon, the mastermind of a financial fraud scheme that duped tens of thousands of South Korean victims into investing billions of dollars' worth of their savings into a bogus project, went on the run. He attempted to evade the law by escaping to China and the nation was rocked when news of his death broke. Now, almost a decade later, a justice-loving police detective named Goo Do Han makes a startling discovery. In the course of investigating a domestic murder case, Goo Do Han finds evidence implicating Noh Sang Cheon as a suspect. How could it be that this fraudster—thought to have died years ago—is linked to the case? It falls to Goo Do Han to try to determine if Noh Sang Cheon is actually dead or not. If he is dead, who could the real murderer be? If not, where was Noh Sang Cheon hiding all this time? As the detective continues to investigate, he begins to wonder if there might be a link between the fraud of eight years ago and the mysterious murder. (Source: Viki)","['Jang Geun Suk', 'Heo Sung Tae', 'Lee Elijah']",미끼 파트1
66,Kokdu: Season of Deity,MBC,"['Baek Soo Chan', 'Kim Ji Hoon']","['Heo Joon Woo', 'Kang Yi Hun']",2023-01-27,2023-03-24,"Friday, Saturday",2023,16,300.0,"Kkok Du, once a mortal man in ancient Korea, has been transformed into an immortal reaper who visits the mortal world every 99 years to punish humanity for their weaknesses. Over time, Kkok Du has developed a ruthless and merciless nature, leading him to despise humans. During his latest visit, Kkok Du takes over the body of a talented young doctor named Do Jin Woo.However, Kkok Du's task becomes complicated as he is forced to carry out Jin Woo's medical duties. Through this unexpected circumstance, Kkok Du meets Han Gye Jeol, a doctor who graduated from a low-ranking medical school. Despite her background, Kkok Du discovers that Gye Jeol possesses mysterious powers that seem to have an enchanting effect on him. Could their fate be connected from a past life, and why does she hold this power over him?As Kkok Du struggles to complete his mission, he finds himself increasingly drawn to Gye Jeol, leaving him with a dilemma: follow his duty or risk it all for love.(Source: Viki; edited by CK Warrior at MyDramaList)","['Kim Jung Hyun', 'Im Soo Hyang', 'Kim Da Som', 'Ahn Woo Yeon']",꼭두의 계절
67,Our D-Day,,['Baek Min Hee'],,2023-01-26,2023-02-10,"Thursday, Friday",2023,6,170.0,"Kim Moo Young, Heo Won Ho and Baek Ji Soo have been friends since high school. Now in their 30s, each of them is struggling in their own way. Moo Young works at a dead end job in a convenience store. Won Ho gave up his dream of writing music to work in an advertising agency. Meanwhile, Ji Soo is an aspiring movie director. Moo Young had a crush on Woori in high school.One day, Moo Young's friends, who have no concept of personal space, decide that they should go on a road trip together. Unbeknownst to his friends, Moo Young who is struggling with depression has been planning to commit suicide.","['Shon Min Ho', 'Shin Yeon Suh', 'Jung Jun Hwan', 'Yun Ha Bin']",우리의 디데이
68,Individual Circumstances,,['Kim Jin Yeol'],['Kim Hwa Joon'],2023-01-19,2023-02-09,Thursday,2023,8,128.0,"Ha Yeon Woo was once the toast of Chungmuro – Seoul, South Korea’s answer to America’s Hollywood. As a maverick young movie director, his debut film was a massive hit for both filmgoers and critics alike. But after this auspicious start, he fell into a lengthy slump. He is now listless and unsure if he is really cut out to be a top movie director after all.One day, he meets Sung Woo Jae, a famous fiction writer who he once knew – but has not spoken to for some time. Sung Woo Jae also has demons, however. His first love ended in sadness, and he took solace in his writing, eventually going on to become a prolific web-based novel author. Their meeting ignites a passionate romance that burns as bright as the flames of war. Will this relationship heal Sung Woo Jae’s wounds – and lift Ha Yeon Woo out of his slump?(Source: Viki)","['Jun.Q', 'Han Jung Wan']",각자의사정
69,Strangers Again,ENA Genie TV Viki,['Son Jae Gon'],['Park Jin Ri'],2023-01-18,2023-02-23,"Wednesday, Thursday",2023,12,350.0,"Oh Ha Ra is a hotshot divorce lawyer whose nickname in legal circles is “the “goddess of litigation.” One of the reasons she is such a dab hand at divorce proceedings, perhaps, is the fact that she has divorced her long-time lover and fellow lawyer Goo Eun Beom. But her relatively uneventful life is turned upside down when she is unexpectedly reunited with her ex-husband – in the law courts!The duo is forced to work together – leading them to butt heads and reignite past grievances. While their professionalism prevents them from telling each other what they really think in public, tempers begin to fray...and risk boiling over. The tense atmosphere is not relieved in the slightest by fellow divorce lawyers Kang Bi Chwi and Kwon Si Wook, another pair of advocates who always seem to get under one another’s skin! Will Cupid rescue this group of lawyers – or will chaos break loose in the courtroom?(Source: Viki)","['Kang So Ra', 'Jang Seung Jo']",남이 될 수 있을까?
70,We Only See Each Other at Night,,,,2023-01-16,2023-04-16,,2023,12,40.0,,"['Kim Dae Kyung', 'Kim Bong Bang']",밤에만 보는 사이
71,Crash Course in Romance,Netflix tvN,['Yoo Je Won'],['Yang Hee Seung'],2023-01-14,2023-03-05,"Saturday, Sunday",2023,16,281.0,"After retiring from her career as a national athlete, Nam Haeng Sun now owns a humble side dish store. Her cheerful personality and boundless energy catch the attention of Choi Chi Yeol, a popular and hardworking private instructor known as the ""1 Billion Won Man."" Despite his reputation, Choi Chi Yeol has become increasingly aloof and irritable due to his growing success.As Nam Haeng Sun embarks on a new career in the private education field, she unexpectedly finds herself drawn to Choi Chi Yeol. Though they have very different teaching styles, their shared passion for education brings them closer together. As they work alongside each other, they begin to discover a deeper connection that blossoms into a romance.However, their relationship is not without challenges. As they navigate the ups and downs of their personal and professional lives, they must learn to confront their own shortcomings and trust in each other's strengths. Will their love be enough to overcome the obstacles in their path?(Source: CK Warrior at MyDramaList)","['Jeon Do Yeon', 'Jung Kyung Ho']",일타 스캔들
72,"Poong, the Joseon Psychiatrist Season 2",tvN,"['Park Won Gook', 'Kang Hee Ju']",['Lee Bom'],2023-01-11,2023-02-09,"Wednesday, Thursday",2023,10,450.0,"Once a royal physician, Yoo Se Poong was ousted from the palace after his involvement in a conspiracy surrounding the royal family. With nowhere else to go, Se Poong eventually found himself in the strange yet beautiful village of Gyesu. It was there he met Seo Eun Woo and Gye Ji Han and his life was changed forever.With the help of his new friends, Se Poong began to grow as both a physician and a human. Learning how to not only treat the body but also the heart and minds of his patients, Se Poong successfully fulfilled his mission to become a true doctor. Or so he thought. With new patients and new challenges before him, Se Poong must once again set out on a quest to better both himself and the lives of those around him.Using his unorthodox methods to treat his patients, both mentally and physically, will Se Poong’s new adventures lead him to an even deeper understanding of both the heart and the mind?(Source: Viki)~~ Adapted from the novel ""Joseon Psychiatrist Yoo Se Pung"" (조선 정신과 의사 유세풍) by Lee Eun So (이은소).","['Kim Min Jae', 'Kim Hyang Gi', 'Kim Sang Kyung', 'Kang Young Seok', 'Woo Da Vi']",조선 정신과 의사 유세풍 시즌 2
73,Agency,jTBC,['Lee Chang Min'],['Song Soo Han'],2023-01-07,2023-02-26,"Saturday, Sunday",2023,16,244.0,"An office drama depicting a woman who became the first female executive in her group to make her career beyond her first to the highest position.In the background of an advertising agency, it contains realistic stories of the daily lives of those who live a life like war and behind the scenes in the industry.(Source: Korean = Naver || Translation = MyDramaList) ","['Lee Bo Young', 'Jo Sung Ha', 'Son Na Eun', 'Han Joon Woo', 'Jeon Hye Jin']",대행사
74,Payback: Money and Power,Amazon Prime SBS,['Lee Won Tae'],['Kim Won Seok'],2023-01-06,2023-02-11,"Friday, Saturday",2023,12,350.0,"“Payback” follows the revenge story of a group of people—including Eun Yong, a money trader—who refuses to remain silent in the face of unjust authorities and fight against a cartel conspiring with the law. (Source: nme.com; edited by MyDramaList) ","['Kang Yoo Seok', 'Lee Sun Kyun', 'Moon Chae Won', 'Park Hoon']",법쩐
75,Brain Works,KBS2,['Lee Jin Seo'],['Park Kyung Soon'],2023-01-02,2023-02-28,"Monday, Tuesday",2023,16,262.0,"Shin Ha Ru works as a neuroscientist. He comes from a family that has had doctors for 3 generations and he is wealthy from inherited property. Shin Ha Ru is a confident person who acts and speaks according to his convictions, but he has no mercy for people he views as scum.Geum Myung Se works as a detective. He acts and speaks surly around people, which causes people unfamiliar with him to assume he might be a corrupt cop. In reality, Geum Myung Se is a kind and righteous detective. He was also once married to Kim Mo Ran. She has a particularly strong libido.Shin Ha Ru and Geum Myung Se solve criminal cases together with help of Hypnotic Investigator Seol So Jung.(Source: Asianwiki)","['Ye Ji Won', 'Jung Yong Hwa', 'Cha Tae Hyun', 'Kwak Sun Young']",두뇌공조
