eng_name,drama_num,kor_name,gender,birth,drama_cnt_naver,debut,play_actor,singer,child_actor
Jung Hae In,7,정해인,0.0,1986-12-07,18,2013.0,0.0,0.0,0.0
Koo Kyo Hwan,3,구교환,0.0,1986-12-07,9,2006.0,1.0,0.0,0.0
Kim Sung Kyun,6,김성균,0.0,1986-12-07,12,2001.0,1.0,0.0,0.0
Son Suk Ku,7,손석구,0.0,1986-12-07,13,2011.0,1.0,0.0,0.0
Lee Sung Min,6,이성민,0.0,1986-12-07,31,1987.0,1.0,0.0,0.0
Jung Jin Young,12,정진영,0.0,1986-12-07,19,1988.0,1.0,0.0,0.0
Kyung Soo Jin,8,경수진,1.0,1986-12-07,24,2012.0,0.0,0.0,0.0
Lee Hak Joo,4,이학주,0.0,1986-12-07,19,2012.0,0.0,0.0,0.0
Kim Shin Rok,2,김신록,1.0,1986-12-07,10,2004.0,1.0,0.0,0.0
Park Gyu Young,3,박규영,1.0,1986-12-07,16,2016.0,0.0,0.0,0.0
Kang Min Hyuk,5,강민혁,0.0,1986-12-07,17,2010.0,0.0,1.0,0.0
Lee Chung Ah,6,이청아,1.0,1986-12-07,29,2002.0,0.0,0.0,0.0
Lee Dong Gun,7,이동건,0.0,1986-12-07,26,1998.0,0.0,1.0,0.0
Jeon Hyo Sung,2,전효성,1.0,1986-12-07,27,2005.0,0.0,1.0,0.0
Kim Myung Soo,7,엘,0.0,1986-12-07,18,2010.0,0.0,1.0,0.0
Choi Jin Hyuk,7,최진혁,0.0,1986-12-07,27,2006.0,0.0,0.0,0.0
Choi Min Soo,5,최민수,0.0,1986-12-07,28,1985.0,1.0,0.0,0.0
Yeonwoo,5,연우,1.0,1986-12-07,14,2016.0,0.0,1.0,0.0
Kim Yoo Ri,3,김유리,1.0,1986-12-07,15,2006.0,0.0,0.0,0.0
Kim Tae Ri,3,김태리,1.0,1986-12-07,3,2012.0,1.0,0.0,0.0
Oh Jung Se,7,오정세,0.0,1986-12-07,31,1997.0,0.0,0.0,0.0
Hong Kyung,1,홍경,0.0,1986-12-07,11,2017.0,0.0,0.0,0.0
Kim Tae Hee,3,김태희,1.0,1986-12-07,15,2000.0,0.0,0.0,
Im Ji Yeon,8,임지연,1.0,1986-12-07,13,2011.0,0.0,0.0,
Kim Sung Oh,3,김성오,0.0,1986-12-07,29,2000.0,1.0,0.0,
Choi Jae Rim,1,최재림,0.0,1986-12-07,4,2009.0,1.0,0.0,
Lee Jun Ho,6,이준호,0.0,1986-12-07,15,2008.0,0.0,1.0,
Im Yoon Ah,5,임윤아,1.0,1986-12-07,20,2007.0,0.0,1.0,
Shin Hye Sun,8,신혜선,1.0,1986-12-07,17,2012.0,0.0,0.0,
Ahn Bo Hyun,7,안보현,0.0,1986-12-07,19,2007.0,0.0,0.0,
Ha Yoon Kyung,1,하윤경,1.0,1986-12-07,7,2015.0,1.0,0.0,
Ahn Dong Goo,1,안동구,0.0,1986-12-07,8,2019.0,0.0,0.0,
Woo Do Hwan,7,우도환,0.0,1986-12-07,9,2011.0,0.0,0.0,
Lee Sang Yi,3,이상이,0.0,1986-12-07,16,2014.0,1.0,0.0,
Heo Joon Ho,7,허준호,0.0,1986-12-07,31,1986.0,0.0,0.0,
Park Sung Woong,9,박성웅,0.0,1986-12-07,33,1997.0,0.0,0.0,
Cha Sun Woo,3,차선우,0.0,1986-12-07,18,2011.0,0.0,1.0,
Ha Seung Ri,2,하승리,1.0,1986-12-07,30,1999.0,0.0,0.0,1.0
Choi Yoo Jung,2,최유정,1.0,1986-12-07,14,2016.0,0.0,1.0,
Kim Jong Hyeon,2,김종현,0.0,1986-12-07,14,2012.0,0.0,1.0,
Lee Eun Saem,1,이은샘,1.0,1986-12-07,12,2007.0,0.0,0.0,1.0
Yeri,2,예리,1.0,1986-12-07,10,2015.0,0.0,1.0,
Lee Jong Hyuk,6,이종혁,0.0,1986-12-07,6,2021.0,0.0,0.0,
Yoo Jung Hoo,2,유정후,0.0,1986-12-07,4,2022.0,0.0,0.0,
Lee El,4,이엘,1.0,1986-12-07,22,2009.0,0.0,0.0,
Jin Seo Yun,3,진서연,1.0,1986-12-07,12,2001.0,0.0,0.0,
Cha Ye Ryun,5,차예련,1.0,1986-12-07,21,2005.0,0.0,0.0,
Woo Jeong Won,1,우정원,1.0,1986-12-07,15,2007.0,1.0,0.0,
Chun Woo Hee,3,천우희,1.0,1986-12-07,6,2004.0,0.0,0.0,
Kim Dong Wook,9,김동욱,0.0,1986-12-07,19,,,,
Yoon Park,11,"윤박
",0.0,1986-12-07,34,,,,
Park So Jin,3,박소진,1.0,1986-12-07,30,,,,
Lee Dong Hae,1,이동해,0.0,1986-12-07,20,,,,
Lee Min Jae,1,이민재,0.0,1986-12-07,13,,,,
Jung Woo Yeon,2,정우연,1.0,1986-12-07,10,,,,
Kim Woo Bin,2,김우빈,0.0,1986-12-07,14,,,,
Song Seung Heon,7,송승헌,0.0,1986-12-07,22,,,,
Kang Yoo Seok,3,강유석,0.0,1986-12-07,9,,,,
Esom,5,이솜,1.0,1986-12-07,10,,,,
Lee Yun Hee,6,이연희,1.0,1986-12-07,18,,,,
Hong Jong Hyun,5,홍종현,0.0,1986-12-07,33,,,,
Moon So Ri,4,문소리,1.0,1986-12-07,14,,,,
U-Know,3,유노윤호,0.0,1986-12-07,13,,0.0,1.0,0.0
Lee Hyun Joo,2,이현주,1.0,1986-12-07,7,2015.0,0.0,1.0,0.0
Lee Dong Wook,8,이동욱,0.0,1986-12-07,36,,,,
Kim So Yeon,8,김소연,1.0,1986-12-07,34,,,,
Kim Bum,6,김범,0.0,1986-12-07,19,2006.0,0.0,0.0,1.0
Ryu Kyung Soo,2,류경수,0.0,1986-12-07,7,,,,
Oh Se Hun,2,오세훈,0.0,1986-12-07,13,,,,
Jang Yeo Bin,1,장여빈,1.0,1986-12-07,3,2017.0,0.0,0.0,0.0
Jo Joon Young,1,조준영,0.0,1986-12-07,4,,,,
Jin Ki Joo,5,진기주,1.0,1986-12-07,11,,,,
Han Seok Kyu,4,한석규,0.0,1986-12-07,14,,,,
Lee Sung Kyung,9,이성경,1.0,1986-12-07,11,,,,
Ahn Hyo Seop,6,한소희,1.0,1986-12-07,11,,,,
Kim Joo Heon,5,김주헌,0.0,1986-12-07,14,,,,
Ra Mi Ran,6,라미란,1.0,1986-12-07,32,,,,
Lee Do Hyun,7,이도현,0.0,1986-12-07,12,,,,
Ahn Eun Jin,3,안은진,1.0,1986-12-07,14,,,,
Yoo In Soo,1,유인수,0.0,1986-12-07,13,,,,
Kim Sun Ah,7,김선아,1.0,1986-12-07,21,,,,
Oh Yoon Ah,6,오윤아,1.0,1986-12-07,41,,,,
Shin Eun Jung,1,신은정,1.0,1986-12-07,35,,,,
Jang Hyuk,10,장혁,0.0,1986-12-07,42,,,,
Jang Na Ra,8,장나라,1.0,1986-12-07,25,,,,
Chae Jung An,7,채정안,1.0,1986-12-07,33,,,,
Kim Nam Hee,2,김남희,0.0,1986-12-07,12,,,,
Uhm Jung Hwa,3,엄정화,1.0,1986-12-07,19,,,,
Kim Byung Chul,4,김병철,0.0,1986-12-07,14,,,,
Myung Se Bin,3,명세빈,1.0,1986-12-07,22,,,,
Min Woo Hyuk,2,민우혁,0.0,1986-12-07,11,,,,
Kim Hee Ae,4,김희애,1.0,1986-12-07,35,,,,
Kim Jae Won,5,김재원,0.0,1986-12-07,24,2001.0,,,
Jo Han Chul,1,조한철,0.0,1986-12-07,36,,,,
Joo Won,4,주원,0.0,1986-12-07,14,2006.0,0.0,0.0,0.0
Lee Joo Woo,2,이주우,1.0,1986-12-07,11,,,,
Choi Hwa Jung,1,최화정,1.0,1986-12-07,38,,,,
Lee Deok Hwa,3,이덕화,0.0,1986-12-07,79,,,,
Yoo In Na,6,유인나,1.0,1986-12-07,33,,,,
Yoon Hyun Min,10,윤현민,0.0,1986-12-07,19,,,,
Joo Sang Wook,8,주상욱,0.0,1986-12-07,35,1998.0,,0.0,0.0
Hwang Chan Sung,2,황찬성,0.0,1986-12-07,24,,,,
Kim Seo Hyung,4,김서형,1.0,1986-12-07,21,,,,
Seo Young Hee,1,서영희,1.0,1986-12-07,21,,,,
Lee Shi Woo,1,이시우,0.0,1986-12-07,6,2007.0,0.0,0.0,0.0
Bona,4,보나,1.0,1986-12-07,7,,,1.0,
Cha Hak Yeon,4,차학연,0.0,1986-12-07,23,,,1.0,
Shin Hyun Soo,4,신현수,0.0,1986-12-07,14,,,,
Lee Soon Won,1,이순원,0.0,1986-12-07,12,,,,
Shin Ye Eun,5,신예은,1.0,1986-12-07,14,,,,
Ryeoun,2,려운,0.0,1986-12-07,13,,,,
Kang Hoon,4,강훈,0.0,1986-12-07,12,,,,
Jung Gun Joo,5,정건주,0.0,1986-12-07,10,,,,
Cha Seo Won,3,차서원,0.0,1986-12-07,10,,,,
Gongchan,1,공찬,0.0,1986-12-07,15,,,1.0,
Shin Go Eun,2,신고은,1.0,1986-12-07,8,,,,
Choi Yoon Young,3,최윤영,1.0,1986-12-07,21,,,,
Lee Chae Young,2,이채영,1.0,1986-12-07,29,,,,
Lee Sun Ho,2,이선호,0.0,1986-12-07,20,,,,
Han Ki Woong,2,한기웅,0.0,1986-12-07,11,,,,
Lee Eun Hyung,4,이은형,0.0,1986-12-07,13,,,,
Lee Ji Ah,5,이지아,1.0,1986-12-07,18,,,,
Lee Sang Yoon,7,이상윤,0.0,1986-12-07,23,,,,
Jang Hee Jin,5,장희진,1.0,1986-12-07,35,,,,
Park Ki Woong,4,박기웅,0.0,1986-12-07,26,,,,
Bong Tae Kyu,3,봉태규,0.0,1986-12-07,38,,,,
Song Hye Kyo,5,송혜교,1.0,1986-12-07,18,1996.0,,0.0,0.0
Yeom Hye Ran,3,염혜란,1.0,1986-12-07,18,,,,
Park Sung Hoon,5,박성훈,0.0,1986-12-07,21,,,,
Jung Sung Il,2,정성일,0.0,1986-12-07,10,,,,
Jang Dong Yoon,7,장동윤,0.0,1986-12-07,15,2016.0,,0.0,0.0
Seol In Ah,4,설인아,1.0,1986-12-07,15,,,,
Choo Young Woo,3,추영우,0.0,1986-12-07,7,,,,
Cho Seung Woo,5,조승우,0.0,1986-12-07,8,,,,
Han Hye Jin,2,한혜진,1.0,1986-12-07,25,,0.0,0.0,1.0
Jung Moon Sung,4,정문성,0.0,1986-12-07,22,,,,
Yoon Chan Young,2,윤찬영,0.0,1986-12-07,17,2013.0,0.0,0.0,1.0
Bang Min Ah,3,방민아,1.0,1986-12-07,13,2010.0,0.0,1.0,0.0
Kim Min Seok,3,김민석,0.0,1986-12-07,21,2012.0,0.0,0.0,0.0
Kim Nam Gil,5,김남길,0.0,1986-12-07,21,,0.0,0.0,0.0
Lee Da Hee,7,이다희,1.0,1986-12-07,28,,,,
Cha Eun Woo,6,차은우,0.0,1986-12-07,18,,0.0,1.0,1.0
Sung Joon,6,성준,0.0,1986-12-07,17,2011.0,0.0,0.0,0.0
Kim Young Kwang,9,김영광,0.0,1986-12-07,30,,,,
Ahn Hee Yeon,3,안희연,1.0,1986-12-07,25,,,1.0,0.0
Kim Ye Won,3,김예원,1.0,1986-12-07,29,2008.0,0.0,0.0,0.0
Kim Eui Sung,3,김의성,0.0,1986-12-07,13,,,,
Lee Je Hoon,6,이제훈,0.0,1986-12-07,11,,,,
Pyo Ye Jin,5,표예진,1.0,1986-12-07,14,,,,
Choi Min Shik,2,최민식,0.0,1986-12-07,14,,,,
Lee Dong Hwi,6,이동휘,0.0,1986-12-07,13,,,,
Kim Min Gue,5,김민규,0.0,1986-12-07,18,,,,
Go Bo Gyeol,2,고보결,1.0,1986-12-07,17,,,,
Lee Jang Woo,4,이장우,0.0,1986-12-07,22,,,,
Go Won Hee,11,고원희,1.0,1986-12-07,19,,,,
Kim Ok Bin,6,김옥빈,1.0,1986-12-07,12,,,,
Yoo Teo,1,유태오,0.0,1986-12-07,9,,,,
Kim Ji Hoon,7,김지훈,0.0,1986-12-07,35,,,,
Park Hyung Sik,6,박형식,0.0,1986-12-07,21,,,1.0,
Jeon So Nee,3,전소니,1.0,1986-12-07,5,,,,
Yoon Jong Seok,1,윤종석,0.0,1986-12-07,9,,,,
Lee Tae Sun,2,이태선,0.0,1986-12-07,10,,,,
Heo Won Seo,1,허원서,0.0,1986-12-07,4,,,,
Kim Jung Hyun,7,김정현,0.0,1986-12-07,11,,,,
Im Soo Hyang,8,임수향,1.0,1986-12-07,21,,,,
Kim Da Som,5,김다솜,1.0,1986-12-07,9,,,,
Ahn Woo Yeon,3,안우연,0.0,1986-12-07,19,,,,
Kang So Ra,4,강소라,1.0,1986-12-07,13,,,,
Jang Seung Jo,9,장승조,0.0,1986-12-07,16,,,,
Jeon Do Yeon,3,전도연,1.0,1986-12-07,17,,,,
Jung Kyung Ho,9,정경호,0.0,1986-12-07,23,,,,
Kim Min Jae,8,김민재,0.0,1986-12-07,20,2015.0,0.0,0.0,0.0
Kim Hyang Gi,4,김향기,1.0,1986-12-07,13,,,,
Kim Sang Kyung,6,김상경,0.0,1986-12-07,22,,,,
Kang Young Seok,1,강영석,0.0,1986-12-07,10,,,,
Woo Da Vi,2,우다비,1.0,1986-12-07,8,,,,
Lee Bo Young,5,이보영,1.0,1986-12-07,26,,,,
Jo Sung Ha,5,조성하,0.0,1986-12-07,28,,,,
Son Na Eun,4,손나은,1.0,1986-12-07,15,,,1.0,
Han Joon Woo,2,한준우,0.0,1986-12-07,11,,,,
Jeon Hye Jin,4,전혜진,1.0,1986-12-07,7,,,,
Lee Sun Kyun,4,이선균,0.0,1986-12-07,22,,,,
Moon Chae Won,5,문채원,1.0,1986-12-07,14,,,,
Park Hoon,4,박훈,0.0,1986-12-07,Notfound,,,,
Ye Ji Won,6,예지원,1.0,1986-12-07,34,,,,
Jung Yong Hwa,3,정용화,0.0,1986-12-07,17,,,1.0,
Cha Tae Hyun,6,차태현,0.0,1986-12-07,37,,,,
Kwak Sun Young,4,곽선영,1.0,1986-12-07,10,,,,
Chae Soo Bin,10,채수빈,1.0,1986-12-07,14,,,,
Choi Min Ho,3,최민호,0.0,1986-12-07,Notfound,,,,
Lee Sang Woon,1,이상운,0.0,1986-12-07,Notfound,,,,
Park Hee Jung,1,박희정,1.0,1986-12-07,1,,,,
Yoo Yeon Seok,7,유연석,0.0,1986-12-07,25,,,,
Mun Ka Young,6,문가영,1.0,1986-12-07,30,,,,
Geum Sae Rok,4,금새록,1.0,1986-12-07,7,,,,
Jung Ga Ram,3,정가람,0.0,1986-12-07,10,,,,
Kim Hyun Joo,7,김현주,1.0,1986-12-07,32,,,,
Park Hee Soon,5,박희순,0.0,1986-12-07,11,,,,
Kim Mu Yeol,5,김무열,0.0,1986-12-07,15,,,,
Jung Soo Bin,2,정수빈,1.0,1986-12-07,Notfound,,,,
Go Soo,5,고수,0.0,1986-12-07,Notfound,,,,
Ahn So Hee,3,안소희,1.0,1986-12-07,10,,,1.0,
Ha Joon,7,하준,0.0,1986-12-07,Notfound,,,,
Lee Jung Eun,6,이정은,1.0,1986-12-07,29,,,,
Kim Dong Hwi,1,김동휘,0.0,1986-12-07,2,,,,
Seo Ji Hye,8,서지혜,1.0,1986-12-07,Notfound,,,,
Hong Soo Hyun,2,홍수현,1.0,1986-12-07,37,,,,
Lee Sang Woo,8,이상우,0.0,1986-12-07,23,,,,
Lee Sung Jae,4,이성재,0.0,1986-12-07,24,,,,
Park Young Woon,1,박영운,0.0,1986-12-07,5,,,,
Park Jeong Woo,1,박정우,0.0,1986-12-07,Notfound,,,,
Jang You Sung,1,장유성,0.0,1986-12-07,Notfound,,,,
Lee Jae Wook,5,이재욱,0.0,1986-12-07,9,,,,
Go Youn Jung,1,고윤정,1.0,1986-12-07,7,,,,
Hwang Min Hyun,3,황민현,0.0,1986-12-07,6,,,,
Shin Seung Ho,4,신승호,0.0,1986-12-07,9,,,,
Oh Na Ra,6,오나라,1.0,1986-12-07,34,,,,
Yoo Ji Tae,6,유지태,0.0,1986-12-07,12,,,,
Park Hae Soo,6,박해수,0.0,1986-12-07,9,,,,
Jeon Jong Seo,3,전종서,1.0,1986-12-07,3,,,,
Lee Won Jong,3,이원종,0.0,1986-12-07,64,,,,
Jang Yoon Ju,2,장윤주,1.0,1986-12-07,24,,,,
Kim Woo Seok,4,김우석,0.0,1986-12-07,9,,0.0,1.0,0.0
Kim Young Dae,4,김영대,0.0,1986-12-07,15,,,,
Park Ju Hyun,5,박주현,1.0,1986-12-07,8,,,,
Lee Sun Bin,6,이선빈,1.0,1986-12-07,16,,,,
Han Sun Hwa,6,한선화,1.0,1986-12-07,25,,,,
Jung Eun Ji,4,정은지,1.0,1986-12-07,25,,,,
Choi Si Won,6,최시원,0.0,1986-12-07,32,,,,
Chae Jong Hyeop,5,채종협,0.0,1986-12-07,Notfound,,,,
Seo Eun Soo,5,서은수,1.0,1986-12-07,11,,,,
Kim Seol Hyun,5,김설현,1.0,1986-12-07,10,,,,
Yim Si Wan,6,임시완,0.0,1986-12-07,20,,,,
Shin Eun Soo,3,신은수,1.0,1986-12-07,11,,,,
a.mond,1,방재민,0.0,1986-12-07,3,,,,
Oh Yu Jin,1,오유진,1.0,1986-12-07,4,,,,
Bae Hyeon Jun,1,배현준,0.0,1986-12-07,Notfound,,,,
Kim Sun Bin,1,김선빈,0.0,1986-12-07,Notfound,,,,
Yoon Ye Joo,2,윤예주,1.0,1986-12-07,Notfound,,,,
Lee Ha Min,1,이하민,0.0,1986-12-07,Notfound,,,,
Song Joong Ki,6,송중기,0.0,1986-12-07,20,,,,
Shin Hyun Bin,5,신현빈,1.0,1986-12-07,13,,,,
Kim Yong Ji,1,김용지,1.0,1986-12-07,7,,,,
Kang Hae Lim,1,강해림,1.0,1986-12-07,2,,,,
Kim Su Yeon,1,김수연,1.0,1986-12-07,Notfound,,,,
NC.A,1,임소은,1.0,1986-12-07,8,,,,
Choi Seok Won,1,최석원,0.0,1986-12-07,Notfound,,,,
Kim Rae Won,4,김래원,0.0,1986-12-07,20,,,,
Son Ho Jun,6,손호준,0.0,1986-12-07,30,,,,
Gong Seung Yeon,8,공승연,1.0,1986-12-07,20,,,,
Lomon,2,로몬,0.0,1986-12-07,Notfound,,,,
Seo Ji Hoon,7,서지훈,0.0,1986-12-07,15,,,,
Chae Sang Woo,1,채상우,0.0,1986-12-07,19,,,,
Lee Soo Min,2,이수민,1.0,1986-12-07,18,,,,
Seo Hyun Woo,2,서현우,0.0,1986-12-07,8,,,,
Lee Seo Jin,5,이서진,0.0,1986-12-07,35,,,,
Joo Hyun Young,1,주현영,1.0,1986-12-07,14,,,,
Go Doo Shim,5,고두심,1.0,1986-12-07,84,,,,
Kang Ha Neul,4,강하늘,0.0,1986-12-07,18,,,,
Ha Ji Won,5,하지원,1.0,1986-12-07,18,,,,
Jin Seon Kyu,2,진선규,0.0,1986-12-07,15,,,,
Chang Ryul,1,장률,0.0,1986-12-07,Notfound,,,,
Jin Goo,6,진구,0.0,1986-12-07,Notfound,,,,
Nana,8,나나,1.0,1986-12-07,Notfound,,,,
Yoon Hyun Suk,1,윤현석,0.0,1986-12-07,3,,,,
Keum Dong Hyun,1,금동현,0.0,1986-12-07,3,,,,
Ha Sun Ho,1,하선호,1.0,1986-12-07,Notfound,,,,
Won Young Wook,1,원영욱,0.0,1986-12-07,Notfound,,,,
Lee Hye Ri,8,이혜리,1.0,1986-12-07,Notfound,,,,
Lee Jun Young,8,이준영,0.0,1986-12-07,13,,,,
Ok Ja Yeon,2,옥자연,1.0,1986-12-07,12,,,,
Kim Hye Soo,4,김혜수,1.0,1986-12-07,35,,,,
Kim Hae Sook,5,김해숙,1.0,1986-12-07,97,,,,
Choi Won Young,8,최원영,0.0,1986-12-07,35,,,,
Moon Sang Min,1,문상민,0.0,1986-12-07,Notfound,,,,
Shin Ha Kyun,5,신하균,0.0,1986-12-07,12,1998.0,,0.0,0.0
Han Ji Min,6,한지민,1.0,1986-12-07,23,,,,
Jang Seo Hee,3,장서희,1.0,1986-12-07,33,,,,
Oh Chang Seok,4,오창석,0.0,1986-12-07,Notfound,,,,
Kim Gyu Seon,1,김규선,1.0,1986-12-07,13,,,,
Han Ji Wan,1,한지완,1.0,1986-12-07,Notfound,,,,
Ban Hyo Jung,1,반효정,1.0,1986-12-07,78,,,,
Lee Hyun Seok,1,이현석,0.0,1986-12-07,Notfound,,,,
Park Ha Na,6,박하나,1.0,1986-12-07,25,,,,
Kang Ji Sub,3,강지섭,0.0,1986-12-07,28,,,,
Oh Seung Ah,3,오승아,1.0,1986-12-07,16,,,,
Jeon Yeo Been,3,전여빈,1.0,1986-12-07,5,,,,
Doh Kyung Soo,2,도경수,0.0,1986-12-07,12,,,,
Lee Se Hee,2,이세희,1.0,1986-12-07,9,,,,
Han Ji Hyun,1,한지현,1.0,1986-12-07,5,,,,
Bae In Hyuk,4,배인혁,0.0,1986-12-07,12,,,,
Kim Hyun Jin,1,김현진,0.0,1986-12-07,Notfound,,,,
Jang Gyu Ri,1,장규리,1.0,1986-12-07,6,,,,
Kwak Dong Yeon,5,곽동연,0.0,1986-12-07,32,2012.0,,0.0,0.0
Go Sung Hee,7,고성희,1.0,1986-12-07,12,,,,
Bae Hyun Sung,2,배현성,0.0,1986-12-07,9,,,,
Kim Seung Soo,2,김승수,0.0,1986-12-07,Notfound,,,,
Im Joo Hwan,9,임주환,0.0,1986-12-07,23,,,,
Lee Tae Sung,4,이태성,0.0,1986-12-07,25,,,,
Kim So Eun,6,김소은,1.0,1986-12-07,29,,,,
Lee Yoo Jin,1,이유진,0.0,1986-12-07,10,,,,
Ahn Jae Wook,2,안재욱,0.0,1986-12-07,32,,,,
Lee Mi Sook,2,이미숙,1.0,1986-12-07,53,,,,
Song Young Chang,1,송영창,0.0,1986-12-07,19,,,,
Shin Goo,1,신구,0.0,1986-12-07,Notfound,,,,
Oh Hyun Kyung,2,오현경,1.0,1986-12-07,48,,,,
Kim Ji Eun,3,김지은,1.0,1986-12-07,13,,,,
Namkoong Min,11,남궁민,0.0,1986-12-07,30,,,,
Choi Dae Hoon,3,최대훈,0.0,1986-12-07,29,,,,
Park Jin Woo,4,박진우,0.0,1986-12-07,Notfound,,,,
Yook Sung Jae,5,육성재,0.0,1986-12-07,19,,,,
Lee Jong Won,4,이종원,0.0,1986-12-07,Notfound,,,,
Jung Chae Yeon,4,정채연,1.0,1986-12-07,16,,,,
Park Min Young,7,박민영,1.0,1986-12-07,24,,,,
Go Kyung Pyo,7,고경표,0.0,1986-12-07,23,,,,
Kim Jae Young,6,김재영,0.0,1986-12-07,18,,,,
Jung Ryeo Won,5,김향기,1.0,1986-12-07,13,,,,
Lee Kyu Hyung,4,이규형,0.0,1986-12-07,9,,,,
Chun Ho Jin,3,천호진,0.0,1986-12-07,55,,,,
Oh Dae Hwan,2,오대환,0.0,1986-12-07,30,,,,
Cha Hwa Yun,2,차화연,1.0,1986-12-07,52,,,,
Lee Min Jung,3,이민정,1.0,1986-12-07,19,1998.0,,0.0,0.0
Lee Sang Yeob,10,이상엽,0.0,1986-12-07,38,,,,
Jung Woo,3,정우,0.0,1986-12-07,Notfound,,,,
Lee You Mi,1,이유미,1.0,1986-12-07,13,,,,
Kwon Yool,7,권율,0.0,1986-12-07,Notfound,,,,
Park Se Young,5,박세영,1.0,1986-12-07,17,,,,
Moon You Kang,1,문유강,0.0,1986-12-07,7,,,,
Ha Jung Woo,1,하정우,0.0,1986-12-07,6,,,,
Hwang Jung Min,2,황정민,0.0,1986-12-07,4,,,,
Lee Seung Gi,4,이승기,0.0,1986-12-07,38,,,,
Lee Se Young,9,이세영,1.0,1986-12-07,29,,,,
Kim Go Eun,6,김고은,1.0,1986-12-07,9,,,,
Nam Ji Hyun,6,남지현,1.0,1986-12-07,26,,,,
Park Ji Hu,2,박지후,1.0,1986-12-07,4,,,,
Wi Ha Joon,4,위하준,0.0,1986-12-07,12,,,,
Jung Il Woo,6,정일우,0.0,1986-12-07,19,,,,
Kwon Yu Ri,9,권유리,1.0,1986-12-07,35,2007.0,,1.0,0.0
Han Ji Eun,5,한지은,1.0,1986-12-07,9,,,,
Jang Gwang,2,장광,0.0,1986-12-07,Notfound,,,,
Kim Sun Young,1,김선영,1.0,1986-12-07,Notfound,,,,
Yoon Jin Seo,4,윤진서,1.0,1986-12-07,13,,,,
Park Ji Yeon,5,박지연,1.0,1986-12-07,9,,,,
Choi Soo Young,6,최수영,1.0,1986-12-07,25,,,,
Sung Dong Il,5,성동일,0.0,1986-12-07,63,,,,
Ji Chang Wook,7,지창욱,0.0,1986-12-07,22,,,,
Choi Daniel,4,최다니,0.0,1986-12-07,Notfound,,,,
Son Hyun Joo,6,손현주,0.0,1986-12-07,54,,,,
Kim Hyo Jin,3,김효진,1.0,1986-12-07,17,,,,
Kim Se Jeong,5,김세정,1.0,1986-12-07,17,,,,
Nam Yoon Su,3,남윤수,0.0,1986-12-07,10,,,,
Lee Jong Suk,5,이종석,0.0,1986-12-07,Notfound,,,,
Ji Sung,7,지성,0.0,1986-12-07,Notfound,,,,
Lee Soo Kyung,6,이수경,1.0,1986-12-07,Notfound,,,,
Yoo Young Jae,2,유영재,0.0,1986-12-07,Notfound,,,,
Jo Yu Ri,1,조유리,1.0,1986-12-07,9,,,,
Kim Yoon Woo,1,김윤우,0.0,1986-12-07,4,,,,
Kim Min Ho,1,김민호,0.0,1986-12-07,12,,,,
Jeon Seung Hun,1,전승훈,0.0,1986-12-07,2,,,,
Nam Tae Woo,1,남태우,0.0,1986-12-07,6,,,,
Lee Sang Jin,1,이상진,0.0,1986-12-07,8,,,,
Lee Jung Hyun,2,이정현,1.0,1986-12-07,16,,,,
Lee Choong Goo,1,이충구,0.0,1986-12-07,5,,,,
Jung Eugene,5,정유진,1.0,1986-12-07,11,,,,
Kim Hee Sun,6,김희선,1.0,1986-12-07,33,,,,
Lee Hyun Wook,3,이현욱,0.0,1986-12-07,12,,,,
Cha Ji Yeon,1,차지연,1.0,1986-12-07,6,,,,
Kwon Ah Reum,1,권아름,1.0,1986-12-07,8,,,,
Han Ji Hyo,1,한지효,1.0,1986-12-07,8,,,,
Kim Do Young,1,도영,0.0,1986-12-07,Notfound,,,,
Park Eun Bin,9,박은빈,1.0,1986-12-07,38,,,,
Kang Tae Oh,8,강태오,0.0,1986-12-07,16,,,,
Kang Ki Young,2,강기영,0.0,1986-12-07,24,,,,
Park Hye Soo,3,박혜수,1.0,1986-12-07,6,,,,
Jeong Jae Hyun,1,정재현,0.0,1986-12-07,Notfound,,,,
Roh Jeong Eui,4,노정의,1.0,1986-12-07,17,,,,
Lee Jin Hyuk,2,웨이,0.0,1986-12-07,Notfound,,,,
Kang Mi Na,5,강미나,1.0,1986-12-07,12,,,,
Seo In Guk,6,서인국,0.0,1986-12-07,20,,,,
Oh Yeon Seo,7,오연서,1.0,1986-12-07,24,,,,
Kwak Shi Yang,9,곽시양,0.0,1986-12-07,16,,,,
Kwon Soo Hyun,1,권수현,0.0,1986-12-07,14,,,,
Lee Yoo Ri,7,이유리,1.0,1986-12-07,43,,,,
Lee Min Young,2,이민영,1.0,1986-12-07,34,,,,
Yoon So Yi,5,윤소이,1.0,1986-12-07,23,,,,
Chani,1,강찬희,0.0,1986-12-07,Notfound,,,,
Hwiyoung,1,휘영,0.0,1986-12-07,Notfound,,,,
Jung So Min,7,정소민,1.0,1986-12-07,18,,,,
Seo Hyun,4,서현,1.0,1986-12-07,Notfound,,,,
Na In Woo,5,나인우,0.0,1986-12-07,18,,,,
Jeon Kwang Ryul,3,전광렬,0.0,1986-12-07,51,,,,
Park Jin Young,5,박진영,0.0,1986-12-07,Notfound,,,,
Lee Yoo Young,5,이유영,1.0,1986-12-07,9,,,,
Yeo Jin Goo,9,여진구,0.0,1986-12-07,28,,,,
Son Woo Hyun,2,손우현,0.0,1986-12-07,11,,,,
Kim Kang Min,4,김강민,0.0,1986-12-07,Notfound,,,,
Kim Jae Hwa,1,김재화,1.0,1986-12-07,24,,,,
Yeom Jung Ah,2,염정아,1.0,1986-12-07,31,,,,
Jeon So Min,6,전소민,1.0,1986-12-07,24,,,,
Lee Moo Saeng,1,이무생,0.0,1986-12-07,14,,,,
So Ji Sub,3,소지섭,0.0,1986-12-07,25,,,,
Shin Sung Rok,8,신성록,0.0,1986-12-07,24,,,,
Seo Hyun Jin,8,서현진,1.0,1986-12-07,21,,,,
Hwang In Youp,3,황인엽,0.0,1986-12-07,7,,,,
Seo Yea Ji,5,서예지,1.0,1986-12-07,13,,,,
Park Byung Eun,6,박병은,0.0,1986-12-07,21,,,,
Yoon Kye Sang,5,윤계상,0.0,1986-12-07,17,,,,
Kim Ji Suk,7,김지석,0.0,1986-12-07,37,,,,
Lee Hyun Jin,1,이현진,0.0,1986-12-07,14,,,,
Lee Hwi Hyang,1,이휘향,1.0,1986-12-07,51,,,,
Na Young Hee,1,나영희,1.0,1986-12-07,49,,,,
Lee Jin Wook,8,이진욱,0.0,1986-12-07,21,,,,
Han Hyun Jun,1,한현준,0.0,1986-12-07,Notfound,,,,
Kim Tae Hwan,1,김태환,0.0,1986-12-07,Notfound,,,,
Yoon Kyun Sang,8,윤균상,0.0,1986-12-07,16,,,,
Sung Hoon,10,방인규,0.0,1986-12-07,24,2011.0,,0.0,0.0
Shin Dong Wook,2,신동욱,0.0,1986-12-07,Notfound,,,,
Choi Sung Eun,2,최성은,1.0,1986-12-07,3,,,,
Yoon Doo Joon,4,윤두준,0.0,1986-12-07,30,,,,
Kwak Do Won,1,곽도원,0.0,1986-12-07,4,,,,
Han Go Eun,2,한고은,1.0,1986-12-07,40,,,,
Park Won Sook,3,박원숙,1.0,1986-12-07,68,,,,
Jung Dong Won,1,정동원,0.0,1986-12-07,12,,,,
Lee Joon,7,이준,0.0,1986-12-07,Notfound,,,,
Kang Han Na,6,강한나,1.0,1986-12-07,19,,,,
Kim Ji Young,4,김지영,1.0,1986-12-07,Notfound,,,,
Lee Kwang Soo,3,이광수,0.0,1986-12-07,25,,,,
Jin Hee Kyung,3,진희경,1.0,1986-12-07,17,,,,
Jung Joon Ho,4,정준호,0.0,1986-12-07,35,,,,
Park Hae Jin,6,박해진,0.0,1986-12-07,26,,,,
Yoon Jong Hoon,3,윤종훈,0.0,1986-12-07,28,,,,
Kim Yoon Hye,2,김윤혜,1.0,1986-12-07,13,,,,
Lee Jung Shin,5,이정신,0.0,1986-12-07,16,,,,
Park Ji Hyun,3,박지현,1.0,1986-12-07,Notfound,,,,
Kim Moo Joon,2,김무준,0.0,1986-12-07,Notfound,,,,
Lee Byung Hun,2,이병헌,0.0,1986-12-07,28,,,,
Shin Min Ah,6,신민아,1.0,1986-12-07,13,,,,
Cha Seung Won,4,차승원,0.0,1986-12-07,21,,,,
Lee Min Ki,5,이민기,0.0,1986-12-07,14,,,,
Kim Ji Won,7,김지원,1.0,1986-12-07,14,,,,
Lee Kyung Young,3,이경영,0.0,1986-12-07,35,,,,
Jung Sang Hoon,7,정상훈,0.0,1986-12-07,37,,,,
Lee Joon Gi,6,이준기,0.0,1986-12-07,17,,,,
Choo Ja Hyun,3,추자현,1.0,1986-12-07,29,,,,
Lee Yo Won,6,이요원,1.0,1986-12-07,18,,,,
Kim Gyu Ri,1,김규리,1.0,1986-12-07,32,,,,
Jang Hye Jin,2,장혜진,1.0,1986-12-07,12,,,,
Joo Min Kyung,1,주민경,1.0,1986-12-07,8,,,,
Shin Dong Mi,1,신동미,1.0,1986-12-07,25,,,,
Oh Min Suk,5,오민석,0.0,1986-12-07,24,,,,
Yoon Shi Yoon,8,윤시윤,0.0,1986-12-07,24,,,,
Bae Da Bin,1,배다빈,1.0,1986-12-07,8,,,,
Seo Bum June,1,서범준,0.0,1986-12-07,Notfound,,,,
Choi Ye Bin,1,최예빈,1.0,1986-12-07,7,,,,
Rowoon,4,로운,0.0,1986-12-07,Notfound,,,,
Lee Soo Hyuk,7,이수혁,0.0,1986-12-07,21,,,,
Yun Ji On,2,윤지온,0.0,1986-12-07,10,,,,
Jo Hyuk Joon,1,조혁준,0.0,1986-12-07,Notfound,,,,
Kang Eun Bin,1,강은빈,0.0,1986-12-07,3,,,,
Kim Sung Gyu,4,김성규,0.0,1986-12-07,Notfound,,,,
Jeon Yu Bin,1,전유빈,0.0,1986-12-07,Notfound,,,,
Yoo Young Mo,1,유영모,0.0,1986-12-07,Notfound,,,,
Lee Jung Min,3,이정민,0.0,1986-12-07,Notfound,,,,
Min In Gi,1,민인기,0.0,1986-12-07,Notfound,,,,
Ha Do Gwon,1,김용구,0.0,1986-12-07,Notfound,,,,
Lee Won Keun,6,이원근,0.0,1986-12-07,17,,,,
Kim Sung Ryung,4,김성령,1.0,1986-12-07,43,,,,
Lee Hye Young,3,이혜영,1.0,1986-12-07,Notfound,,,,
Kim Ha Neul,4,김하늘,1.0,1986-12-07,16,,,,
Kim Jae Wook,4,김재욱,0.0,1986-12-07,16,,,,
Krystal Jung,5,크리스,1.0,1986-12-07,Notfound,,,,
Jo Bo Ah,9,조보아,1.0,1986-12-07,22,2012.0,,0.0,0.0
Oh Yeon Soo,1,오연수,1.0,1986-12-07,31,,,,
Kim Young Min,4,김영민,0.0,1986-12-07,9,,,,
Park Joo Mi,3,박주미,1.0,1986-12-07,20,,,,
Kang Shin Hyo,1,강신효,0.0,1986-12-07,11,,,,
Lee Ga Ryeong,4,이가령,1.0,1986-12-07,7,,,,
Jeon Soo Kyung,3,전수경,1.0,1986-12-07,Notfound,,,,
Ji Young San,1,지영산,0.0,1986-12-07,6,,,,
Ok Jin Uk,1,옥진욱,0.0,1986-12-07,5,,,,
Kang Hui,1,강희,0.0,1986-12-07,Notfound,,,,
Lee Ji Hoon,9,이지훈,0.0,1986-12-07,Notfound,,,,
Han Chae Young,2,한채영,1.0,1986-12-07,29,,,,
Ji Yi Soo,1,지이수,1.0,1986-12-07,9,,,,
Koo Ja Sung,3,구자성,0.0,1986-12-07,Notfound,,,,
Im Sung Kyun,1,임성균,0.0,1986-12-07,Notfound,,,,
Shin Yong Seok,1,신용석,0.0,1986-12-07,Notfound,,,,
Go Ah Sung,6,고아성,1.0,1986-12-07,13,,,,
Park Yong Woo,3,박용우,0.0,1986-12-07,Notfound,,,,
Cha Hun,1,차훈,0.0,1986-12-07,1,2015.0,0.0,1.0,
Yoon Chae Kyung,2,윤채경,1.0,1986-12-07,14,,,,
Joo Jong Hyuk,1,주종혁,0.0,1986-12-07,Notfound,,,,
Park So Eun,1,박소은,1.0,1986-12-07,Notfound,,,,
Park Jung Yeon,1,박정연,1.0,1986-12-07,3,,,,
Kim Gab Soo,3,김갑수,0.0,1986-12-07,77,,,,
Park Hae Joon,4,박상우,0.0,1986-12-07,Notfound,,,,
Kim Ji Hyun,1,김지현,1.0,1986-12-07,7,,,,
Son Ye Jin,3,손예진,1.0,1986-12-07,11,,,,
Jeon Mi Do,3,전미도,1.0,1986-12-07,4,,,,
Lee Si Young,6,이시영,1.0,1986-12-07,39,,,,
Seo Kang Joon,8,서강준,0.0,1986-12-07,16,,,,
Kim Ah Joong,3,김아중,1.0,1986-12-07,11,,,,
Choi Hyun Wook,2,최현욱,0.0,1986-12-07,12,,,,
Nam Joo Hyuk,7,남주혁,0.0,1986-12-07,15,,,,
Lee Joo Myung,1,이주명,1.0,1986-12-07,8,,,,
Song Kang,6,송강,0.0,1986-12-07,Notfound,,,,
Yura,4,유라,1.0,1986-12-07,Notfound,,,,
Park Jung Chul,1,박정철,0.0,1986-12-07,33,,,,
Wang Bit Na,3,왕빛나,1.0,1986-12-07,32,,,,
Jung Ae Ri,1,정애리,1.0,1986-12-07,84,,,,
Go In Beom,1,고인범,0.0,1986-12-07,44,,,,
Ji Seung Hyun,4,지승현,0.0,1986-12-07,22,,,,
Ok Go Woon,1,옥고운,1.0,1986-12-07,13,,,,
Seo Eun Ah,2,서은아,1.0,1986-12-07,9,,,,
Cho Yi Hyun,2,조이현,1.0,1986-12-07,9,,,,
Kang Daniel,1,강다니,0.0,1986-12-07,Notfound,,,,
Yoo Jun,2,유준,0.0,1986-12-07,Notfound,,,,
Hyuk,1,혁,0.0,1986-12-07,Notfound,,,,
Kim So Jin,1,김소진,1.0,1986-12-07,3,,,,
Rain,4,비,0.0,1986-12-07,Notfound,,,,
Uee,8,유이,1.0,1986-12-07,Notfound,,,,
Song Ji Eun,3,송지은,1.0,1986-12-07,14,,,,
Sung Ji Ru,1,성지루,0.0,1986-12-07,34,,,,
Bae Doo Na,6,배두나,1.0,1986-12-07,29,,,,
Gong Yoo,2,공유,0.0,1986-12-07,Notfound,,,,
Jun,1,박준희,0.0,1986-12-07,3,,,,
Yoo Hyun Woo,1,유현우,0.0,1986-12-07,Notfound,,,,
Yoo Seung Ho,7,유승호,0.0,1986-12-07,27,2000.0,,0.0,1.0
Byeon Woo Seok,3,변우석,0.0,1986-12-07,15,,,,
Joy,3,조이,1.0,1986-12-07,Notfound,,,,
Kim Kyung Nam,4,김경남,0.0,1986-12-07,12,,,,
Kang Ye Won,2,강예원,1.0,1986-12-07,9,,,,
Kwon Na Ra,6,권나라,1.0,1986-12-07,14,,,,
Kim Ji Soo,8,김지수,0.0,1986-12-07,Notfound,,,,
Yoon Se Ah,6,윤세아,1.0,1986-12-07,33,,,,
Kim Hye Yoon,3,김혜윤,1.0,1986-12-07,11,,,,
Go Eun Ah,1,고은아,1.0,1986-12-07,19,,,,
Heo Young Ji,2,허영지,1.0,1986-12-07,38,,,,
Lee Mi So,1,이미소,1.0,1986-12-07,8,,,,
Son Soo Ah,1,손수아,1.0,1986-12-07,5,,,,
Ham Eun Jung,4,함은정,1.0,1986-12-07,25,,,,
Kim Jin Yeop,2,김진엽,0.0,1986-12-07,Notfound,,,,
Hwang Shin Hye,2,황정만,1.0,1986-12-07,38,,,,
Yoon Da Hoon,2,윤다훈,0.0,1986-12-07,46,,,,
Shim Hye Jin,1,심혜진,1.0,1986-12-07,Notfound,,,,
Son Sung Yoon,2,손성윤,1.0,1986-12-07,17,,,,
Kim Yeong Cheol,4,김영철,0.0,1986-12-07,Notfound,,,,
Park Jin Hee,6,박진희,1.0,1986-12-07,29,,,,
Park Sun Young,2,박선영,1.0,1986-12-07,Notfound,,,,
Lee Kyung Hoon,1,이경훈,0.0,1986-12-07,Notfound,,,,
Lee Shi Won,2,이시원,1.0,1986-12-07,24,,,,
Ha Seok Jin,8,하석진,0.0,1986-12-07,36,,,,
Im Hyun Joo,1,임현주,1.0,1986-12-07,7,,,,
Park Soo Ae,3,박수애,1.0,1986-12-07,Notfound,,,,
Kim Kang Woo,7,김강우,0.0,1986-12-07,19,,,,
Kim Mi Sook,2,김미숙,1.0,1986-12-07,65,,,,
Lee Yi Dam,1,이이담,1.0,1986-12-07,3,,,,
Kim Da Mi,2,김다미,1.0,1986-12-07,3,,,,
Kim Sung Cheol,4,김성철,0.0,1986-12-07,9,,,,
Song Yoon Ah,5,송윤아,1.0,1986-12-07,27,,,,
Kim Soo Hyun,3,김수현,0.0,1986-12-07,16,,,,
Kim Yo Han,2,김요한,0.0,1986-12-07,15,,,,
Hwang Bo Reum Byeol,1,황보름,1.0,1986-12-07,Notfound,,,,
Seo Hee Seon,1,서희선,1.0,1986-12-07,Notfound,,,,
Shim Dal Gi,1,심달기,1.0,1986-12-07,8,,,,
Choi Bo Min,1,최보민,0.0,1986-12-07,10,,,,
Lee Na Gyung,1,이나경,1.0,1986-12-07,8,,,,
Heo Jung Hee,1,허정희,1.0,1986-12-07,2,,,,
Won Jin Ah,5,원진아,1.0,1986-12-07,6,,,,
Yoo Ah In,3,유아인,0.0,1986-12-07,13,,,,
Yang Ik Jun,2,양익준,0.0,1986-12-07,12,,,,
Park Jung Min,2,박정민,0.0,1986-12-07,10,,,,
Hyung Won,2,형원,0.0,1986-12-07,Notfound,,,,
Joo Se Bin,1,주세빈,1.0,1986-12-07,3,,,,
Park Eun Hye,4,박은혜,1.0,1986-12-07,39,,,,
Tony Ahn,1,토니안,0.0,1986-12-07,48,,,,
Jo Yoo Jung,1,조유정,1.0,1986-12-07,Notfound,,,,
Ryu Eui Hyun,1,류의현,0.0,1986-12-07,11,,,,
Cho Mi Yeon,1,조미연,1.0,1986-12-07,Notfound,,,,
Kim Min Ki,1,김민기,0.0,1986-12-07,Notfound,,,,
Kwon Young Eun,1,권영은,1.0,1986-12-07,1,,,,
Jang Ki Yong,6,장기용,0.0,1986-12-07,19,,,,
Choi Hee Seo,3,최희서,1.0,1986-12-07,7,,,,
Jin Kyung,2,진경,1.0,1986-12-07,Notfound,,,,
Im Soo Jung,3,임수정,1.0,1986-12-07,5,,,,
Ahn Sol Bin,2,안솔빈,1.0,1986-12-07,20,,,,
Han So Eun,3,한소은,1.0,1986-12-07,12,,,,
EXY,1,엑시,1.0,1986-12-07,Notfound,,,,
I.L,1,그린,1.0,1986-12-07,Notfound,,,,
Ok Taec Yeon,5,옥택연,0.0,1986-12-07,28,,,,
Jung In Sun,5,정인선,1.0,1986-12-07,17,,,,
Han Hyo Joo,2,한효주,1.0,1986-12-07,15,,,,
Baek Sung Chul,2,백성철,0.0,1986-12-07,Notfound,,,,
Lee Young Ae,2,이영애,1.0,1986-12-07,21,,,,
Kim Hye Joon,2,김혜준,1.0,1986-12-07,13,,,,
Jo Hyun Chul,1,조현철,0.0,1986-12-07,8,,,,
Cha Joo Young,1,차주영,1.0,1986-12-07,11,,,,
Kim Su Hyun,2,김수현,1.0,1986-12-07,16,,,,
Lee Hee Joon,2,이희준,0.0,1986-12-07,20,,,,
Park Ho San,2,박호산,0.0,1986-12-07,24,1997.0,,0.0,0.0
Ong Seong Wu,3,옹성우,0.0,1986-12-07,10,,,,
Jun Ji Hyun,2,전지현,1.0,1986-12-07,6,,,,
Joo Ji Hoon,6,주지훈,0.0,1986-12-07,14,,,,
Jang Eui Soo,3,장의수,0.0,1986-12-07,10,,,,
Lee Chan Hyung,1,이찬형,0.0,1986-12-07,Notfound,,,,
Han So Hee,4,한소희,1.0,1986-12-07,11,,,,
Go Hyun Jung,4,고현정,1.0,1986-12-07,21,,,,
Bae Yoon Kyung,1,배윤경,1.0,1986-12-07,16,,,,
Choi Byung Chan,2,최병찬,0.0,1986-12-07,7,,,,
Han Da Gam,2,한은정,1.0,1986-12-07,38,,,,
Han Sang Jin,2,한상진,0.0,1986-12-07,Notfound,,,,
Shim Ji Ho,3,심지호,0.0,1986-12-07,19,,,,
Park Yeon Ah,1,박연아,1.0,1986-12-07,4,,,,
Lee So E,1,이소이,1.0,1986-12-07,Notfound,,,,
Ma Hyun Ji,1,마현지,1.0,1986-12-07,7,,,,
Jung Su Bin,1,정수빈,0.0,1986-12-07,8,,,,
Oh Jae Woong,1,오재웅,0.0,1986-12-07,4,,,,
Shin So Hyun,1,신소현,1.0,1986-12-07,Notfound,,,,
Choi Ji Su,2,최지수,1.0,1986-12-07,8,,,,
Ji Hyun Woo,8,지현우,0.0,1986-12-07,28,,,,
Kang Eun Tak,5,강은탁,0.0,1986-12-07,10,,,,
Yoo Jae Myung,5,유재명,0.0,1986-12-07,23,,,,
Han Ye Ri,7,한예리,1.0,1986-12-07,13,,,,
Uhm Tae Goo,2,엄태구,0.0,1986-12-07,9,,,,
Hwang Hee,2,황희,0.0,1986-12-07,Notfound,,,,
Lee Ha Nee,5,이하늬,1.0,1986-12-07,19,,,,
Park Ha Sun,4,박하선,1.0,1986-12-07,31,,,,
Lee Jung Jae,3,이정재,0.0,1986-12-07,14,,,,
Jung Ho Yeon,1,정호연,1.0,1986-12-07,Notfound,,,,
Cho Yeo Jung,6,조여정,1.0,1986-12-07,26,,,,
Kim Jee Soo,4,김지수,1.0,1986-12-07,Notfound,,,,
Park Se Jin,1,박세진,1.0,1986-12-07,Notfound,,,,
Gong Hyun Joo,2,공현주,1.0,1986-12-07,28,,,,
Ryu Joon Yeol,3,류준열,0.0,1986-12-07,7,,,,
Kim Yoo Jung,6,김유정,1.0,1986-12-07,33,,,,
Gong Myung,5,공명,0.0,1986-12-07,Notfound,,,,
Kim Seon Ho,7,김선호,0.0,1986-12-07,10,,,,
Ji Jin Hee,7,지진희,0.0,1986-12-07,28,,,,
Kim Hye Eun,2,김혜은,1.0,1986-12-07,36,,,,
Kim Bo Ra,3,김보라,1.0,1986-12-07,28,,,,
Kim Hong Pa,1,김홍파,0.0,1986-12-07,20,,,,
Kim Sae Ron,4,김새론,1.0,1986-12-07,16,,,,
Yang Hong Seok,1,양홍석,0.0,1986-12-07,Notfound,,,,
Song Ji Hyo,5,송지효,1.0,1986-12-07,18,,,,
Jung Yoo Min,1,정유민,1.0,1986-12-07,23,,,,
Choi Myung Gil,4,최명길,1.0,1986-12-07,43,,,,
So Yi Hyun,3,소이현,1.0,1986-12-07,34,2001.0,,0.0,0.0
Shin Jung Yoon,1,신정윤,0.0,1986-12-07,4,,,,
Nam Gyu Ri,4,남규리,1.0,1986-12-07,17,,,,
Kim Min Jung,5,김민정,1.0,1986-12-07,32,,,,
Go Woo Jin,1,고우진,0.0,1986-12-07,4,,,,
Lee Sae On,1,이세온,0.0,1986-12-07,4,,,,
Choe Chan Yi,1,최찬이,0.0,1986-12-07,7,,,,
Kim Ga Eun,5,김가은,1.0,1986-12-07,29,,,,
Jung Jae Young,5,정재영,0.0,1986-12-07,5,,,,
Yang Hye Ji,2,양혜지,1.0,1986-12-07,Notfound,,,,
Lee Yeol Eum,4,이열음,1.0,1986-12-07,15,,,,
Lee Shi Ah,1,이시아,1.0,1986-12-07,8,,,,
Han Hyun Min,2,한현민,0.0,1986-12-07,12,,,,
Park Se Wan,4,박세완,1.0,1986-12-07,13,2016.0,,0.0,0.0
Choi Young Jae,1,최영재,0.0,1986-12-07,11,,,,
Shin Hyun Seung,1,신현승,0.0,1986-12-07,Notfound,,,,
Minnie,1,김승민,0.0,1986-12-07,Notfound,,,,
Terris Brown,1,강기영,0.0,1986-12-07,24,,,,
Jo Jung Suk,6,조정석,0.0,1986-12-07,11,,,,
Kim Dae Myung,2,김대명,0.0,1986-12-07,7,,,,
Park Ji Hoon,3,박지훈,0.0,1986-12-07,6,,,,
Lee Tae Gon,2,이태곤,0.0,1986-12-07,29,,,,
Jeon Noh Min,2,전노민,0.0,1986-12-07,49,,,,
Eugene,4,유진,1.0,1986-12-07,Notfound,,,,
Go Sung Min,1,고성민,1.0,1986-12-07,3,,,,
Min Chan Ki,2,민찬기,0.0,1986-12-07,9,,,,
Lee Il Hwa,3,이일화,1.0,1986-12-07,66,,,,
Han Seung Yeon,5,한승연,1.0,1986-12-07,29,,,,
Tang Jun Sang,2,탕준상,0.0,1986-12-07,5,,,,
Son Sang Yeon,1,손상연,0.0,1986-12-07,6,,,,
Kim Kang Hoon,1,김강훈,0.0,1986-12-07,13,,,,
Kim Do Wan,1,김도완,0.0,1986-12-07,11,,,,
Hong Seung Hee,1,홍승희,1.0,1986-12-07,10,,,,
Shin Do Hyun,2,신도현,1.0,1986-12-07,11,2017.0,0.0,0.0,
Park Bo Young,4,박보영,1.0,1986-12-07,15,,,,
Jung Ji So,2,정지소,1.0,1986-12-07,18,,,,
Jeong Yun Ho,1,정윤호,0.0,1986-12-07,Notfound,,,,
Go Min Si,3,고민시,1.0,1986-12-07,13,,,,
Lee Joon Hyuk,9,이준혁,0.0,1986-12-07,27,,,,
Yeon Woo Jin,7,연우진,0.0,1986-12-07,17,,,,
Ryu Hye Young,2,류혜영,1.0,1986-12-07,5,2007.0,0.0,0.0,
Kim Myung Min,3,김명민,0.0,1986-12-07,16,,,,
Choi Jung Yoon,1,최정윤,1.0,1986-12-07,Notfound,,,,
Ahn Jae Mo,3,안재모,0.0,1986-12-07,37,,,,
Bae Seul Gi,1,배슬기,1.0,1986-12-07,15,,,,
Park Hyung Joon,1,박형준,0.0,1986-12-07,4,,,,
Sean Richard,2,리차드,0.0,1986-12-07,Notfound,,,,
Liv Hewson,2,,,1986-12-07,Notfound,,,,
Justin Chon,2,전지태,0.0,1986-12-07,Notfound,,,,
Henry Lau,1,김헨리,0.0,1986-12-07,Notfound,,,,
Brett Gray,1,,,1986-12-07,Notfound,,,,
Im Na Young,1,임나영,1.0,1986-12-07,13,,,,
Kwon Hyun Bin,2,권현빈,0.0,1986-12-07,18,,,,
Lee Jung Sic,1,이정식,0.0,1986-12-07,Notfound,,,,
Jang Dong Joo,1,장동주,0.0,1986-12-07,10,,,,
Choi Hye Jin,1,최혜진,1.0,1986-12-07,Notfound,,,,
Dylan,1,박연재,0.0,1986-12-07,Notfound,,,,
Lee Hyun Ho,1,이현호,0.0,1986-12-07,Notfound,,,,
Kim Na Yun,1,김나윤,1.0,1986-12-07,Notfound,,,,
Ki Do Hoon,2,기도훈,0.0,1986-12-07,11,,,,
Park In Hwan,1,박인환,0.0,1986-12-07,73,,,,
Kim Kwang Gyu,2,김광규,0.0,1986-12-07,57,,,,
Lee Bo Hee,2,이보희,1.0,1986-12-07,47,,,,
Hong Eun Hee,1,홍은희,1.0,1986-12-07,27,,,,
Yoon Joo Sang,1,윤주상,0.0,1986-12-07,67,,,,
Jeon Hye Bin,6,전혜빈,1.0,1986-12-07,38,,,,
Kim So Hyun,8,김소현,1.0,1986-12-07,Notfound,,,,
Won Tae Min,1,원,0.0,1986-12-07,6,,,,
Song Jae Rim,7,송재림,0.0,1986-12-07,20,,,,
Cha Min Ji,1,차민지,1.0,1986-12-07,17,,,,
Hyun Woo,4,"현우
",0.0,1986-12-07,Notfound,,,,
Lee Joo Young,2,이주영,1.0,1986-12-07,Notfound,,,,
Moon Jung Hee,3,문정희,1.0,1986-12-07,24,,,,
Eum Moon Suk,1,음문석,0.0,1986-12-07,10,,,,
Lee Re,2,"이레
",1.0,1986-12-07,Notfound,,,,
Choi Kang Hee,6,최강희,1.0,1986-12-07,34,,,,
Park Shin Hye,3,박신혜,1.0,1986-12-07,28,2003.0,,0.0,1.0
Lee So Yeon,4,이소연,1.0,1986-12-07,24,,,,
Choi Yeo Jin,5,최여진,1.0,1986-12-07,47,,,,
Kyung Sung Hwan,1,경성환,0.0,1986-12-07,3,,,,
Lee Sang Bo,1,이상보,0.0,1986-12-07,10,,,,
Choi Yoo Hwa,3,최유화,1.0,1986-12-07,13,,,,
Kim Young Ah,1,김영아,1.0,1986-12-07,2,,,,
Shim Eun Woo,1,심은우,1.0,1986-12-07,9,,,,
Ryu Hwa Young,6,류화영,1.0,1986-12-07,12,,,,
Ahn Jung Hun,1,안정훈,0.0,1986-12-07,51,,,,
Lee Joo Bin,1,이주빈,1.0,1986-12-07,15,,,,
Lee Kyu Han,3,이규한,0.0,1986-12-07,45,,,,
Hur Hyun Jun,1,허현준,0.0,1986-12-07,Notfound,,,,
So Ju Yeon,4,소주연,1.0,1986-12-07,11,,,,
Yeo Hoe Hyun,3,여회현,0.0,1986-12-07,14,,,,
Han Se Jin,2,이세진,0.0,1986-12-07,10,,,,
Ko Jae Hyun,1,고재현,0.0,1986-12-07,Notfound,,,,
Steve Noh,1,스티브,0.0,1986-12-07,Notfound,,,,
Lee Yi Kyung,7,이이경,0.0,1986-12-07,48,,,,
Shin Se Kyung,6,신세경,1.0,1986-12-07,16,,,,
Park You Na,1,박유나,1.0,1986-12-07,12,,,,
Lee Sang,1,이상,0.0,1986-12-07,Notfound,,,,
Kang In Soo,1,강인수,0.0,1986-12-07,5,,,,
Kim Noh Jin,1,김노진,1.0,1986-12-07,8,,,,
Han Sung Yun,1,한성연,1.0,1986-12-07,6,,,,
Lee Han Ik,1,이한익,0.0,1986-12-07,8,,,,
Go Jun,3,"고준
",0.0,1986-12-07,Notfound,,,,
Yoon Sun Woo,1,윤선우,0.0,1986-12-07,13,,,,
Cho Byeong Kyu,3,조병규,0.0,1986-12-07,20,,,,
Ahn Suk Hwan,1,안석환,0.0,1986-12-07,74,,,,
Kim Sa Rang,2,김사랑,1.0,1986-12-07,11,,,,
Jung Man Shik,2,정만식,0.0,1986-12-07,28,,,,
Jung Da Bin,2,정다빈,1.0,1986-12-07,Notfound,,,,
Noh Jong Hyun,2,노종현,0.0,1986-12-07,Notfound,,,,
Yoon Bo Mi,1,윤보미,1.0,1986-12-07,28,,,,
Gong Min Jung,1,김민정,1.0,1986-12-07,32,,,,
Uhm Ji Won,4,엄지원,1.0,1986-12-07,17,,,,
Choi Ri,3,"최리
",1.0,1986-12-07,Notfound,,,,
Jung Woong In,6,정웅인,0.0,1986-12-07,43,,,,
Kwon Sang Woo,3,권상우,0.0,1986-12-07,21,,,,
Bae Sung Woo,2,배성우,0.0,1986-12-07,5,,,,
Jung Woo Sung,1,정우성,0.0,1986-12-07,7,,,,
Kim Joo Hyun,3,김주현,1.0,1986-12-07,Notfound,,,,
Lee Jin Sol,1,이진솔,1.0,1986-12-07,9,,,,
Kim Joon Kyung,1,김준경,0.0,1986-12-07,6,,,,
Lee Seo Bin,1,이서빈,1.0,1986-12-07,Notfound,,,,
Jung Jay,1,정재호,0.0,1986-12-07,Notfound,,,,
Eric Mun,3,"에릭
",0.0,1986-12-07,Notfound,,,,
Bae Suzy,4,배수지,1.0,1986-12-07,14,,,,
Tae Won Seok,2,태원석,0.0,1986-12-07,9,,,,
Go Ah Ra,5,고아라,1.0,1986-12-07,12,,,,
Kim Jung Eun,3,김정은,1.0,1986-12-07,Notfound,,,,
Kim Dong Jun,4,김동준,0.0,1986-12-07,27,,,,
Choi Chan Ho,1,최찬호,0.0,1986-12-07,4,,,,
Baek Soo Min,1,백수민,1.0,1986-12-07,2,,,,
Jung Yu Mi,2,정유미,1.0,1986-12-07,12,,,,
Yoon Sang Hyun,5,윤상현,0.0,1986-12-07,Notfound,,,,
Jeong Bo Seok,1,정보석,0.0,1986-12-07,65,,,,
Jeon In Hwa,2,전인화,1.0,1986-12-07,27,,,,
Cheon Seung Ho,1,천승호,0.0,1986-12-07,4,,,,
Yeon Je Hyung,1,연제형,0.0,1986-12-07,12,,,,
Oh Dong Min,1,오동민,0.0,1986-12-07,17,,,,
Shin Se Hwi,1,신세휘,1.0,1986-12-07,5,,,,
Park Seung Ji,1,박승지,0.0,1986-12-07,1,,,,
Lee Shi Kang,3,이시강,0.0,1986-12-07,9,,,,
Uhm Hyun Kyung,6,엄현경,1.0,1986-12-07,29,,,,
Park Bo Gum,5,박보검,0.0,1986-12-07,16,,,,
Park So Dam,4,박소담,1.0,1986-12-07,8,,,,
Kwon Hwa Woon,1,권화운,0.0,1986-12-07,12,,,,
Yeon Jung Hoon,5,연정훈,0.0,1986-12-07,27,,,,
Im Ju Eun,3,임주은,1.0,1986-12-07,11,,,,
Go Na Hee,1,고나희,1.0,1986-12-07,8,,,,
Lee Ruby,1,이루비,1.0,1986-12-07,Notfound,,,,
Kim Young Hoon,2,김영훈,0.0,1986-12-07,3,,,,
Song Geon Hee,1,송건희,0.0,1986-12-07,9,,,,
Lee Da In,1,이다인,1.0,1986-12-07,9,,,,
Seola,1,김현정,1.0,1986-12-07,Notfound,,,,
Song Chae Yun,1,송채윤,1.0,1986-12-07,6,,,,
An So Jin,1,한가림,1.0,1986-12-07,14,,,,
Jung Young Ki,1,정영기,0.0,1986-12-07,15,,,,
Joo Bo Bi,1,주보비,1.0,1986-12-07,4,,,,
Hwang Seung Eon,4,황승언,1.0,1986-12-07,26,,,,
Choi Moo Sung,2,최무성,0.0,1986-12-07,19,,,,
Park Geon Il,1,박건일,0.0,1986-12-07,16,,,,
Hong Bi Ra,1,홍비라,1.0,1986-12-07,5,,,,
Lee Hyun Yi,1,이현이,1.0,1986-12-07,33,,,,
Son Se Bin,1,손세빈,1.0,1986-12-07,9,,,,
Kim Jung Young,1,김정영,1.0,1986-12-07,19,,,,
Im Hwa Young,1,임화영,1.0,1986-12-07,14,,,,
Shin So Yool,2,신소율,1.0,1986-12-07,29,,,,
Bae Soo Bin,4,배수빈,0.0,1986-12-07,23,,,,
Song Jong Ho,2,송종호,0.0,1986-12-07,27,,,,
Kim Min Joon,1,김민준,0.0,1986-12-07,28,,,,
Hwang Jung Eum,6,황정음,1.0,1986-12-07,25,,,,
Jo Woo Ri,2,조우리,1.0,1986-12-07,14,,,,
Lee Elijah,8,이엘리야,1.0,1986-12-07,12,,,,
Ahn Nae Sang,2,안내상,0.0,1986-12-07,94,,,,
Yoo Da In,2,유다인,1.0,1986-12-07,14,,,,
Shim Yi Young,4,심이영,1.0,1986-12-07,31,,,,
Choi Sung Jae,3,최성재,0.0,1986-12-07,10,,,,
Jin Ye Sol,2,진예솔,1.0,1986-12-07,17,,,,
Won Ki Joon,1,원기준,0.0,1986-12-07,23,,,,
Kim Do Yeon,1,김도연,1.0,1986-12-07,10,,0.0,1.0,0.0
Kim Min Kyu,1,김민규,0.0,1986-12-07,18,,,,
Do Sang Woo,3,도상우,0.0,1986-12-07,15,,,,
Bae Noo Ri,2,배누리,1.0,1986-12-07,23,,,,
Shin Jae Ha,3,신재하,0.0,1986-12-07,19,,,,
Won Mi Kyung,1,원미경,1.0,1986-12-07,22,,,,
Kang Ji Young,1,강지영,1.0,1986-12-07,Notfound,,,,
Yoon Gyung Ho,1,윤경호,0.0,1986-12-07,22,,,,
Han Gi Chan,1,한기찬,0.0,1986-12-07,5,,,,
Kim Eung Soo,2,김응수,0.0,1986-12-07,59,,,,
Park Shi Hoo,5,박시후,0.0,1986-12-07,16,,,,
Sung Hyuk,2,홍성혁,0.0,1986-12-07,14,,,,
Tae In Ho,1,태인호,0.0,1986-12-07,20,,,,
Park Ye Jin,1,박예진,1.0,1986-12-07,21,,,,
Jung So Ri,1,정소리,1.0,1986-12-07,2,,,,
Park Joon Mok,1,박준목,0.0,1986-12-07,Notfound,,,,
Kim Young,1,"김영
",0.0,1986-12-07,Notfound,,,,
Moon Bo Ryung,2,문보령,1.0,1986-12-07,12,,,,
Hyun Jyu Ni,1,현쥬니,1.0,1986-12-07,12,,,,
Lee Jae Hwang,3,이재황,0.0,1986-12-07,18,,,,
Kim Hyung Beom,1,김형범,0.0,1986-12-07,41,,,,
Kim Dong Hee,1,김동희,0.0,1986-12-07,5,,,,
Yoo In Young,5,유인영,1.0,1986-12-07,28,,,,
Jin Se Yeon,6,진세연,1.0,1986-12-07,18,,,,
Lee Jung Jin,2,이정진,0.0,1986-12-07,28,,,,
Jung Eun Chae,2,정은채,1.0,1986-12-07,12,,,,
Lee Min Ho,2,이민호,0.0,1986-12-07,16,,,,
Lee Shin Young,1,이신영,0.0,1986-12-07,10,,,,
Kim So Hye,3,김소혜,1.0,1986-12-07,18,,,,
Park Young Rin,2,박영린,1.0,1986-12-07,22,,,,
Go Se Won,3,고세원,0.0,1986-12-07,33,,,,
Kang Tae Sung,2,강성민,0.0,1986-12-07,26,,,,
Lee Chang Wook,4,이창욱,0.0,1986-12-07,13,,,,
Park Sun Ho,5,박선호,0.0,1986-12-07,12,,,,
Jo Dong Hyuk,2,조동혁,0.0,1986-12-07,29,,,,
Jung Hye In,2,정혜인,1.0,1986-12-07,9,,,,
Kim Min Sang,1,김민상,0.0,1986-12-07,27,,,,
Ryu Deok Hwan,4,류덕환,0.0,1986-12-07,16,,,,
Ahn Ji Ho,1,안지호,0.0,1986-12-07,5,,,,
Seo Woo Jin,1,서우진,0.0,1986-12-07,Notfound,,,,
Jo Min Soo,1,조민수,1.0,1986-12-07,31,,,,
Park Seo Joon,6,박서준,0.0,1986-12-07,20,,,,
Jung Yeon Joo,1,정연주,1.0,1986-12-07,Notfound,,,,
Noh Kwang Shik,1,노광식,0.0,1986-12-07,1,,,,
Suho,3,"수호
",0.0,1986-12-07,Notfound,,,,
Shim Eun Kyung,1,심은경,1.0,1986-12-07,20,,,,
Lee Tae Hwan,3,이태환,0.0,1986-12-07,19,,,,
One,1,정제원,0.0,1986-12-07,6,,,,
Lee Chang Hoon,1,이창훈,0.0,1986-12-07,Notfound,,,,
Lee Sang Hee,2,이상희,1.0,1986-12-07,Notfound,,,,
Jeon Sung Woo,1,전성우,0.0,1986-12-07,10,,,,
Lee Si Eon,2,이시언,0.0,1986-12-07,35,,,,
Hyun Bin,3,"현빈
",0.0,1986-12-07,12,2003.0,,0.0,0.0
Min Jin Woong,1,민진웅,0.0,1986-12-07,10,,,,
Kim Seul Gi,4,김슬기,1.0,1986-12-07,27,,,,
Ahn Jae Hyun,5,안재현,0.0,1986-12-07,24,,,,
Gu Won,2,"구원
",0.0,1986-12-07,Notfound,,,,
Heo Jung Min,2,허정민,0.0,1986-12-07,33,,,,
Chae Seo Jin,3,채서진,1.0,1986-12-07,6,2006.0,,0.0,0.0
Kim Soo An,1,김수안,1.0,1986-12-07,4,,,,
Jo A Young,1,조아영,1.0,1986-12-07,Notfound,,,,
Jung Shin Hye,1,정신혜,1.0,1986-12-07,12,,,,
Kim Hyung Suk,1,김형석,0.0,1986-12-07,Notfound,,,,
Kim Heung Soo,1,김흥수,0.0,1986-12-07,16,,,,
Oh Chae Yi,1,오채이,1.0,1986-12-07,1,,,,
Lee Hae Woo,2,이해우,0.0,1986-12-07,6,,,,
Oh Ji Ho,6,오지호,0.0,1986-12-07,35,,,,
Youn Yuh Jung,2,윤여정,1.0,1986-12-07,71,,,,
Song Won Seok,4,송원석,0.0,1986-12-07,Notfound,,,,
Moon Geun Young,2,문근영,1.0,1986-12-07,Notfound,,,,
Kim Kwon,2,"김권
",0.0,1986-12-07,Notfound,,,,
Yang Se Jong,4,양세종,0.0,1986-12-07,8,,,,
Lee Na Eun,2,이나은,1.0,1986-12-07,10,,,,
Jo Yoon Hee,3,조윤희,1.0,1986-12-07,26,,,,
Jang Hyun Sung,2,장현성,0.0,1986-12-07,57,,,,
Choi Gwi Hwa,2,최귀화,0.0,1986-12-07,16,,,,
Kim Tae Hoon,4,김태훈,0.0,1986-12-07,Notfound,,,,
Jang Mi Hee,3,장미희,1.0,1986-12-07,21,,,,
Park Hee Bon,2,박희본,1.0,1986-12-07,27,,,,
Gong Hyo Jin,3,공효진,1.0,1986-12-07,15,,,,
Jang Dong Gun,4,장동건,0.0,1986-12-07,18,,,,
Bae Jong Ok,4,배종옥,1.0,1986-12-07,60,,,,
Kang Dae Hyun,1,강대현,0.0,1986-12-07,Notfound,,,,
Kim Da Ye,1,김다예,1.0,1986-12-07,Notfound,,,,
Lee Ho Won,3,이호원,0.0,1986-12-07,11,,,,
Ahn Jae Hong,2,안재홍,0.0,1986-12-07,10,,,,
Lee Seol,2,"이설
",1.0,1986-12-07,9,2016.0,,0.0,0.0
Hong Ji Yoon,2,홍지윤,1.0,1986-12-07,10,,,,
Jung Young Joo,1,정영주,1.0,1986-12-07,19,,,,
Han Ji Hye,2,한지혜,1.0,1986-12-07,21,,,,
Oh Ji Eun,3,오지은,1.0,1986-12-07,15,,,,
Choi Kyu Jin,1,최규진,0.0,1986-12-07,Notfound,,,,
Lee Ki Woo,5,이기우,0.0,1986-12-07,30,2002.0,,0.0,0.0
Park Shi Eun,2,박시은,1.0,1986-12-07,Notfound,,,,
Kim Ho Jin,1,김호진,0.0,1986-12-07,37,,,,
Seo Hye Jin,1,서혜진,1.0,1986-12-07,Notfound,,,,
Kang Suk Jung,1,강석정,0.0,1986-12-07,11,,,,
IU,4,이지은,1.0,1986-12-07,Notfound,,,,
Do Won,3,도원,0.0,1986-12-07,8,2017.0,0.0,0.0,
New Sun,1,뉴썬,1.0,1986-12-07,Notfound,,,,
Kim Ye Ji,1,김예지,1.0,1986-12-07,Notfound,,,,
Ki Tae Hwa,1,기태화,0.0,1986-12-07,Notfound,,,,
Jang Moon Bok,1,장문복,0.0,1986-12-07,2,,,,
Han Bo Reum,2,한보름,1.0,1986-12-07,30,,,,
Kang Ji Hwan,4,강지환,0.0,1986-12-07,18,,,,
Seo Ji Suk,3,서지석,0.0,1986-12-07,23,,,,
Ha Shi Eun,1,하시은,1.0,1986-12-07,13,,,,
Ha Jae Sook,1,하재숙,1.0,1986-12-07,23,,,,
Oh Man Suk,2,오만석,0.0,1986-12-07,29,,,,
Jung Yoo Mi,5,정유미,1.0,1986-12-07,12,,,,
Noh Min Woo,2,노민우,0.0,1986-12-07,19,,,,
Kam Woo Sung,2,감우성,0.0,1986-12-07,18,,,,
Kim Joon Han,2,김준한,0.0,1986-12-07,6,,,,
Kim Hye Sun,1,김혜선,1.0,1986-12-07,Notfound,,,,
Shin Da Eun,3,신다은,1.0,1986-12-07,21,,,,
Ahn Yun Hong,1,안연홍,1.0,1986-12-07,32,,,,
Son Woo Hyeok,1,손우혁,0.0,1986-12-07,7,,,,
Choi Moon Hee,1,최문희,1.0,1986-12-07,Notfound,,,,
Park Soo Young,1,박수영,1.0,1986-12-07,Notfound,,,,
Jung Sung Ho,1,정성호,0.0,1986-12-07,Notfound,,,,
Hong Seo Young,2,홍서영,1.0,1986-12-07,6,,,,
Choi Sung Won,1,최성원,0.0,1986-12-07,12,,,,
Kim Jae Kyung,2,김재경,1.0,1986-12-07,22,,,,
Han Soo Yeon,2,한수연,1.0,1986-12-07,18,,,,
Kim Dong Wan,1,김동완,0.0,1986-12-07,17,,,,
Kim Hwan Hee,1,김환희,1.0,1986-12-07,Notfound,,,,
Na Jae Min,1,나재민,0.0,1986-12-07,Notfound,,,,
Kim Ji In,1,김지인,1.0,1986-12-07,10,,,,
Kim Yoo Jin,1,김유진,1.0,1986-12-07,Notfound,,,,
Kim Tae Woo,3,김태우,0.0,1986-12-07,Notfound,,,,
Kim Sang Joong,2,김상중,0.0,1986-12-07,43,,,,
Chae Shi Ra,3,채시라,1.0,1986-12-07,34,,,,
Yoo Dong Geun,2,유동근,0.0,1986-12-07,43,,,,
Ki Tae Young,1,기태영,0.0,1986-12-07,26,,,,
Kim Ha Kyung,1,김하경,1.0,1986-12-07,4,,,,
Nam Ki Ae,1,남기애,1.0,1986-12-07,26,,,,
Joo Jin Mo,4,주진모,0.0,1986-12-07,14,,,,
Han Ye Seul,3,한예슬,1.0,1986-12-07,16,,,,
Kim Hee Won,2,김희원,1.0,1986-12-07,26,,,,
Song Sae Byuk,1,송새벽,0.0,1986-12-07,2,,,,
Go Joon Hee,3,고준희,1.0,1986-12-07,19,,,,
Ryu Soo Young,4,류수영,0.0,1986-12-07,38,,,,
Park Han Byul,3,박한별,1.0,1986-12-07,17,,,,
Choi Woong,1,"최웅
",0.0,1986-12-07,Notfound,,,,
Jung Hye Sung,6,정혜성,1.0,1986-12-07,19,,,,
Lee Hong Ki,2,이홍기,0.0,1986-12-07,36,,,,
Moon Soo Bin,1,문수빈,1.0,1986-12-07,Notfound,,,,
Kim Hye Ja,3,김혜자,1.0,1986-12-07,33,,,,
Lee Seung Joon,4,이승준,0.0,1986-12-07,36,,,,
Kim Hyun Sook,4,김현숙,1.0,1986-12-07,Notfound,,,,
Lee Na Young,1,이나영,1.0,1986-12-07,9,,,,
Ryu Seung Ryong,1,류승룡,0.0,1986-12-07,10,,,,
Choi Byung Mo,1,최병모,0.0,1986-12-07,22,,,,
Mina,1,"민아
",1.0,1986-12-07,Notfound,,,,
Jae Hee,2,"재희
",0.0,1986-12-07,Notfound,,,,
Jo An,2,"조안
",1.0,1986-12-07,Notfound,,,,
Kim Hyung Min,1,김형민,0.0,1986-12-07,Notfound,,,,
Park Shin Yang,2,박신양,0.0,1986-12-07,13,,,,
Kim Jin Woo,2,김진우,0.0,1986-12-07,25,2006.0,1.0,0.0,
Ha Yun Joo,4,하연주,1.0,1986-12-07,20,,,,
Jin Tae Hyun,1,진태현,0.0,1986-12-07,24,,,,
Joo Woo Jae,1,주우재,0.0,1986-12-07,42,,,,
Lee Joo Seung,1,이주승,0.0,1986-12-07,22,,,,
Lee Sung Jong,1,이성종,0.0,1986-12-07,10,2010.0,,1.0,0.0
Jang Hee Ryung,2,장희령,1.0,1986-12-07,20,2014.0,,0.0,0.0
Bae Woo Hee,1,배우희,1.0,1986-12-07,18,,,,
Kang Yul,1,강율,0.0,1986-12-07,Notfound,,,,
Lee Min Hyuk,3,이민혁,0.0,1986-12-07,Notfound,,,,
Baek Seo Yi,1,백서이,1.0,1986-12-07,7,,,,
Kwon Young Min,1,권영민,0.0,1986-12-07,Notfound,,,,
Kim Gun Woo,1,김건우,0.0,1986-12-07,8,2017.0,,0.0,0.0
Kim Min Young,1,김민영,1.0,1986-12-07,13,2009.0,,0.0,0.0
Yong Jun Hyung,1,용준형,0.0,1986-12-07,9,2009.0,,1.0,0.0
Bang Eun Hee,1,방은희,1.0,1986-12-07,55,,,,
Seo Do Young,5,서도영,0.0,1986-12-07,16,,,,
Im Yoon Ho,1,임윤호,0.0,1986-12-07,6,,,,
Hwang Bo Mi,1,황보미,1.0,1986-12-07,Notfound,,,,
Lee Chun Hee,1,이천희,0.0,1986-12-07,32,,,,
Lee Tae Ran,2,이태란,1.0,1986-12-07,25,,,,
Shin Eun Kyung,2,신은경,1.0,1986-12-07,28,,,,
Yoon Joo Hee,2,윤주희,1.0,1986-12-07,34,,,,
Baek Jin Hee,5,백진희,1.0,1986-12-07,18,,,,
Kim Jong Hoon,1,김종훈,0.0,1986-12-07,Notfound,,,,
Chun Jung Myung,3,천정명,0.0,1986-12-07,18,,,,
Yoon Eun Hye,1,윤은혜,1.0,1986-12-07,13,,,,
In Gyo Jin,1,인교진,0.0,1986-12-07,39,,,,
Kim Hyun Joong,1,김현중,0.0,1986-12-07,9,,,,
So Yoo Jin,2,소유진,1.0,1986-12-07,38,,,,
Kim Hyun Joon,1,김현준,0.0,1986-12-07,Notfound,,,,
Choi Kwang Je,1,최광제,0.0,1986-12-07,10,,,,
Kim Yoon Jin,1,김윤진,1.0,1986-12-07,Notfound,,,,
Seungri,1,"승리
",0.0,1986-12-07,Notfound,,,,
Son Yeo Eun,1,손여은,1.0,1986-12-07,17,,,,
Kim Won Hae,1,김원해,0.0,1986-12-07,47,,,,
Uhm Ki Joon,3,엄기준,0.0,1986-12-07,25,,,,
Im Se Mi,3,임세미,1.0,1986-12-07,24,,,,
Yoo Sun Ho,1,유선호,0.0,1986-12-07,22,,,,
Kim Nam Joo,2,김남주,1.0,1986-12-07,15,,,,
Ahn Hyung Sub,1,안형섭,0.0,1986-12-07,Notfound,,,,
Na Hye Mi,1,나혜미,1.0,1986-12-07,7,,,,
Choi Soo Jong,1,최수종,0.0,1986-12-07,54,,,,
Yoon Jin Yi,1,윤진이,1.0,1986-12-07,8,,,,
Jung Eun Woo,2,정은우,0.0,1986-12-07,15,,,,
Shin Dong Yup,1,신동엽,0.0,1986-12-07,133,,,,
Ha Hee Ra,3,하희라,1.0,1986-12-07,39,,,,
Ahn Sun Young,1,안선영,1.0,1986-12-07,43,,,,
Go Eun Mi,1,고은미,1.0,1986-12-07,17,,,,
Song Chang Eui,3,송창의,0.0,1986-12-07,20,,,,
Ji Min Hyuk,1,지민혁,0.0,1986-12-07,9,,,,
Ahn Seo Hyun,1,안서현,1.0,1986-12-07,20,,,,
Samuel,1,서사무,0.0,1986-12-07,Notfound,,,,
Lee Gi Kwang,3,이기광,0.0,1986-12-07,36,,,,
Yoon So Hee,4,윤소희,1.0,1986-12-07,26,,,,
Kim Young Ok,1,김영옥,1.0,1986-12-07,104,,,,
Hong Bin,2,"홍빈
",0.0,1986-12-07,Notfound,,,,
Go Soo Hee,1,고수희,1.0,1986-12-07,16,,,,
Hong Soo Ah,1,홍수아,1.0,1986-12-07,20,,,,
Lee Young Ah,1,이영아,1.0,1986-12-07,18,,,,
Nam Sang Mi,2,남상미,1.0,1986-12-07,19,,,,
Jo Hyun Jae,2,조현재,0.0,1986-12-07,17,,,,
Byun Yo Han,3,변요한,0.0,1986-12-07,4,,,,
Jeon Soo Jin,1,전수진,1.0,1986-12-07,Notfound,,,,
Lee Joong Moon,1,이중문,0.0,1986-12-07,12,,,,
Seo Hae Won,1,서해원,1.0,1986-12-07,3,,,,
Bu Bae,1,김경남,0.0,1986-12-07,12,,,,
Kim Hyun Mok,1,김현목,0.0,1986-12-07,25,,,,
Choi Woo Jung,1,최우정,1.0,1986-12-07,6,,,,
Park Hwan Hee,1,박환희,1.0,1986-12-07,8,,,,
Yoo Oh Sung,3,유오성,0.0,1986-12-07,21,,,,
Woo Hee Jin,3,우희진,1.0,1986-12-07,34,,,,
Lee In Hye,1,이인혜,1.0,1986-12-07,28,,,,
Alex,1,"김영
",0.0,1986-12-07,Notfound,,,,
Park Joon Hyuk,1,박준혁,0.0,1986-12-07,26,,,,
Ha Yeon Soo,2,하연수,1.0,1986-12-07,Notfound,,,,
Jin Joo Hyung,1,진주형,0.0,1986-12-07,7,,,,
Han Ga In,1,한가인,1.0,1986-12-07,14,,,,
Gu Jae Yi,1,구재이,1.0,1986-12-07,15,,,,
Jang Geun Suk,2,장근석,0.0,1986-12-07,23,,,,
Lee Yoo Bi,3,이유비,1.0,1986-12-07,13,,,,
Lee Da Hae,1,이다해,1.0,1986-12-07,19,,,,
Shim Hee Sub,2,심희섭,0.0,1986-12-07,6,,,,
Park Shi Yeon,2,박시연,1.0,1986-12-07,18,,,,
Son Seung Won,2,손승원,0.0,1986-12-07,Notfound,,,,
Jo Jae Hyun,3,조재현,0.0,1986-12-07,25,,,,
Heo Yool,1,"허율
",1.0,1986-12-07,Notfound,,,,
Gong Yoo Rim,1,공유림,1.0,1986-12-07,6,,,,
No Seong Su,1,노성수,0.0,1986-12-07,1,,,,
Ahn Shi Eun,1,안시은,1.0,1986-12-07,3,,,,
Choi Hee Jin,1,최희진,1.0,1986-12-07,6,,,,
Lee Ho Jung,1,이호정,1.0,1986-12-07,6,,,,
Brian Joo,1,주학년,0.0,1986-12-07,1,,,,
Park Joong Hoon,1,박중훈,0.0,1986-12-07,5,,,,
Park Young Gyu,2,박영규,0.0,1986-12-07,49,,,,
Park Hae Mi,1,박해미,1.0,1986-12-07,37,,,,
Kwon Oh Jung,1,권오중,0.0,1986-12-07,44,,,,
Han Young,1,한지영,1.0,1986-12-07,Notfound,,,,
Oh Dae Gyu,2,오대규,0.0,1986-12-07,33,,,,
Kang Seo Joon,1,김준형,0.0,1986-12-07,Notfound,,,,
Ban So Young,1,반소영,1.0,1986-12-07,5,,,,
Kang Hye Jung,1,강혜정,1.0,1986-12-07,8,,,,
Go Na Yeon,1,고나연,1.0,1986-12-07,4,,,,
Lee Su Hyun,1,이수현,1.0,1986-12-07,14,,,,
Kim Hee Jung,1,김희정,1.0,1986-12-07,Notfound,,,,
Kim Min Kyo,1,김민교,0.0,1986-12-07,Notfound,,,,
Kwon Young Deuk,1,권영득,0.0,1986-12-07,Notfound,,,,
Dong Ha,1,"동하
",0.0,1986-12-07,Notfound,,,,
Na Hae Ryung,3,나해령,1.0,1986-12-07,13,,,,
Lee Sung Yeol,1,이성열,0.0,1986-12-07,Notfound,,,,
Lee Dong Ha,2,이동하,0.0,1986-12-07,15,,,,
Han Hye Rin,2,한혜린,1.0,1986-12-07,9,,,,
Lee Soon Jae,2,이순재,0.0,1986-12-07,98,,,,
Lee Seo Won,3,이서원,0.0,1986-12-07,5,,,,
Do Ji Won,2,도지원,1.0,1986-12-07,31,,,,
Park Sung Woo,1,박성우,0.0,1986-12-07,Notfound,,,,
Cha Jung Won,1,차정원,1.0,1986-12-07,12,,,,
Baek Seung Hwan,1,백승환,0.0,1986-12-07,Notfound,,,,
Jo Jae Yoon,1,조재윤,0.0,1986-12-07,50,,,,
Kim Hye Sung,1,김혜성,0.0,1986-12-07,Notfound,,,,
Ahn Se Ha,1,안세하,0.0,1986-12-07,24,,,,
Ryu Hyun Kyung,2,류현경,1.0,1986-12-07,24,,,,
Kim Jin Kyung,1,김진경,1.0,1986-12-07,11,,,,
Kai,1,"카이
",0.0,1986-12-07,Notfound,,,,
Lee Ye Hyun,1,이예현,1.0,1986-12-07,3,,,,
Baek Chul Min,1,백철민,0.0,1986-12-07,8,,,,
Kang Se Jung,1,강세정,1.0,1986-12-07,16,,,,
Park Jung Ah,1,박정아,1.0,1986-12-07,23,,,,
Kim Da Hyun,1,김다현,1.0,1986-12-07,Notfound,,,,
Yang Dong Geun,1,양동근,0.0,1986-12-07,43,,,,
Choi Jung Won,3,최정원,1.0,1986-12-07,Notfound,,,,
Min Do Hee,1,"도희
",1.0,1986-12-07,Notfound,,,,
Seo Young Joo,2,서영주,0.0,1986-12-07,11,,,,
Yang Byeong Yeol,1,양병열,0.0,1986-12-07,7,,,,
Ryu Seung Soo,3,류승수,0.0,1986-12-07,39,,,,
Nichkhun,1,메이슨,0.0,1986-12-07,Notfound,,,,
Ohn Joo Wan,3,온주완,0.0,1986-12-07,20,,,,
Shim Hyung Tak,4,심형탁,0.0,1986-12-07,39,,,,
Seo Hyo Rim,2,서효림,1.0,1986-12-07,24,,,,
Ji Woo,2,"지우
",1.0,1986-12-07,Notfound,,,,
Choi A Ra,1,최아라,1.0,1986-12-07,1,,,,
Kwak Hee Sung,2,곽희성,0.0,1986-12-07,12,,,,
Yoon Da Young,1,윤다영,1.0,1986-12-07,7,,,,
Hong Ah Reum,2,홍아름,1.0,1986-12-07,16,,,,
Kang Da Bin,1,강다빈,0.0,1986-12-07,4,,,,
Kim Jae Joong,2,김재중,0.0,1986-12-07,16,,,,
Joo Eo Jin,1,주어진,0.0,1986-12-07,3,,,,
Go Yoon,1,"고윤
",0.0,1986-12-07,Notfound,,,,
Moon Sung Geun,1,문성근,0.0,1986-12-07,16,,,,
Han Joo Wan,2,한주완,0.0,1986-12-07,10,,,,
Kim Byung Chun,1,김병춘,0.0,1986-12-07,32,,,,
Lee Tae Im,2,이태임,1.0,1986-12-07,Notfound,,,,
Lee Jae Woo,1,이재우,0.0,1986-12-07,15,,,,
Yoo Geon,1,"유건
",0.0,1986-12-07,Notfound,,,,
Kang Kyung Joon,2,강경준,0.0,1986-12-07,19,,,,
Cha Do Jin,3,차도진,0.0,1986-12-07,11,,,,
Do Ji Han,1,도지한,0.0,1986-12-07,10,,,,
Nam Bo Ra,2,남보라,1.0,1986-12-07,27,,,,
Key,1,"키
A",0.0,1986-12-07,Notfound,,,,
Song Sun Mi,1,송선미,1.0,1986-12-07,35,,,,
Kang Sung Yun,2,강성연,1.0,1986-12-07,32,,,,
Lee Pil Mo,2,이필모,0.0,1986-12-07,24,,,,
Park Chul Min,1,박철민,0.0,1986-12-07,57,,,,
Kim So Ri,1,김소리,1.0,1986-12-07,4,,,,
Heo Young Joo,1,허영주,1.0,1986-12-07,2,,,,
Lee Ye Eun,1,이예은,1.0,1986-12-07,4,,,,
Lee Su Ji,1,이수지,1.0,1986-12-07,Notfound,,,,
Teramoto Yukika,1,,,1986-12-07,Notfound,,,,
Gu Bon Seung,1,구본승,0.0,1986-12-07,20,,,,
Choi Yoon So,1,최윤소,1.0,1986-12-07,22,,,,
Jung Da Sol,1,정다솔,1.0,1986-12-07,Notfound,,,,
Jo Yoon Woo,1,조윤우,0.0,1986-12-07,13,,,,
Lee Hyun Jae,1,이현재,0.0,1986-12-07,Notfound,,,,
Lee Hyun Woo,2,이현우,0.0,1986-12-07,23,,,,
Gu Hye Seon,2,구혜선,1.0,1986-12-07,13,,,,
Jung Gyu Woon,2,정겨운,0.0,1986-12-07,29,,,,
Kim Joo Young,1,김주영,0.0,1986-12-07,Notfound,,,,
Cho Hye Jin,1,조혜진,1.0,1986-12-07,8,,,,
Go So Young,1,고소영,1.0,1986-12-07,13,,,,
Park Hyuk Kwon,1,박혁권,0.0,1986-12-07,33,,,,
Kim Ji Min,1,김지민,1.0,1986-12-07,60,,,,
Kim Min Seo,1,김민서,1.0,1986-12-07,7,,,,
Na Ya,1,"나야
",1.0,1986-12-07,Notfound,,,,
Heo Young Ran,1,허영란,1.0,1986-12-07,20,,,,
Lee In,1,"이인
",0.0,1986-12-07,Notfound,,,,
Kim Hyun Soo,1,김현수,1.0,1986-12-07,Notfound,,,,
Yoon Seung Ah,1,윤승아,1.0,1986-12-07,11,,,,
Wang Ji Hye,2,왕지혜,1.0,1986-12-07,17,,,,
Kim Min Soo,3,김민수,0.0,1986-12-07,Notfound,,,,
Lee Young Eun,1,이영은,1.0,1986-12-07,Notfound,,,,
Lee Yoon Ji,2,이윤지,1.0,1986-12-07,32,,,,
Jo Yeon Ho,1,조연호,0.0,1986-12-07,2,,,,
Lee Ha Yul,2,이하율,0.0,1986-12-07,16,,,,
Heo Jung Eun,1,허정은,1.0,1986-12-07,14,,,,
Lee Jae Yoon,3,이재윤,0.0,1986-12-07,31,,,,
Jin Yi Han,2,진이한,0.0,1986-12-07,18,,,,
Son Ga Young,1,손가영,1.0,1986-12-07,9,,,,
Jo Jin Woong,2,조진웅,0.0,1986-12-07,7,,,,
Sun Woo Jae Duk,1,선우재,0.0,1986-12-07,Notfound,,,,
Kwon Hyun Sang,1,권현상,0.0,1986-12-07,Notfound,,,,
Kwon BoA,1,권보아,1.0,1986-12-07,15,,,,
Choi Tae Hwan,1,최태환,0.0,1986-12-07,20,,,,
Shin Suk Chul,1,신석철,0.0,1986-12-07,Notfound,,,,
Kang So Yeon,1,강,1.0,1986-12-07,Notfound,,,,
Choi Ji Woo,2,최지우,1.0,1986-12-07,24,,,,
Kim Sun Woong,1,김선웅,0.0,1986-12-07,1,,,,
Yoon Ah Jung,1,윤아정,1.0,1986-12-07,13,,,,
Kim Hye Ji,1,김혜지,1.0,1986-12-07,Notfound,,,,
Lee Min Woo,1,이민우,0.0,1986-12-07,Notfound,,,,
Noh Young Hak,1,노영학,0.0,1986-12-07,27,,,,
Cha In Pyo,1,차인표,0.0,1986-12-07,34,,,,
Choi Min,2,"최민
",0.0,1986-12-07,Notfound,,,,
Jung Heon,1,김정헌,0.0,1986-12-07,11,,,,
Kim Yun Seo,1,김윤서,1.0,1986-12-07,21,,,,
Uhm Tae Woong,1,엄태웅,0.0,1986-12-07,18,,,,
Lee Hoon,1,"이훈
",0.0,1986-12-07,Notfound,,,,
Ma Dong Seok,1,예정화,1.0,1986-12-07,5,,,,
Heo Yi Jae,1,허이재,1.0,1986-12-07,5,,,,
Kim Seo Ra,1,김서라,1.0,1986-12-07,43,,,,
Nam Tae Hyun,2,남태현,0.0,1986-12-07,6,,,1.0,
Kim Soo Yeon,1,김수연,1.0,1986-12-07,9,,,,
Park Min Ji,1,박민지,1.0,1986-12-07,Notfound,,,,
Go Woo Ri,1,고우리,1.0,1986-12-07,22,,,1.0,
Kim Jeong Hoon,1,김정훈,0.0,1986-12-07,19,,,1.0,
Na Moon Hee,1,나문희,1.0,1986-12-07,72,,,,
Hyun Woo Sung,1,현우성,0.0,1986-12-07,14,,,,
Sung Yoo Ri,1,성유리,1.0,1986-12-07,18,,,,
Kim Min Jong,2,김민종,0.0,1986-12-07,29,,,,
Shin Rin Ah,1,신린아,1.0,1986-12-07,9,,,,
Jung Yi Yeon,2,정이연,1.0,1986-12-07,10,,,,
Ji Eun Sung,1,지은성,0.0,1986-12-07,1,,,,
Kim In Kwon,1,김인권,0.0,1986-12-07,25,,,,
Kim Soo Ro,1,김수로,0.0,1986-12-07,31,,,,
Kang Boo Ja,1,강부자,1.0,1986-12-07,65,,,,
Hong Yo Sub,1,홍요섭,0.0,1986-12-07,32,,,,
Seo Joon Young,1,서준영,0.0,1986-12-07,24,,,,
Jung Jin Woon,1,정진운,0.0,1986-12-07,42,,,,
Lee Joo Hyung,1,이주형,0.0,1986-12-07,Notfound,,,,
Seo In Young,1,서인영,1.0,1986-12-07,30,,,,
Seo Ha Joon,1,서하준,0.0,1986-12-07,10,,,,
Park Soon Chun,1,박순천,1.0,1986-12-07,45,,,,
Song Il Gook,1,송일국,0.0,1986-12-07,21,,,,
Jung Yoon Suk,1,정윤석,0.0,1986-12-07,22,,,,
Yoo Ji In,1,유지인,1.0,1986-12-07,32,,,,
Kang Min Kyung,1,강민경,1.0,1986-12-07,7,,,,
Jung Chan,1,"정찬
",0.0,1986-12-07,Notfound,,,,
Cho Hye Jung,2,조혜정,1.0,1986-12-07,10,,,,
Choi Phillip,1,최필립,0.0,1986-12-07,33,,,,
Song Won Geun,1,송원근,0.0,1986-12-07,6,,,,
Yoo Ho Rin,1,유호린,1.0,1986-12-07,11,,,,
Seo Yi Ahn,1,서이안,1.0,1986-12-07,9,,,,
Choi Jong Hoon,1,최종훈,0.0,1986-12-07,10,,,,
Park Doo Shik,1,박두식,0.0,1986-12-07,12,,,,
Han Chae Ah,1,한채아,1.0,1986-12-07,20,,,,
Im Seul Ong,2,임슬옹,0.0,1986-12-07,16,,,,
Kim Suk Hoon,1,김석훈,0.0,1986-12-07,21,,,,
Choi Ye Seul,1,최예슬,1.0,1986-12-07,3,,,,
Son Chang Min,1,손창민,0.0,1986-12-07,43,,,,
Seo Yoon Ah,1,서윤아,1.0,1986-12-07,20,,,,
Rocky,1,박민혁,0.0,1986-12-07,Notfound,,,,
MJ,1,김명준,0.0,1986-12-07,Notfound,,,,
Moon Bin,1,"문빈
",0.0,1986-12-07,Notfound,,,,
Jin Jin,1,박진우,0.0,1986-12-07,Notfound,,,,
Park Jeong Hwa,1,박정화,1.0,1986-12-07,8,,,,
Park Eun Seok,1,박은석,0.0,1986-12-07,17,,,,
Kim Jung Seok,1,김정석,0.0,1986-12-07,Notfound,,,,
Jung Il Hoon,1,정일훈,0.0,1986-12-07,9,,,,
Go Hyun,1,"고현
",0.0,1986-12-07,Notfound,,,,
Lee Chul Woo,1,이철우,0.0,1986-12-07,Notfound,,,,
Lee Bum Soo,1,이범수,0.0,1986-12-07,16,1990.0,,0.0,0.0
Shim Chang Min,1,심창민,0.0,1986-12-07,4,2003.0,,1.0,0.0
Kim Seung Woo,1,김승우,0.0,1986-12-07,26,,,,
Son Dam Bi,1,손담비,1.0,1986-12-07,21,1997.0,,1.0,0.0
Choo Soo Hyun,1,추수현,1.0,1986-12-07,7,2014.0,,0.0,0.0
Kim Hye Ri,1,김혜리,1.0,1986-12-07,29,1988.0,,0.0,0.0
Hwang Woo Seul Hye,1,황우슬,1.0,1986-12-07,14,2008.0,,0.0,0.0
Hwang Dong Joo,1,황동주,0.0,1986-12-07,28,1996.0,,0.0,0.0
Yun Woon Kyung,1,연운경,1.0,1986-12-07,31,1972.0,,0.0,0.0
Jeon Won Joo,1,전원주,1.0,1986-12-07,34,1960.0,,0.0,0.0
Heo Jin,1,"허진
",1.0,1986-12-07,24,1971.0,,0.0,0.0
Nam Neung Mi,1,남능미,1.0,1986-12-07,40,1967.0,,0.0,0.0
Baek Soo Ryun,1,백수련,1.0,1986-12-07,11,1958.0,,0.0,0.0
Kim Hye Ok,1,김혜옥,1.0,1986-12-07,69,1978.0,,0.0,0.0
Kim Min Kyung,1,김민경,1.0,1986-12-07,25,,,,
Yoon Jong Hwa,1,윤종화,0.0,1986-12-07,18,2005.0,,0.0,0.0
Jang Ji Eun,1,장지은,1.0,1986-12-07,13,2008.0,,0.0,0.0
Kim Min Ji,1,김민지,1.0,1986-12-07,14,2008.0,,0.0,0.0
Kim Yoo Suk,1,김유석,0.0,1986-12-07,26,1998.0,,0.0,0.0
Ahn Jae Min,1,안재민,0.0,1986-12-07,17,2003.0,,1.0,0.0
Baek Seung Hee,1,백승희,1.0,1986-12-07,21,2007.0,,0.0,0.0
Wang Ji Won,1,왕지원,1.0,1986-12-07,13,2012.0,,0.0,0.0
Yoo Byung Jae,1,유병재,0.0,1986-12-07,40,2011.0,,1.0,0.0
Kim Chang Hwan,1,김창환,0.0,1986-12-07,20,1992.0,,0.0,0.0
Jung Yoon Hak,1,정윤학,0.0,1986-12-07,4,2007.0,,1.0,0.0
Jung Joon Young,1,정준영,0.0,1986-12-07,11,2010.0,,1.0,0.0
Terada Takuya,1,,,1986-12-07,6,2009.0,,1.0,0.0
Park Yoo Chun,1,박유천,0.0,1986-12-07,8,2003.0,,1.0,0.0
Yoo Ho Jung,1,유호정,1.0,1986-12-07,28,1991.0,,0.0,0.0
Jang Shin Young,1,장신영,1.0,1986-12-07,26,2001.0,,0.0,0.0
Min Hyo Rin,1,민효린,1.0,1986-12-07,8,2006.0,,0.0,0.0
Yoon Hee Seok,1,윤희석,0.0,1986-12-07,32,1998.0,,0.0,0.0
Yoon Son Ha,1,윤손하,1.0,1986-12-07,28,1994.0,,0.0,0.0
Park Tam Hee,1,박탐희,1.0,1986-12-07,20,1998.0,,0.0,0.0
Kim Bo Yun,1,김보윤,1.0,1986-12-07,7,2013.0,,0.0,1.0
Shin Min Soo,1,신민수,0.0,1986-12-07,4,2010.0,,0.0,0.0
