eng_name,drama_num,kor_name,gender,birth,drama_cnt_naver,debut,play_actor,singer,actor_type_real,actor_type,,,child_actor
Jung Hae In,7,정해인,0,01-Apr-88,18,2013,0,0,"탤런트,영화배우","정해인
탤런트, 영화배우",,,0
Koo Kyo Hwan,3,구교환,0,14-Dec-82,9,2006,0,0,"영화배우,영화감독","구교환
영화배우, 영화감독",,,0
Kim Sung Kyun,6,김성균,0,25-May-80,12,2001,1,0,"연극배우,영화배우","김성균
연극배우, 영화배우",,,0
Son Suk Ku,7,손석구,0,07-Feb-83,13,2011,0,0,영화배우,"손석구
Sukku Son
영화배우",,,0
Lee Sung Min,6,이성민,0,04-Dec-68,31,1987,0,0,"탤런트,영화배우","이성민
탤런트, 영화배우",,,0
Jung Jin Young,12,정진영,0,18-Nov-91,19,1988,0,0,"영화배우,영화감독","정진영
영화배우, 영화감독",,,0
Kyung Soo Jin,8,경수진,1,05-Nov-87,24,2012,0,0,탤런트,"경수진
탤런트",,,0
Lee Hak Joo,4,이학주,0,09-Jan-89,19,2012,0,0,영화배우,"이학주
영화배우",,,0
Kim Shin Rok,2,김신록,1,24-Mar-81,10,2004,0,0,영화배우,"김신록
영화배우",,,0
Park Gyu Young,3,박규영,1,27-Jul-93,16,2016,0,0,탤런트,"박규영
탤런트",,,0
Kang Min Hyuk,5,강민혁,0,28-Jun-91,17,2010,0,1,"가수,탤런트","강민혁
가수, 탤런트",,,0
Lee Chung Ah,6,이청아,1,29-Oct-84,29,2002,0,0,"영화배우,탤런트","이청아
Chung Ah Lee
영화배우, 탤런트",,,0
Lee Dong Gun,7,이동건,0,26-Jul-80,26,1998,0,1,"영화배우,가수","이동건
영화배우, 가수",,,0
Jeon Hyo Sung,2,전효성,1,13-Oct-89,27,2005,0,1,"탤런트,가수","전효성
Jun Hyo Seong
탤런트, 가수",,,0
Kim Myung Soo,7,엘,0,13-Mar-92,18,2010,0,1,"엘탤런트,가수","김명수
엘
탤런트, 가수",,,0
Choi Jin Hyuk,7,최진혁,0,09-Feb-86,27,2006,0,0,"김태호,탤런트,영화배우","최진혁
김태호, Jin Hyuk Choi
탤런트, 영화배우",,,0
Choi Min Soo,5,최민수,0,01-May-62,28,1985,0,0,"영화배우,탤런트","최민수
영화배우, 탤런트",,,0
Yeonwoo,5,연우,1,01-Aug-96,14,2016,0,0,증권정보,증권정보,,,0
Kim Yoo Ri,3,김유리,1,29-Aug-84,15,2006,0,0,탤런트,"김유리
탤런트",,,0
Kim Tae Ri,3,김태리,1,24-Apr-90,3,2012,0,0,영화배우,"김태리
영화배우",,,0
Oh Jung Se,7,오정세,0,26-Feb-77,31,1997,1,0,"영화배우,연극배우","오정세
영화배우, 연극배우",,,0
Hong Kyung,1,홍경,0,14-Feb-96,11,2017,0,0,"영화배우,탤런트","홍경
영화배우, 탤런트",,,0
Kim Tae Hee,3,김태희,1,29-Mar-80,15,2000,0,0,"탤런트,영화배우","김태희
탤런트, 영화배우",,,
Im Ji Yeon,8,임지연,1,23-Jun-90,13,2011,0,0,영화배우,"임지연
영화배우",,,
Kim Sung Oh,3,김성오,0,15-Sep-78,29,2000,1,0,"탤런트,연극배우","김성오
탤런트, 연극배우",,,
Choi Jae Rim,1,최재림,0,29-Apr-85,4,2009,0,0,뮤지컬배우,"최재림
Jae Rim Choi
뮤지컬배우",,,
Lee Jun Ho,6,이준호,0,25-Jan-90,15,2008,0,1,"가수,영화배우","이준호
가수, 영화배우",,,
Im Yoon Ah,5,임윤아,1,30-May-90,20,2007,0,1,"임윤아가수,탤런트","윤아
임윤아
가수, 탤런트",,,
Shin Hye Sun,8,신혜선,1,31-Aug-89,17,2012,0,0,탤런트,"신혜선
Shin Haesun
탤런트",,,
Ahn Bo Hyun,7,안보현,0,16-May-88,19,2007,0,0,"영화배우,탤런트","안보현
Bo Hyun Ahn
영화배우, 탤런트",,,
Ha Yoon Kyung,1,하윤경,1,20-Oct-92,7,2015,1,0,"영화배우,연극배우","하윤경
영화배우, 연극배우",,,
Ahn Dong Goo,1,안동구,0,02-Nov-93,8,2019,0,0,탤런트,"안동구
Ahn Dong Gu
탤런트",,,
Woo Do Hwan,7,우도환,0,12-Jul-92,9,2011,0,0,탤런트,"우도환
탤런트",,,
Lee Sang Yi,3,이상이,0,27-Nov-91,16,2014,0,0,"탤런트,뮤지컬배우","이상이
Sang Yi Lee
탤런트, 뮤지컬배우",,,
Heo Joon Ho,7,허준호,0,14-Apr-64,31,1986,0,0,영화배우,"허준호
영화배우",,,
Park Sung Woong,9,박성웅,0,09-Jan-73,33,1997,0,0,"영화배우,탤런트","박성웅
영화배우, 탤런트",,,
Cha Sun Woo,3,차선우,0,05-Sep-92,18,2011,0,1,"바로탤런트,가수","차선우
바로
탤런트, 가수",,,
Ha Seung Ri,2,하승리,1,09-Jan-95,30,1999,0,0,"탤런트,영화배우","하승리
Seung Lee Ha
탤런트, 영화배우",,,1
Choi Yoo Jung,2,최유정,1,12-Nov-99,14,2016,0,1,가수,"최유정
가수",,,
Kim Jong Hyeon,2,김종현,0,08-Jun-95,14,2012,0,0,金鐘賢아나운서,"김종현
金鐘賢
아나운서",,,
Lee Eun Saem,1,이은샘,1,10-Oct-99,12,2007,0,0,"영화배우,탤런트","이은샘
Lee EunSaem
영화배우, 탤런트",,,1
Yeri,2,예리,1,05-Mar-99,10,2015,0,1,가수,"예리
YERI
가수",,,
Lee Jong Hyuk,6,이종혁,0,23-Jun-97,6,2021,0,0,"영화배우,탤런트","이종혁
영화배우, 탤런트",,,
Yoo Jung Hoo,2,유정후,0,27-Oct-97,4,2022,0,0,탤런트,"유정후
탤런트",,,
Lee El,4,이엘,1,26-Aug-82,22,2009,0,0,"김지현,탤런트,영화배우","이엘
김지현, EL
탤런트, 영화배우",,,
Jin Seo Yun,3,진서연,1,18-Jan-83,12,2001,0,0,"영화배우,탤런트","진서연
영화배우, 탤런트",,,
Cha Ye Ryun,5,차예련,1,16-Jul-85,21,2005,0,0,"영화배우,모델","차예련
영화배우, 모델",,,
Woo Jeong Won,1,우정원,1,27-Aug-83,15,2007,1,0,"禹晶媛연극배우,영화배우","우정원
禹晶媛
연극배우, 영화배우",,,
Chun Woo Hee,3,천우희,1,20-Apr-87,6,2004,0,0,영화배우,"천우희
영화배우",,,
Kim Dong Wook,9,김동욱,0,29-Jul-83,19,,0,0,"영화배우,탤런트","김동욱
영화배우, 탤런트",,,
Yoon Park,11,윤박,0,18-Nov-87,34,,0,0,정보없음,Notfound,,,
Park So Jin,3,박소진,1,21-May-86,30,,0,1,"가수,영화배우","박소진
So Jin Park
가수, 영화배우",,,
Lee Dong Hae,1,이동해,0,15-Oct-86,20,,0,1,"이동해가수,탤런트","동해
이동해
가수, 탤런트",,,
Lee Min Jae,1,이민재,0,21-Jan-00,13,,0,0,"탤런트,영화배우","이민재
탤런트, 영화배우",,,
Jung Woo Yeon,2,정우연,1,22-Apr-93,10,,0,0,탤런트,"정우연
탤런트",,,
Kim Woo Bin,2,김우빈,0,16-Jul-89,14,,0,0,영화배우,"김우빈
영화배우",,,
Song Seung Heon,7,송승헌,0,05-Oct-76,22,,0,0,"탤런트,영화배우","송승헌
탤런트, 영화배우",,,
Kang Yoo Seok,3,강유석,0,10-Jun-94,9,,0,0,탤런트,"강유석
탤런트",,,
Esom,5,이솜,1,30-Jan-90,10,,0,0,영화배우,"이솜
Esom
영화배우",,,
Lee Yun Hee,6,이연희,1,09-Jan-88,18,,0,0,"탤런트,영화배우","이연희
탤런트, 영화배우",,,
Hong Jong Hyun,5,홍종현,0,02-Feb-90,33,,0,0,"모델,탤런트","홍종현
모델, 탤런트",,,
Moon So Ri,4,문소리,1,02-Jul-74,14,,0,0,영화배우,"문소리
영화배우",,,
U-Know,3,유노윤호,0,06-Feb-86,13,,0,1,"정윤호가수,탤런트","유노윤호
정윤호
가수, 탤런트",,,0
Lee Hyun Joo,2,이현주,1,05-Feb-98,7,2015,0,0,축구선수,"이현주
축구선수",,,0
Lee Dong Wook,8,이동욱,0,06-Nov-81,36,,0,0,"탤런트,영화배우","이동욱
탤런트, 영화배우",,,
Kim So Yeon,8,김소연,1,02-Nov-80,34,,0,0,"탤런트,영화배우","김소연
탤런트, 영화배우",,,
Kim Bum,6,김범,0,07-Jul-89,19,2006,0,0,"김상범,탤런트,영화배우","김범
김상범, Kim Bum
탤런트, 영화배우",,,1
Ryu Kyung Soo,2,류경수,0,12-Oct-92,7,,0,0,영화배우,"류경수
영화배우",,,
Oh Se Hun,2,오세훈,0,12-Apr-94,13,,0,1,가수,,,,
Jang Yeo Bin,1,장여빈,1,10-Mar-00,3,2017,0,0,영화배우,"장여빈
영화배우",,,0
Jo Joon Young,1,조준영,0,26-Dec-02,4,,0,0,탤런트,"조준영
탤런트",,,
Jin Ki Joo,5,진기주,1,26-Jan-89,11,,0,0,"탤런트,영화배우","진기주
탤런트, 영화배우",,,
Han Seok Kyu,4,한석규,0,03-Nov-64,14,,0,0,"영화배우,탤런트","한석규
영화배우, 탤런트",,,
Lee Sung Kyung,9,이성경,1,10-Aug-90,11,,0,0,"모델,탤런트","이성경
모델, 탤런트",,,
Ahn Hyo Seop,6,한소희,1,18-Nov-94,11,,0,0,탤런트,"한소희
탤런트",,,
Kim Joo Heon,5,김주헌,0,01-Mar-80,14,,1,0,연극배우,"김주헌
Ju Hun Kim
연극배우",,,
Ra Mi Ran,6,라미란,1,06-Mar-75,32,,0,0,"영화배우,탤런트","라미란
영화배우, 탤런트",,,
Lee Do Hyun,7,이도현,0,11-Apr-95,12,,0,0,임동현탤런트,"이도현
임동현
탤런트",,,
Ahn Eun Jin,3,안은진,1,06-May-91,14,,0,0,영화배우,"안은진
영화배우",,,
Yoo In Soo,1,유인수,0,25-Mar-98,13,,0,0,탤런트,"유인수
Yoo In Soo
탤런트",,,
Kim Sun Ah,7,김선아,1,26-Oct-73,21,,0,0,"영화배우,탤런트","김선아
영화배우, 탤런트",,,
Oh Yoon Ah,6,오윤아,1,14-Oct-80,41,,0,0,"영화배우,탤런트","오윤아
영화배우, 탤런트",,,
Shin Eun Jung,1,신은정,1,03-Jan-74,35,,0,0,"탤런트,영화배우","신은정
탤런트, 영화배우",,,
Jang Hyuk,10,장혁,0,20-Dec-76,42,,0,0,"정용준영화배우,탤런트","장혁
정용준
영화배우, 탤런트",,,
Jang Na Ra,8,장나라,1,18-Mar-81,25,,0,1,"영화배우,가수","장나라
영화배우, 가수",,,
Chae Jung An,7,채정안,1,21-Oct-77,33,,0,0,"탤런트,영화배우","채정안
탤런트, 영화배우",,,
Kim Nam Hee,2,김남희,0,25-May-86,12,,0,0,영화배우,"김남희
영화배우",,,
Uhm Jung Hwa,3,엄정화,1,17-Aug-69,19,,0,1,"영화배우,가수","엄정화
Jung Hwa Uhm
영화배우, 가수",,,
Kim Byung Chul,4,김병철,0,05-Jul-74,14,,0,0,영화배우,"김병철
영화배우",,,
Myung Se Bin,3,명세빈,1,10-Apr-75,22,,0,0,"탤런트,영화배우","명세빈
탤런트, 영화배우",,,
Min Woo Hyuk,2,민우혁,0,18-Sep-83,11,,0,0,"뮤지컬배우,배우","민우혁
뮤지컬배우, 배우",,,
Kim Hee Ae,4,김희애,1,23-Apr-67,35,,0,0,"탤런트,영화배우","김희애
탤런트, 영화배우",,,
Kim Jae Won,5,김재원,0,18-Feb-81,24,2001,0,0,"탤런트, 영화배우",,,,
Jo Han Chul,1,조한철,0,13-Jun-73,36,,1,0,"영화배우,연극배우","조한철
Han Cheul Cho
영화배우, 연극배우",,,
Joo Won,4,주원,0,30-Sep-87,14,2006,0,0,문준원영화배우,"주원
문준원
영화배우",,,0
Lee Joo Woo,2,이주우,1,03-Sep-90,11,,0,0,"탤런트,뮤지컬배우","이주우
탤런트, 뮤지컬배우",,,
Choi Hwa Jung,1,최화정,1,10-Feb-61,38,,0,0,",탤런트","최화정
MC, 탤런트",,,
Lee Deok Hwa,3,이덕화,0,08-May-52,79,,0,0,"탤런트, 영화배우",,,,
Yoo In Na,6,유인나,1,05-Jun-82,33,,0,0,탤런트,"유인나
탤런트",,,
Yoon Hyun Min,10,윤현민,0,15-Apr-85,19,,0,0,"尹賢敏탤런트,영화배우","윤현민
尹賢敏
탤런트, 영화배우",,,
Joo Sang Wook,8,주상욱,0,18-Jul-78,35,1998,0,0,"탤런트,영화배우","주상욱
탤런트, 영화배우",,,0
Hwang Chan Sung,2,황찬성,0,11-Feb-90,24,,0,1,"가수,영화배우","황찬성
가수, 영화배우",,,
Kim Seo Hyung,4,김서형,1,28-Oct-73,21,,0,0,"탤런트,영화배우","김서형
탤런트, 영화배우",,,
Seo Young Hee,1,서영희,1,13-Jun-79,21,,0,0,"영화배우,탤런트","서영희
영화배우, 탤런트",,,
Lee Shi Woo,1,이시우,0,19-Dec-99,6,2007,0,0,탤런트,"이시우
탤런트",,,0
Bona,4,보나,1,19-Aug-95,7,,0,1,"탤런트,가수","김지연
BONA
탤런트, 가수",,,
Cha Hak Yeon,4,차학연,0,30-Jun-90,23,,0,1,"탤런트,가수","차학연
N
탤런트, 가수",,,
Shin Hyun Soo,4,신현수,0,08-Jul-89,14,,1,0,"탤런트,연극배우","신현수
Hyun Soo Shin
탤런트, 연극배우",,,
Lee Soon Won,1,이순원,0,19-Feb-83,12,,0,0,영화배우,"이순원
영화배우",,,
Shin Ye Eun,5,신예은,1,18-Jan-98,14,,0,0,탤런트,"신예은
탤런트",,,
Ryeoun,2,려운,0,26-Aug-98,13,,0,0,탤런트,"려운
탤런트",,,
Kang Hoon,4,강훈,0,23-May-91,12,,0,0,탤런트,"강훈
탤런트",,,
Jung Gun Joo,5,정건주,0,26-May-95,10,,0,0,탤런트,"정건주
탤런트",,,
Cha Seo Won,3,차서원,0,15-Apr-91,10,,0,0,이창엽영화배우,"차서원
이창엽
영화배우",,,
Gongchan,1,공찬,0,14-Aug-93,15,,0,1,"공찬식가수,영화배우","공찬
공찬식
가수, 영화배우",,,
Shin Go Eun,2,신고은,1,07-Apr-86,8,,0,0,뮤지컬배우,"신고은
뮤지컬배우",,,
Choi Yoon Young,3,최윤영,1,25-Sep-86,21,,0,0,"탤런트,영화배우","최윤영
탤런트, 영화배우",,,
Lee Chae Young,2,이채영,1,29-Apr-86,29,,0,0,"이보영영화배우,탤런트","이채영
이보영
영화배우, 탤런트",,,
Lee Sun Ho,2,이선호,0,14-Dec-81,20,,0,0,"탤런트,영화배우","이선호
탤런트, 영화배우",,,
Han Ki Woong,2,한기웅,0,30-Dec-87,11,,0,0,탤런트,"한기웅
탤런트",,,
Lee Eun Hyung,4,이은형,0,09-Mar-83,13,,0,0,개그맨,"이은형
개그맨",,,
Lee Ji Ah,5,이지아,1,06-Aug-78,18,,0,0,탤런트,"이지아
탤런트",,,
Lee Sang Yoon,7,이상윤,0,15-Aug-81,23,,0,0,탤런트,"이상윤
탤런트",,,
Jang Hee Jin,5,장희진,1,09-May-83,35,,0,0,"탤런트,영화배우","장희진
탤런트, 영화배우",,,
Park Ki Woong,4,박기웅,0,13-Feb-85,26,,0,0,"영화배우,화가","박기웅
영화배우, 화가",,,
Bong Tae Kyu,3,봉태규,0,19-May-81,38,,0,0,"영화배우,탤런트","봉태규
영화배우, 탤런트",,,
Song Hye Kyo,5,송혜교,1,22-Nov-81,18,1996,0,0,"탤런트,영화배우","송혜교
Hye Kyo Song
탤런트, 영화배우",,,0
Yeom Hye Ran,3,염혜란,1,30-Oct-76,18,,1,0,"연극배우,탤런트","염혜란
Yeom Hye Ran
연극배우, 탤런트",,,
Park Sung Hoon,5,박성훈,0,18-Feb-85,21,,0,0,영화배우,"박성훈
영화배우",,,
Jung Sung Il,2,정성일,0,03-Feb-80,10,,1,0,"영화배우,연극배우","정성일
영화배우, 연극배우",,,
Jang Dong Yoon,7,장동윤,0,12-Jul-92,15,2016,0,0,탤런트,"장동윤
탤런트",,,0
Seol In Ah,4,설인아,1,03-Jan-96,15,,0,0,탤런트,"설인아
탤런트",,,
Choo Young Woo,3,추영우,0,05-Jun-99,7,,0,0,탤런트,"추영우
탤런트",,,
Cho Seung Woo,5,조승우,0,28-Mar-80,8,,0,0,"영화배우,뮤지컬배우","조승우
영화배우, 뮤지컬배우",,,
Han Hye Jin,2,한혜진,1,27-Oct-81,25,,0,0,"탤런트,영화배우","한혜진
Han Hye Jin
탤런트, 영화배우",,,1
Jung Moon Sung,4,정문성,0,13-Jan-81,22,,0,0,"뮤지컬배우,탤런트","정문성
뮤지컬배우, 탤런트",,,
Yoon Chan Young,2,윤찬영,0,25-Apr-01,17,2013,0,0,"탤런트,영화배우","윤찬영
탤런트, 영화배우",,,1
Bang Min Ah,3,방민아,1,13-May-93,13,2010,0,1,"탤런트,가수","방민아
Min Ah Bang
탤런트, 가수",,,0
Kim Min Seok,3,김민석,0,24-Jan-90,21,2012,0,0,"영화배우, 탤런트","영화배우, 탤런트",,,0
Kim Nam Gil,5,김남길,0,13-Mar-80,21,,0,0,"영화배우,탤런트","김남길
영화배우, 탤런트",,,0
Lee Da Hee,7,이다희,1,15-Mar-85,28,,0,0,"탤런트,영화배우","이다희
탤런트, 영화배우",,,
Cha Eun Woo,6,차은우,0,30-Mar-97,18,,0,1,"가수,영화배우","차은우
가수, 영화배우",,,1
Sung Joon,6,성준,0,10-Jul-90,17,2011,0,0,"방성준탤런트,모델","성준
방성준
탤런트, 모델",,,0
Kim Young Kwang,9,김영광,0,11-Jan-87,30,,0,0,"탤런트,모델","김영광
탤런트, 모델",,,
Ahn Hee Yeon,3,안희연,1,01-May-92,25,,0,1,"가수, 탤런트","가수, 탤런트",,,0
Kim Ye Won,3,김예원,1,11-Dec-87,29,2008,0,0,"탤런트,영화배우","김예원
탤런트, 영화배우",,,0
Kim Eui Sung,3,김의성,0,17-Dec-65,13,,0,0,"영화배우,드라마제작자","김의성
영화배우, 드라마제작자",,,
Lee Je Hoon,6,이제훈,0,04-Jul-84,11,,0,0,영화배우,"이제훈
jehoon Lee
영화배우",,,
Pyo Ye Jin,5,표예진,1,03-Feb-92,14,,0,0,탤런트,"표예진
탤런트",,,
Choi Min Shik,2,최민식,0,30-May-62,14,,0,0,영화배우,"최민식
영화배우",,,
Lee Dong Hwi,6,이동휘,0,22-Jul-85,13,,0,0,영화배우,"이동휘
영화배우",,,
Kim Min Gue,5,김민규,0,25-Dec-94,18,,0,0,탤런트,"김민규
탤런트",,,
Go Bo Gyeol,2,고보결,1,02-May-88,17,,0,0,탤런트,"고보결
탤런트",,,
Lee Jang Woo,4,이장우,0,01-Jun-86,22,,0,1,"탤런트, 가수",,,,
Go Won Hee,11,고원희,1,12-Sep-94,19,,0,0,영화배우,"고원희
영화배우",,,
Kim Ok Bin,6,김옥빈,1,03-Jan-87,12,,0,0,영화배우,"김옥빈
Ok Vin Kim
영화배우",,,
Yoo Teo,1,유태오,0,11-Apr-81,9,,0,0,영화배우,"유태오
영화배우",,,
Kim Ji Hoon,7,김지훈,0,09-May-81,35,,0,0,"탤런트,영화배우","김지훈
탤런트, 영화배우",,,
Park Hyung Sik,6,박형식,0,16-Nov-91,21,,0,0,"탤런트,영화배우","박형식
Hyung Sik Park
탤런트, 영화배우",,,
Jeon So Nee,3,전소니,1,20-Mar-91,5,,0,0,영화배우,"전소니
영화배우",,,
Yoon Jong Seok,1,윤종석,0,28-May-92,9,,0,0,탤런트,"윤종석
탤런트",,,
Lee Tae Sun,2,이태선,0,16-Jul-93,10,,0,0,탤런트,"이태선
탤런트",,,
Heo Won Seo,1,허원서,0,16-Nov-01,4,,0,0,탤런트,"허원서
Won Seo Heo
탤런트",,,
Kim Jung Hyun,7,김정현,0,05-Apr-90,11,,0,0,"영화배우,탤런트","김정현
영화배우, 탤런트",,,
Im Soo Hyang,8,임수향,1,19-Apr-90,21,,0,0,"영화배우,탤런트","임수향
영화배우, 탤런트",,,
Kim Da Som,5,김다솜,1,06-May-93,9,,0,0,탤런트,"김다솜
탤런트",,,
Ahn Woo Yeon,3,안우연,0,07-Jan-91,19,,0,0,탤런트,"안우연
탤런트",,,
Kang So Ra,4,강소라,1,18-Feb-90,13,,0,0,"영화배우,탤런트","강소라
Kang So Ra
영화배우, 탤런트",,,
Jang Seung Jo,9,장승조,0,13-Dec-81,16,,0,0,탤런트,"장승조
Jang Seung Jo
탤런트",,,
Jeon Do Yeon,3,전도연,1,11-Feb-73,17,,0,0,영화배우,"전도연
영화배우",,,
Jung Kyung Ho,9,정경호,0,31-Aug-83,23,,0,0,"탤런트,영화배우","정경호
탤런트, 영화배우",,,
Kim Min Jae,8,김민재,0,01-Nov-96,20,2015,0,0,축구선수,"김민재
축구선수",,,0
Kim Hyang Gi,4,김향기,1,09-Aug-00,13,,0,0,"영화배우,탤런트","김향기
영화배우, 탤런트",,,
Kim Sang Kyung,6,김상경,0,01-Jun-72,22,,0,0,"영화배우,탤런트","김상경
영화배우, 탤런트",,,
Kang Young Seok,1,강영석,0,12-Aug-91,10,,1,0,"연극배우,탤런트","강영석
연극배우, 탤런트",,,
Woo Da Vi,2,우다비,1,13-Oct-99,8,,0,0,탤런트,"우다비
탤런트",,,
Lee Bo Young,5,이보영,1,12-Jan-79,26,,0,0,"탤런트,영화배우","이보영
탤런트, 영화배우",,,
Jo Sung Ha,5,조성하,0,08-Aug-66,28,,0,0,"탤런트,영화배우","조성하
탤런트, 영화배우",,,
Son Na Eun,4,손나은,1,10-Feb-94,15,,0,0,탤런트,"손나은
탤런트",,,
Han Joon Woo,2,한준우,0,28-Mar-84,11,,0,0,영화배우,"한준우
영화배우",,,
Jeon Hye Jin,4,전혜진,1,10-Aug-76,7,,0,0,"탤런트,영화배우","전혜진
탤런트, 영화배우",,,
Lee Sun Kyun,4,이선균,0,02-Mar-75,22,,0,0,"영화배우,탤런트","이선균
영화배우, 탤런트",,,
Moon Chae Won,5,문채원,1,13-Nov-86,14,,0,0,"탤런트,영화배우","문채원
탤런트, 영화배우",,,
Park Hoon,4,박훈,0,27-Apr-81,Notfound,,0,0,영화배우,"박훈
영화배우",,,
Ye Ji Won,6,예지원,1,01-Feb-73,34,,0,0,"이유정영화배우,탤런트","예지원
이유정
영화배우, 탤런트",,,
Jung Yong Hwa,3,정용화,0,22-Jun-89,17,,0,1,"가수,탤런트","정용화
가수, 탤런트",,,
Cha Tae Hyun,6,차태현,0,25-Mar-76,37,,0,0,"영화배우,탤런트","차태현
영화배우, 탤런트",,,
Kwak Sun Young,4,곽선영,1,11-May-83,10,,0,0,뮤지컬배우,"곽선영
뮤지컬배우",,,
Chae Soo Bin,10,채수빈,1,10-Jul-94,14,,0,0,"탤런트,영화배우","채수빈
탤런트, 영화배우",,,
Choi Min Ho,3,최민호,0,09-Dec-91,Notfound,,0,1,"가수, 탤런트","최민호
세종시장, 전 정무직공무원",,,
Lee Sang Woon,1,이상운,0,01-Jan-92,Notfound,,1,0,"뮤지컬배우, 탤런트","이상운
Sang Woon Lee
세무사, 전 기초의원",,,
Park Hee Jung,1,박희정,1,09-Dec-91,1,,0,0,영화배우,"박희정
영화배우",,,
Yoo Yeon Seok,7,유연석,0,11-Apr-84,25,,0,0,"안연석,탤런트,영화배우","유연석
안연석, Yeon Seok Yoo
탤런트, 영화배우",,,
Mun Ka Young,6,문가영,1,10-Jul-96,30,,0,0,"영화배우,탤런트","문가영
영화배우, 탤런트",,,
Geum Sae Rok,4,금새록,1,06-Sep-92,7,,0,0,영화배우,"금새록
영화배우",,,
Jung Ga Ram,3,정가람,0,23-Feb-93,10,,0,0,"영화배우,탤런트","정가람
영화배우, 탤런트",,,
Kim Hyun Joo,7,김현주,1,24-Apr-77,32,,0,0,"탤런트,영화배우","김현주
탤런트, 영화배우",,,
Park Hee Soon,5,박희순,0,13-Feb-70,11,,1,0,"영화배우,연극배우","박희순
영화배우, 연극배우",,,
Kim Mu Yeol,5,김무열,0,22-May-82,15,,0,0,"영화배우,뮤지컬배우","김무열
영화배우, 뮤지컬배우",,,
Jung Soo Bin,2,정수빈,1,17-Aug-98,Notfound,,0,0,"영화배우, 탤런트","정수빈NO.31
두산 베어스
외야수 · 좌투좌타",,,
Go Soo,5,고수,0,04-Oct-78,Notfound,,0,0,"탤런트, 영화배우",Notfound,,,
Ahn So Hee,3,안소희,1,27-Jun-92,10,,0,0,"영화배우,탤런트","안소희
영화배우, 탤런트",,,
Ha Joon,7,하준,0,03-Apr-87,Notfound,,0,0,영화배우,"하준
Ha Jun
영화배우",,,
Lee Jung Eun,6,이정은,1,23-Jan-70,29,,1,0,연극배우,"이정은
연극배우",,,
Kim Dong Hwi,1,김동휘,0,26-Dec-95,2,,0,0,영화배우,"김동휘
Kim Dong Hwi
영화배우",,,
Seo Ji Hye,8,서지혜,1,24-Aug-84,Notfound,,0,0,영화배우,"서지혜
영화배우",,,
Hong Soo Hyun,2,홍수현,1,15-Feb-81,37,,0,1,"탤런트,가수","홍수현
탤런트, 가수",,,
Lee Sang Woo,8,이상우,0,13-Feb-80,23,,0,0,"탤런트,영화배우","이상우
탤런트, 영화배우",,,
Lee Sung Jae,4,이성재,0,23-Aug-70,24,,0,0,"영화배우,탤런트","이성재
영화배우, 탤런트",,,
Park Young Woon,1,박영운,0,18-Jan-90,5,,0,0,영화배우,"박영운
영화배우",,,
Park Jeong Woo,1,박정우,0,10-Dec-95,Notfound,,0,0,탤런트,"박정우
탤런트",,,
Jang You Sung,1,장유성,0,17-Mar-95,Notfound,,0,1,"가수,영화배우","장유성
가수, 영화배우",,,
Lee Jae Wook,5,이재욱,0,10-May-98,9,,0,0,"탤런트,영화배우","이재욱
탤런트, 영화배우",,,
Go Youn Jung,1,고윤정,1,22-Apr-96,7,,0,0,"영화배우,탤런트","고윤정
영화배우, 탤런트",,,
Hwang Min Hyun,3,황민현,0,09-Aug-95,6,,0,1,"가수,탤런트","황민현
가수, 탤런트",,,
Shin Seung Ho,4,신승호,0,11-Nov-95,9,,0,0,탤런트,"신승호
seung ho Shin
탤런트",,,
Oh Na Ra,6,오나라,1,26-Oct-74,34,,0,0,"영화배우,탤런트","오나라
영화배우, 탤런트",,,
Yoo Ji Tae,6,유지태,0,13-Apr-76,12,,0,0,"영화배우,영화감독","유지태
영화배우, 영화감독",,,
Park Hae Soo,6,박해수,0,21-Nov-81,9,,1,0,"영화배우,연극배우","박해수
영화배우, 연극배우",,,
Jeon Jong Seo,3,전종서,1,05-Jul-94,3,,0,0,영화배우,"전종서
Jun Jong Seo
영화배우",,,
Lee Won Jong,3,이원종,0,01-Jan-66,64,,0,0,"탤런트,영화배우","이원종
탤런트, 영화배우",,,
Jang Yoon Ju,2,장윤주,1,07-Nov-80,24,,0,0,"모델,영화배우","장윤주
모델, 영화배우",,,
Kim Woo Seok,4,김우석,0,27-Oct-96,9,,0,1,"가수, 탤런트",,,,0
Kim Young Dae,4,김영대,0,02-Mar-96,15,,0,0,"탤런트,모델","김영대
탤런트, 모델",,,
Park Ju Hyun,5,박주현,1,05-Oct-94,8,,0,0,탤런트,"박주현
탤런트",,,
Lee Sun Bin,6,이선빈,1,07-Jan-94,16,,0,0,이진경탤런트,"이선빈
이진경
탤런트",,,
Han Sun Hwa,6,한선화,1,06-Oct-90,25,,0,0,탤런트,"한선화
탤런트",,,
Jung Eun Ji,4,정은지,1,18-Aug-93,25,,0,1,"가수,탤런트","정은지
가수, 탤런트",,,
Choi Si Won,6,최시원,0,07-Apr-86,32,,0,1,"가수,탤런트","시원
최시원
가수, 탤런트",,,
Chae Jong Hyeop,5,채종협,0,19-May-93,Notfound,,0,0,탤런트,"채종협
탤런트",,,
Seo Eun Soo,5,서은수,1,02-Mar-94,11,,0,0,탤런트,"서은수
탤런트",,,
Kim Seol Hyun,5,김설현,1,03-Jan-95,10,,0,0,영화배우,"김설현
Kim Seol Hyun
영화배우",,,
Yim Si Wan,6,임시완,0,01-Dec-88,20,,0,1,"영화배우,가수","임시완
Yim Si Wan
영화배우, 가수",,,
Shin Eun Soo,3,신은수,1,23-Oct-02,11,,0,0,"영화배우,탤런트","신은수
영화배우, 탤런트",,,
a.mond,1,방재민,0,26-Mar-99,3,,0,1,"가수,탤런트","방재민
Bang Jae Min
가수, 탤런트",,,
Oh Yu Jin,1,오유진,1,23-Jul-99,4,,0,1,가수,"오유진
Oh Yoojin
가수",,,
Bae Hyeon Jun,1,배현준,0,06-Jan-03,Notfound,,0,0,탤런트,"배현준
HYEON JUN BAE
탤런트",,,
Kim Sun Bin,1,김선빈,0,07-May-01,Notfound,,0,0,탤런트,"김선빈NO.3
KIA 타이거즈
내야수 · 우투우타",,,
Yoon Ye Joo,2,윤예주,1,23-Apr-95,Notfound,,0,0,탤런트,"윤예주
탤런트",,,
Lee Ha Min,1,이하민,0,18-Nov-96,Notfound,,0,0,탤런트,"이하민
탤런트",,,
Song Joong Ki,6,송중기,0,19-Sep-85,20,,0,0,"탤런트,영화배우","송중기
탤런트, 영화배우",,,
Shin Hyun Bin,5,신현빈,1,10-Apr-86,13,,0,0,"영화배우,탤런트","신현빈
Hyun Been Shin
영화배우, 탤런트",,,
Kim Yong Ji,1,김용지,1,14-Apr-91,7,,0,0,탤런트,"김용지
탤런트",,,
Kang Hae Lim,1,강해림,1,01-Apr-96,2,,0,0,탤런트,"강해림
탤런트",,,
Kim Su Yeon,1,김수연,1,14-Mar-95,Notfound,,0,0,탤런트,"김수연
Su Yeon Kim
교육인, 쇼핑호스트",,,
NC.A,1,임소은,1,07-Oct-96,8,,0,1,가수,"NC.A
임소은, 앤씨아
가수",,,
Choi Seok Won,1,최석원,0,25-Aug-96,3,,0,1,가수,,,,
Kim Rae Won,4,김래원,0,19-Mar-81,20,,0,0,"영화배우,탤런트","김래원
영화배우, 탤런트",,,
Son Ho Jun,6,손호준,0,27-Jun-84,30,,0,0,"영화배우,탤런트","손호준
영화배우, 탤런트",,,
Gong Seung Yeon,8,공승연,1,27-Feb-93,20,,0,0,탤런트,"공승연
탤런트",,,
Lomon,2,로몬,0,11-Nov-99,Notfound,,0,0,탤런트,"로몬
탤런트",,,
Seo Ji Hoon,7,서지훈,0,25-Apr-97,15,,0,0,탤런트,"서지훈
탤런트",,,
Chae Sang Woo,1,채상우,0,31-Mar-99,19,,0,0,영화배우,"채상우
영화배우",,,
Lee Soo Min,2,이수민,1,01-Jul-01,18,,0,0,"탤런트,모델","이수민
탤런트, 모델",,,
Seo Hyun Woo,2,서현우,0,20-Nov-83,8,,0,0,영화배우,"서현우
Hyunwoo Seo
영화배우",,,
Lee Seo Jin,5,이서진,0,30-Jan-71,35,,0,0,"탤런트,영화배우","이서진
탤런트, 영화배우",,,
Joo Hyun Young,1,주현영,1,14-Jan-96,14,,0,0,영화배우,"주현영
영화배우",,,
Go Doo Shim,5,고두심,1,22-May-51,84,,0,0,"탤런트,영화배우","고두심
탤런트, 영화배우",,,
Kang Ha Neul,4,강하늘,0,21-Feb-90,18,,0,0,영화배우,"강하늘
김하늘
영화배우",,,
Ha Ji Won,5,하지원,1,28-Jun-78,18,,0,0,"영화배우,탤런트","하지원
영화배우, 탤런트",,,
Jin Seon Kyu,2,진선규,0,13-Sep-77,15,,1,0,연극배우,"진선규
연극배우",,,
Chang Ryul,1,장률,0,14-Feb-89,10,,1,0,"영화배우,연극배우","장률
영화배우, 연극배우",,,
Jin Goo,6,진구,0,20-Jul-80,18,,0,0,"탤런트,영화배우","진구
탤런트, 영화배우",,,
Nana,8,나나,1,14-Sep-91,15,,0,1,"가수,영화배우","나나
Nana
가수, 영화배우",,,
Yoon Hyun Suk,1,윤현석,0,08-Sep-01,3,,0,1,윤현석가수,"현석
윤현석
가수",,,
Keum Dong Hyun,1,금동현,0,14-May-03,3,,0,1,가수,"금동현
가수",,,
Ha Sun Ho,1,하선호,1,25-Aug-00,2,,0,1,탤런트,"하선호
Seon Ho Ha, Sandy
가수",,,
Won Young Wook,1,원영욱,0,05-Aug-02,1,,0,0,탤런트,"원영욱
탤런트",,,
Lee Hye Ri,8,이혜리,1,09-Jun-94,15,,0,1,가수,"이혜리
가수",,,
Lee Jun Young,8,이준영,0,22-Jan-97,13,,0,1,"가수,탤런트","이준영
가수, 탤런트",,,
Ok Ja Yeon,2,옥자연,1,19-Dec-88,12,,1,0,연극배우,"옥자연
연극배우",,,
Kim Hye Soo,4,김혜수,1,05-Sep-70,35,,0,0,영화배우,"김혜수
영화배우",,,
Kim Hae Sook,5,김해숙,1,30-Dec-55,97,,0,0,"탤런트,영화배우","김해숙
탤런트, 영화배우",,,
Choi Won Young,8,최원영,0,10-Jan-76,35,,0,0,"영화배우,탤런트","최원영
Wonyoung Choi
영화배우, 탤런트",,,
Moon Sang Min,1,문상민,0,14-Apr-00,6,,0,0,탤런트,"문상민
탤런트",,,
Shin Ha Kyun,5,신하균,0,30-May-74,12,1998,0,0,영화배우,"신하균
Shin Ha Kyun
영화배우",,,0
Han Ji Min,6,한지민,1,05-Nov-82,23,,0,0,"탤런트,영화배우","한지민
탤런트, 영화배우",,,
Jang Seo Hee,3,장서희,1,05-Jan-72,33,,0,0,"탤런트,영화배우","장서희
탤런트, 영화배우",,,
Oh Chang Seok,4,오창석,0,02-Jun-82,16,,0,0,"영화배우,탤런트","오창석
영화배우, 탤런트",,,
Kim Gyu Seon,1,김규선,1,26-Jul-88,13,,0,0,영화배우,"김규선
Kyu Seon Kim
영화배우",,,
Han Ji Wan,1,한지완,1,14-Aug-87,8,,0,0,탤런트,"한지완
탤런트",,,
Ban Hyo Jung,1,반효정,1,27-Nov-42,78,,0,0,"탤런트,영화배우","반효정
탤런트, 영화배우",,,
Lee Hyun Seok,1,이현석,0,15-Sep-89,Notfound,,0,1,,,,,
Park Ha Na,6,박하나,1,25-Jul-85,25,,0,0,탤런트,"박하나
탤런트",,,
Kang Ji Sub,3,강지섭,0,06-Feb-81,28,,0,0,"탤런트,영화배우","강지섭
탤런트, 영화배우",,,
Oh Seung Ah,3,오승아,1,13-Sep-88,16,,0,1,"탤런트,가수","오승아
탤런트, 가수",,,
Jeon Yeo Been,3,전여빈,1,26-Jul-89,5,,0,0,영화배우,"전여빈
영화배우",,,
Doh Kyung Soo,2,도경수,0,12-Jan-93,12,,0,1,"도경수,..가수,영화배우","디오
도경수, D.O.
가수, 영화배우",,,
Lee Se Hee,2,이세희,1,22-Dec-91,9,,0,0,탤런트,"이세희
Se He Lee
탤런트",,,
Han Ji Hyun,1,한지현,1,21-Mar-96,5,,0,0,탤런트,"한지현
탤런트",,,
Bae In Hyuk,4,배인혁,0,04-Apr-98,12,,0,0,탤런트,"배인혁
In Hyuk Bae
탤런트",,,
Kim Hyun Jin,1,김현진,0,24-Aug-96,Notfound,,1,1,,,,,
Jang Gyu Ri,1,장규리,1,27-Dec-97,6,,0,0,탤런트,"장규리
탤런트",,,
Kwak Dong Yeon,5,곽동연,0,19-Mar-97,32,2012,0,0,탤런트,"곽동연
탤런트",,,0
Go Sung Hee,7,고성희,1,21-Jun-90,12,,0,0,영화배우,"고성희
Sung Hee Ko
영화배우",,,
Bae Hyun Sung,2,배현성,0,03-May-99,9,,0,0,탤런트,"배현성
탤런트",,,
Kim Seung Soo,2,김승수,0,25-Jul-71,Notfound,,0,0,"국회의원,전공무원","김승수
국회의원, 전 공무원",,,
Im Joo Hwan,9,임주환,0,18-May-82,23,,0,0,"영화배우,모델","임주환
영화배우, 모델",,,
Lee Tae Sung,4,이태성,0,21-Apr-85,25,,0,0,"李太成,영화배우,화가","이태성
李太成, Lee Tae Sung
영화배우, 화가",,,
Kim So Eun,6,김소은,1,06-Sep-89,29,,0,0,"탤런트,영화배우","김소은
탤런트, 영화배우",,,
Lee Yoo Jin,1,이유진,0,06-Apr-92,10,,0,0,"탤런트,영화배우","이유진
탤런트, 영화배우",,,
Ahn Jae Wook,2,안재욱,0,30-Oct-71,32,,0,1,"탤런트,가수","안재욱
탤런트, 가수",,,
Lee Mi Sook,2,이미숙,1,02-Apr-60,53,,0,0,영화배우,"이미숙
영화배우",,,
Song Young Chang,1,송영창,0,02-Apr-58,19,,1,0,"탤런트,연극배우","송영창
탤런트, 연극배우",,,
Shin Goo,1,신구,0,13-Aug-36,Notfound,,0,0,,,,,
Oh Hyun Kyung,2,오현경,1,25-Mar-70,48,,0,0,"탤런트,미스코리아","오현경
탤런트, 미스코리아",,,
Kim Ji Eun,3,김지은,1,09-Oct-93,13,,0,0,탤런트,"김지은
탤런트",,,
Namkoong Min,11,남궁민,0,12-Mar-78,30,,0,0,"탤런트,영화배우","남궁민
탤런트, 영화배우",,,
Choi Dae Hoon,3,최대훈,0,16-Nov-80,29,,0,0,"영화배우,탤런트","최대훈
Choi Dae Hoon
영화배우, 탤런트",,,
Park Jin Woo,4,박진우,0,31-Jul-83,Notfound,,0,0,,,,,
Yook Sung Jae,5,육성재,0,02-May-95,19,,0,1,"가수,탤런트","육성재
가수, 탤런트",,,
Lee Jong Won,4,이종원,0,30-Dec-94,Notfound,,0,0,"탤런트,영화배우","이종원
탤런트, 영화배우",,,
Jung Chae Yeon,4,정채연,1,01-Dec-97,16,,0,1,"탤런트,가수","정채연
탤런트, 가수",,,
Park Min Young,7,박민영,1,04-Mar-86,24,,0,0,"탤런트,영화배우","박민영
탤런트, 영화배우",,,
Go Kyung Pyo,7,고경표,0,11-Jun-90,23,,0,0,"탤런트,영화배우","고경표
탤런트, 영화배우",,,
Kim Jae Young,6,김재영,0,30-Sep-88,18,,0,0,영화배우,"김재영
영화배우",,,
Jung Ryeo Won,5,김향기,1,09-Aug-00,13,,0,0,"영화배우,탤런트","김향기
영화배우, 탤런트",,,
Lee Kyu Hyung,4,이규형,0,29-Nov-83,9,,0,0,"뮤지컬배우,영화배우","이규형
Lee Kyoo Hyung
뮤지컬배우, 영화배우",,,
Chun Ho Jin,3,천호진,0,09-Sep-60,55,,0,0,"탤런트,영화배우","천호진
탤런트, 영화배우",,,
Oh Dae Hwan,2,오대환,0,05-Jul-79,30,,0,0,"영화배우,뮤지컬배우","오대환
영화배우, 뮤지컬배우",,,
Cha Hwa Yun,2,차화연,1,12-Feb-61,52,,0,0,"탤런트,영화배우","차화연
탤런트, 영화배우",,,
Lee Min Jung,3,이민정,1,16-Feb-82,19,1998,0,0,탤런트,"이민정
탤런트",,,0
Lee Sang Yeob,10,이상엽,0,08-May-83,38,,0,0,"탤런트,영화배우","이상엽
탤런트, 영화배우",,,
Jung Woo,3,정우,0,14-Jan-81,Notfound,,0,0,"김정국영화배우,탤런트","정우
김정국
영화배우, 탤런트",,,
Lee You Mi,1,이유미,1,18-Jul-94,13,,0,0,"영화배우,탤런트","이유미
영화배우, 탤런트",,,
Kwon Yool,7,권율,0,29-Jun-82,Notfound,,0,0,"권세인,영화배우","권율
권세인, Yul Kwon
영화배우",,,
Park Se Young,5,박세영,1,30-Jul-88,17,,0,0,탤런트,"박세영
탤런트",,,
Moon You Kang,1,문유강,0,22-Feb-96,7,,1,0,연극배우,"문유강
You Kang Moon
연극배우",,,
Ha Jung Woo,1,하정우,0,11-Mar-78,6,,0,0,"김성훈영화배우,영화감독","하정우
김성훈
영화배우, 영화감독",,,
Hwang Jung Min,2,황정민,0,01-Sep-70,4,,0,0,"영화배우,탤런트","황정민
영화배우, 탤런트",,,
Lee Seung Gi,4,이승기,0,13-Jan-87,38,,0,1,"가수,탤런트","이승기
가수, 탤런트",,,
Lee Se Young,9,이세영,1,20-Dec-92,29,,0,0,"영화배우,탤런트","이세영
영화배우, 탤런트",,,
Kim Go Eun,6,김고은,1,02-Jul-91,9,,0,0,영화배우,"김고은
영화배우",,,
Nam Ji Hyun,6,남지현,1,17-Sep-95,26,,0,0,"탤런트,영화배우","남지현
탤런트, 영화배우",,,
Park Ji Hu,2,박지후,1,07-Nov-03,4,,0,0,"탤런트,영화배우","박지후
탤런트, 영화배우",,,
Wi Ha Joon,4,위하준,0,05-Aug-91,12,,0,0,"영화배우,탤런트","위하준
영화배우, 탤런트",,,
Jung Il Woo,6,정일우,0,09-Sep-87,19,,0,0,"丁一宇,탤런트,영화배우","정일우
丁一宇, Ilwoo Jung
탤런트, 영화배우",,,
Kwon Yu Ri,9,권유리,1,05-Dec-89,35,2007,0,1,"가수,탤런트","유리
가수, 탤런트",,,0
Han Ji Eun,5,한지은,1,03-Jun-87,9,,0,0,영화배우,"한지은
영화배우",,,
Jang Gwang,2,장광,0,05-Jan-52,Notfound,,0,0,"성우,영화배우","장광
성우, 영화배우",,,
Kim Sun Young,1,김선영,1,10-Apr-76,Notfound,,1,0,,,,,
Yoon Jin Seo,4,윤진서,1,05-Aug-83,13,,0,0,영화배우,"윤진서
Jin Seo Yoon
영화배우",,,
Park Ji Yeon,5,박지연,1,07-Jun-93,9,,0,0,"뮤지컬배우,탤런트","박지연
Ji Yeon Park
뮤지컬배우, 탤런트",,,
Choi Soo Young,6,최수영,1,10-Feb-90,25,,0,1,"최수영가수,탤런트","수영
최수영
가수, 탤런트",,,
Sung Dong Il,5,성동일,0,27-Apr-64,63,,0,0,"탤런트,영화배우","성동일
탤런트, 영화배우",,,
Ji Chang Wook,7,지창욱,0,05-Jul-87,22,,0,0,"영화배우,뮤지컬배우","지창욱
영화배우, 뮤지컬배우",,,
Choi Daniel,4,최다니,0,22-Feb-86,Notfound,,0,0,,,,,
Son Hyun Joo,6,손현주,0,24-Jun-65,54,,0,0,"탤런트,영화배우","손현주
탤런트, 영화배우",,,
Kim Hyo Jin,3,김효진,1,10-Feb-84,17,,0,0,"영화배우,탤런트","김효진
영화배우, 탤런트",,,
Kim Se Jeong,5,김세정,1,28-Aug-96,17,,0,1,가수,"김세정
가수",,,
Nam Yoon Su,3,남윤수,0,14-Jul-97,10,,0,0,"탤런트,모델","남윤수
Yoon Su Nam
탤런트, 모델",,,
Lee Jong Suk,5,이종석,0,14-Sep-89,Notfound,,0,0,,,,,
Ji Sung,7,지성,0,27-Feb-77,Notfound,,0,0,"곽태근,탤런트,영화배우","지성
곽태근, Ji Sung
탤런트, 영화배우",,,
Lee Soo Kyung,6,이수경,1,24-Oct-96,Notfound,,0,0,"영화배우,탤런트","이수경
Lee Soo Kyung
영화배우, 탤런트",,,
Yoo Young Jae,2,유영재,0,24-Jan-94,Notfound,,0,0,탤런트,"유영재
탤런트",,,
Jo Yu Ri,1,조유리,1,22-Oct-01,9,,0,1,가수,"조유리
JO YURI
가수",,,
Kim Yoon Woo,1,김윤우,0,28-Dec-00,4,,0,0,영화배우,"김윤우
영화배우",,,
Kim Min Ho,1,김민호,0,09-Jan-90,12,,0,0,영화배우,"김민호
영화배우",,,
Jeon Seung Hun,1,전승훈,0,25-Dec-97,2,,0,0,영화배우,"전승훈
영화배우",,,
Nam Tae Woo,1,남태우,0,05-Sep-92,6,,0,0,탤런트,"남태우
탤런트",,,
Lee Sang Jin,1,이상진,0,13-Jan-92,8,,1,0,연극배우,"이상진
연극배우",,,
Lee Jung Hyun,2,이정현,1,07-Feb-80,16,,0,0,영화배우,"이정현
Jung Hyun Lee
영화배우",,,
Lee Choong Goo,1,이충구,0,09-Dec-87,5,,0,0,영화배우,"이충구
영화배우",,,
Jung Eugene,5,정유진,1,19-Feb-89,11,,0,0,"탤런트,영화배우","정유진
탤런트, 영화배우",,,
Kim Hee Sun,6,김희선,1,11-Jun-77,33,,0,0,"탤런트,영화배우","김희선
탤런트, 영화배우",,,
Lee Hyun Wook,3,이현욱,0,17-Jun-85,12,,0,0,"영화배우,탤런트","이현욱
영화배우, 탤런트",,,
Cha Ji Yeon,1,차지연,1,22-Feb-82,6,,0,0,,,,,
Kwon Ah Reum,1,권아름,1,10-Jul-96,8,,0,0,탤런트,"권아름
탤런트",,,
Han Ji Hyo,1,한지효,1,05-Jul-00,8,,0,0,"송지효,영화배우,탤런트","한지효
송지효, Han Jihyo
영화배우, 탤런트",,,
Kim Do Young,1,도영,0,01-Feb-96,Notfound,,0,0,정보없음,Notfound,,,
Park Eun Bin,9,박은빈,1,04-Sep-92,38,,0,0,"朴恩斌탤런트,영화배우","박은빈
朴恩斌
탤런트, 영화배우",,,
Kang Tae Oh,8,강태오,0,20-Jun-94,16,,0,0,"탤런트,영화배우","강태오
탤런트, 영화배우",,,
Kang Ki Young,2,강기영,0,14-Oct-83,24,,0,0,"영화배우,탤런트","강기영
Ki Young Kang
영화배우, 탤런트",,,
Park Hye Soo,3,박혜수,1,24-Nov-94,6,,0,0,탤런트,"박혜수
탤런트",,,
Jeong Jae Hyun,1,정재현,0,14-Feb-97,Notfound,,0,1,,,,,
Roh Jeong Eui,4,노정의,1,31-Jul-01,17,,0,0,"탤런트,영화배우","노정의
탤런트, 영화배우",,,
Lee Jin Hyuk,2,웨이,0,08-Jun-96,Notfound,,0,1,"허민선,탤런트,가수","웨이
허민선, WAY
탤런트, 가수",,,
Kang Mi Na,5,강미나,1,04-Dec-99,12,,0,0,탤런트,"강미나
탤런트",,,
Seo In Guk,6,서인국,0,23-Oct-87,20,,0,1,"가수,탤런트","서인국
가수, 탤런트",,,
Oh Yeon Seo,7,오연서,1,22-Jun-87,24,,0,0,"탤런트,영화배우","오연서
탤런트, 영화배우",,,
Kwak Shi Yang,9,곽시양,0,15-Jan-87,16,,0,0,"탤런트,영화배우","곽시양
탤런트, 영화배우",,,
Kwon Soo Hyun,1,권수현,0,18-Aug-86,14,,0,0,"영화배우,탤런트","권수현
영화배우, 탤런트",,,
Lee Yoo Ri,7,이유리,1,28-Jan-80,43,,0,0,탤런트,"이유리
Yuri Lee
탤런트",,,
Lee Min Young,2,이민영,1,06-Feb-76,34,,0,0,탤런트,"이민영
탤런트",,,
Yoon So Yi,5,윤소이,1,05-Jan-85,23,,0,0,"문수희탤런트,영화배우","윤소이
문수희
탤런트, 영화배우",,,
Chani,1,강찬희,0,17-Jan-00,Notfound,,0,1,"가수,탤런트","찬희
가수, 탤런트",,,
Hwiyoung,1,휘영,0,11-May-99,Notfound,,0,1,"가수,탤런트","휘영
가수, 탤런트",,,
Jung So Min,7,정소민,1,16-Mar-89,18,,0,0,탤런트,"정소민
탤런트",,,
Seo Hyun,4,서현,1,28-Jun-91,Notfound,,0,1,"서주현가수,탤런트","서현
서주현
가수, 탤런트",,,
Na In Woo,5,나인우,0,17-Sep-94,18,,0,0,"탤런트,영화배우","나인우
탤런트, 영화배우",,,
Jeon Kwang Ryul,3,전광렬,0,11-Feb-60,51,,0,0,"탤런트,영화배우","전광렬
탤런트, 영화배우",,,
Park Jin Young,5,박진영,0,22-Sep-94,Notfound,,0,1,"가수,탤런트","박진영
가수, 탤런트",,,
Lee Yoo Young,5,이유영,1,08-Dec-89,9,,0,0,영화배우,"이유영
Lee You Young
영화배우",,,
Yeo Jin Goo,9,여진구,0,13-Aug-97,28,,0,0,"영화배우,탤런트","여진구
영화배우, 탤런트",,,
Son Woo Hyun,2,손우현,0,30-Nov-89,11,,0,0,영화배우,"손우현
영화배우",,,
Kim Kang Min,4,김강민,0,02-Dec-98,Notfound,,0,0,,,,,
Kim Jae Hwa,1,김재화,1,01-Sep-80,24,,0,0,영화배우,"김재화
영화배우",,,
Yeom Jung Ah,2,염정아,1,28-Jul-72,31,,0,0,"영화배우,미스코리아","염정아
영화배우, 미스코리아",,,
Jeon So Min,6,전소민,1,07-Apr-86,24,,0,0,"탤런트,영화배우","전소민
So Min Jeon
탤런트, 영화배우",,,
Lee Moo Saeng,1,이무생,0,10-May-80,14,,0,0,영화배우,"이무생
영화배우",,,
So Ji Sub,3,소지섭,0,04-Nov-77,25,,0,0,"탤런트,영화배우","소지섭
탤런트, 영화배우",,,
Shin Sung Rok,8,신성록,0,23-Nov-82,24,,0,0,"뮤지컬배우,탤런트","신성록
뮤지컬배우, 탤런트",,,
Seo Hyun Jin,8,서현진,1,27-Feb-85,21,,0,0,"탤런트,영화배우","서현진
탤런트, 영화배우",,,
Hwang In Youp,3,황인엽,0,19-Jan-91,7,,0,0,탤런트,"황인엽
탤런트",,,
Seo Yea Ji,5,서예지,1,06-Apr-90,13,,0,0,"탤런트,영화배우","서예지
탤런트, 영화배우",,,
Park Byung Eun,6,박병은,0,14-Jul-77,21,,0,0,"탤런트,영화배우","박병은
탤런트, 영화배우",,,
Yoon Kye Sang,5,윤계상,0,20-Dec-78,17,,0,0,"영화배우,탤런트","윤계상
Kyesang Yoon
영화배우, 탤런트",,,
Kim Ji Suk,7,김지석,0,21-Apr-81,37,,0,0,"탤런트,영화배우","김지석
탤런트, 영화배우",,,
Lee Hyun Jin,1,이현진,0,05-Mar-85,14,,0,0,탤런트,"이현진
탤런트",,,
Lee Hwi Hyang,1,이휘향,1,19-Nov-60,51,,0,0,"탤런트,영화배우","이휘향
탤런트, 영화배우",,,
Na Young Hee,1,나영희,1,20-Sep-61,49,,0,0,"탤런트,영화배우","나영희
Na Young Hee
탤런트, 영화배우",,,
Lee Jin Wook,8,이진욱,0,16-Sep-81,21,,0,0,"영화배우,탤런트","이진욱
영화배우, 탤런트",,,
Han Hyun Jun,1,한현준,0,07-Jun-99,Notfound,,0,0,탤런트,"한현준
탤런트",,,
Kim Tae Hwan,1,김태환,0,12-Jul-92,Notfound,,0,0,,,,,
Yoon Kyun Sang,8,윤균상,0,31-Mar-87,16,,0,0,"탤런트,영화배우","윤균상
Kyun Sang Yun
탤런트, 영화배우",,,
Sung Hoon,10,방인규,0,14-Feb-83,24,2011,0,0,,,,,0
Shin Dong Wook,2,신동욱,0,14-Sep-82,Notfound,,0,0,"앵커,방송기자","신동욱
앵커, 방송기자",,,
Choi Sung Eun,2,최성은,1,17-Jun-96,3,,0,0,영화배우,"최성은
Choi Sung Eun
영화배우",,,
Yoon Doo Joon,4,윤두준,0,04-Jul-89,30,,0,1,"가수,탤런트","윤두준
가수, 탤런트",,,
Kwak Do Won,1,곽도원,0,17-May-73,4,,0,0,영화배우,"곽도원
영화배우",,,
Han Go Eun,2,한고은,1,10-Mar-75,40,,0,0,"탤런트,영화배우","한고은
탤런트, 영화배우",,,
Park Won Sook,3,박원숙,1,19-Jan-49,68,,0,0,"탤런트,영화배우","박원숙
탤런트, 영화배우",,,
Jung Dong Won,1,정동원,0,19-Mar-07,12,,0,1,가수,"정동원
Jeong Dong Won
가수",,,
Lee Joon,7,이준,0,07-Feb-88,Notfound,,0,1,"이창선영화배우,가수","이준
이창선
영화배우, 가수",,,
Kang Han Na,6,강한나,1,30-Jan-89,19,,0,0,"영화배우,탤런트","강한나
영화배우, 탤런트",,,
Kim Ji Young,4,김지영,1,08-Jul-05,Notfound,,0,0,"영화배우,탤런트","김지영
영화배우, 탤런트",,,
Lee Kwang Soo,3,이광수,0,14-Jul-85,25,,0,0,"탤런트,영화배우","이광수
탤런트, 영화배우",,,
Jin Hee Kyung,3,진희경,1,07-Sep-68,17,,0,0,"영화배우,탤런트","진희경
영화배우, 탤런트",,,
Jung Joon Ho,4,정준호,0,01-Oct-69,35,,0,0,"영화배우,탤런트","정준호
영화배우, 탤런트",,,
Park Hae Jin,6,박해진,0,01-May-83,26,,0,0,탤런트,"박해진
탤런트",,,
Yoon Jong Hoon,3,윤종훈,0,15-Feb-84,28,,0,0,"탤런트,영화배우","윤종훈
탤런트, 영화배우",,,
Kim Yoon Hye,2,김윤혜,1,24-May-91,13,,0,0,"탤런트,영화배우","김윤혜
탤런트, 영화배우",,,
Lee Jung Shin,5,이정신,0,15-Sep-91,16,,0,1,"가수,탤런트","이정신
가수, 탤런트",,,
Park Ji Hyun,3,박지현,1,26-Nov-94,Notfound,,0,0,관련도순최신순모바일메인언론사,"뉴스
관련도순 최신순 모바일 메인 언론사",,,
Kim Moo Joon,2,김무준,0,24-May-98,Notfound,,0,0,탤런트,"김무준
탤런트",,,
Lee Byung Hun,2,이병헌,0,12-Jul-70,28,,0,0,"영화배우,탤런트","이병헌
영화배우, 탤런트",,,
Shin Min Ah,6,신민아,1,05-Apr-84,13,,0,0,"양민아영화배우,탤런트","신민아
양민아
영화배우, 탤런트",,,
Cha Seung Won,4,차승원,0,07-Jun-70,21,,0,0,"영화배우,모델","차승원
영화배우, 모델",,,
Lee Min Ki,5,이민기,0,16-Jan-85,14,,0,0,"탤런트,영화배우","이민기
탤런트, 영화배우",,,
Kim Ji Won,7,김지원,1,19-Oct-92,14,,0,0,"탤런트,영화배우","김지원
탤런트, 영화배우",,,
Lee Kyung Young,3,이경영,0,12-Dec-60,35,,0,0,영화배우,"이경영
영화배우",,,
Jung Sang Hoon,7,정상훈,0,09-Sep-76,37,,0,0,"방송연예인,뮤지컬배우","정상훈
방송연예인, 뮤지컬배우",,,
Lee Joon Gi,6,이준기,0,17-Apr-82,17,,0,0,"영화배우,탤런트","이준기
영화배우, 탤런트",,,
Choo Ja Hyun,3,추자현,1,20-Jan-79,29,,0,0,"추은주탤런트,영화배우","추자현
추은주
탤런트, 영화배우",,,
Lee Yo Won,6,이요원,1,09-Apr-80,18,,0,0,"영화배우,탤런트","이요원
영화배우, 탤런트",,,
Kim Gyu Ri,1,김규리,1,06-Oct-79,32,,0,0,"탤런트,영화배우","김규리
탤런트, 영화배우",,,
Jang Hye Jin,2,장혜진,1,05-Sep-75,12,,1,0,연극배우,"장혜진
연극배우",,,
Joo Min Kyung,1,주민경,1,06-Jul-89,8,,0,0,"탤런트,영화배우","주민경
탤런트, 영화배우",,,
Shin Dong Mi,1,신동미,1,13-Sep-77,25,,0,0,영화배우,"신동미
영화배우",,,
Oh Min Suk,5,오민석,0,22-Apr-80,24,,0,0,"탤런트,영화배우","오민석
탤런트, 영화배우",,,
Yoon Shi Yoon,8,윤시윤,0,26-Sep-86,24,,0,0,"탤런트,영화배우","윤시윤
탤런트, 영화배우",,,
Bae Da Bin,1,배다빈,1,24-Dec-93,8,,0,0,탤런트,"배다빈
탤런트",,,
Seo Bum June,1,서범준,0,27-Jun-97,Notfound,,0,0,영화배우,"서범준
Bum June Seo
영화배우",,,
Choi Ye Bin,1,최예빈,1,02-Sep-98,7,,0,0,탤런트,"최예빈
탤런트",,,
Rowoon,4,로운,0,07-Aug-96,Notfound,,0,1,"가수,탤런트","로운
가수, 탤런트",,,
Lee Soo Hyuk,7,이수혁,0,31-May-88,21,,0,0,"이혁수영화배우,모델","이수혁
이혁수
영화배우, 모델",,,
Yun Ji On,2,윤지온,0,19-May-90,10,,0,0,"탤런트,영화배우","윤지온
탤런트, 영화배우",,,
Jo Hyuk Joon,1,조혁준,0,04-May-90,Notfound,,0,0,탤런트,"조혁준
Hyuk Jun Cho
탤런트",,,
Kang Eun Bin,1,강은빈,0,29-Aug-95,3,,0,0,탤런트,"강은빈
탤런트",,,
Kim Sung Gyu,4,김성규,0,06-Jan-86,Notfound,,0,0,영화배우,"김성규
Sungkyu Kim
영화배우",,,
Jeon Yu Bin,1,전유빈,0,22-Apr-97,Notfound,,0,1,가수,"전유빈
가수",,,
Yoo Young Mo,1,유영모,0,24-Mar-98,Notfound,,0,0,,,,,
Lee Jung Min,3,이정민,0,18-Jun-95,Notfound,,0,0,,,,,
Min In Gi,1,민인기,0,22-Oct-98,Notfound,,1,0,"연극배우,뮤지컬배우","민인기
연극배우, 뮤지컬배우",,,
Ha Do Gwon,1,김용구,0,03-Mar-77,Notfound,,0,0,,,,,
Lee Won Keun,6,이원근,0,27-Jun-91,17,,0,0,"영화배우,탤런트","이원근
Won Keun Lee
영화배우, 탤런트",,,
Kim Sung Ryung,4,김성령,1,08-Feb-67,43,,0,0,"탤런트,미스코리아","김성령
탤런트, 미스코리아",,,
Lee Hye Young,3,이혜영,1,25-Nov-62,Notfound,,0,0,"탤런트,화가","이혜영
탤런트, 화가",,,
Kim Ha Neul,4,김하늘,1,21-Feb-78,16,,0,0,"영화배우,탤런트","김하늘
영화배우, 탤런트",,,
Kim Jae Wook,4,김재욱,0,02-Apr-83,16,,0,0,영화배우,"김재욱
영화배우",,,
Krystal Jung,5,크리스,1,24-Oct-94,Notfound,,0,0,방송연예인,"크리스 존슨
Kris Johnson
방송연예인",,,
Jo Bo Ah,9,조보아,1,22-Aug-91,22,2012,0,0,탤런트,"조보아
탤런트",,,0
Oh Yeon Soo,1,오연수,1,27-Oct-71,31,,0,0,"탤런트,영화배우","오연수
탤런트, 영화배우",,,
Kim Young Min,4,김영민,0,05-Nov-71,9,,1,0,"金永敏,영화배우,연극배우","김영민
金永敏, Young Min Kim
영화배우, 연극배우",,,
Park Joo Mi,3,박주미,1,05-Oct-72,20,,0,0,"탤런트,영화배우","박주미
탤런트, 영화배우",,,
Kang Shin Hyo,1,강신효,0,13-Aug-89,11,,0,0,영화배우,"강신효
Shin Hyo Kang
영화배우",,,
Lee Ga Ryeong,4,이가령,1,02-Oct-80,7,,0,0,탤런트,"이가령
탤런트",,,
Jeon Soo Kyung,3,전수경,1,12-Jul-66,Notfound,,0,0,"뮤지컬배우,영화배우","전수경
뮤지컬배우, 영화배우",,,
Ji Young San,1,지영산,0,01-Apr-75,6,,0,0,"권혁종,池姈珊,탤런트,","지영산
권혁종, 池姈珊, Gee Young San
탤런트, VJ",,,
Ok Jin Uk,1,옥진욱,0,06-Jan-97,5,,0,1,"가수,탤런트","옥진욱
가수, 탤런트",,,
Kang Hui,1,강희,0,19-Nov-91,Notfound,,0,0,"탤런트,영화배우","강희
탤런트, 영화배우",,,
Lee Ji Hoon,9,이지훈,0,29-Oct-88,Notfound,,0,1,,,,,
Han Chae Young,2,한채영,1,13-Sep-80,29,,0,0,"김지영영화배우,탤런트","한채영
김지영
영화배우, 탤런트",,,
Ji Yi Soo,1,지이수,1,26-Oct-91,9,,0,0,"탤런트,영화배우","지이수
탤런트, 영화배우",,,
Koo Ja Sung,3,구자성,0,22-Sep-92,Notfound,,0,0,탤런트,"구자성
탤런트",,,
Im Sung Kyun,1,임성균,0,20-Mar-96,Notfound,,0,0,탤런트,"임성균
탤런트",,,
Shin Yong Seok,1,신용석,0,11-Oct-96,Notfound,,0,1,,,,,
Go Ah Sung,6,고아성,1,10-Aug-92,13,,0,0,"탤런트,영화배우","고아성
탤런트, 영화배우",,,
Park Yong Woo,3,박용우,0,16-Mar-71,Notfound,,0,0,,,,,
Cha Hun,1,차훈,0,12-Jul-94,1,2015,0,1,"가수,탤런트","차훈
가수, 탤런트",,,
Yoon Chae Kyung,2,윤채경,1,07-Jul-96,14,,0,1,"탤런트,가수","윤채경
탤런트, 가수",,,
Joo Jong Hyuk,1,주종혁,0,27-Jul-91,Notfound,,0,0,영화배우,"주종혁
영화배우",,,
Park So Eun,1,박소은,1,15-Nov-93,Notfound,,0,1,가수,"박소은
가수",,,
Park Jung Yeon,1,박정연,1,13-May-97,3,,0,0,영화배우,"박정연
Jeong Yeon Park
영화배우",,,
Kim Gab Soo,3,김갑수,0,07-Apr-57,77,,0,0,"영화배우,탤런트","김갑수
영화배우, 탤런트",,,
Park Hae Joon,4,박상우,0,14-Jun-76,Notfound,,0,1,,,,,
Kim Ji Hyun,1,김지현,1,02-Jan-82,7,,1,0,"연극배우,뮤지컬배우","김지현
연극배우, 뮤지컬배우",,,
Son Ye Jin,3,손예진,1,11-Jan-82,11,,0,0,"손언진영화배우,탤런트","손예진
손언진
영화배우, 탤런트",,,
Jeon Mi Do,3,전미도,1,04-Aug-82,4,,1,0,"뮤지컬배우,연극배우","전미도
뮤지컬배우, 연극배우",,,
Lee Si Young,6,이시영,1,17-Apr-82,39,,0,0,"탤런트,영화배우","이시영
Lee Si Young
탤런트, 영화배우",,,
Seo Kang Joon,8,서강준,0,12-Oct-93,16,,0,0,"탤런트,영화배우","서강준
탤런트, 영화배우",,,
Kim Ah Joong,3,김아중,1,16-Oct-82,11,,0,0,"영화배우,탤런트","김아중
Kim A Joong
영화배우, 탤런트",,,
Choi Hyun Wook,2,최현욱,0,30-Jan-02,12,,0,0,탤런트,"최현욱
탤런트",,,
Nam Joo Hyuk,7,남주혁,0,22-Feb-94,15,,0,0,"탤런트,영화배우","남주혁
탤런트, 영화배우",,,
Lee Joo Myung,1,이주명,1,01-Dec-93,8,,0,0,탤런트,"이주명
탤런트",,,
Song Kang,6,송강,0,23-Apr-94,Notfound,,0,0,탤런트,"송강
탤런트",,,
Yura,4,유라,1,06-Nov-92,Notfound,,0,1,"김아영탤런트,가수","유라
김아영
탤런트, 가수",,,
Park Jung Chul,1,박정철,0,05-Nov-76,33,,0,0,"박철탤런트,영화배우","박정철
박철
탤런트, 영화배우",,,
Wang Bit Na,3,왕빛나,1,15-Apr-81,32,,0,0,"탤런트,영화배우","왕빛나
탤런트, 영화배우",,,
Jung Ae Ri,1,정애리,1,13-Sep-60,84,,0,0,"탤런트,영화배우","정애리
Ae Rie Chung
탤런트, 영화배우",,,
Go In Beom,1,고인범,0,05-Oct-59,44,,1,0,"탤런트,연극배우","고인범
In Beom Ko
탤런트, 연극배우",,,
Ji Seung Hyun,4,지승현,0,19-Dec-81,22,,0,0,"영화배우,탤런트","지승현
Ji Seung Hyun
영화배우, 탤런트",,,
Ok Go Woon,1,옥고운,1,13-Oct-80,13,,0,0,"옥고운영화배우,탤런트","옥지영
옥고운
영화배우, 탤런트",,,
Seo Eun Ah,2,서은아,1,26-Feb-89,9,,0,0,영화배우,"서은아
영화배우",,,
Cho Yi Hyun,2,조이현,1,08-Dec-99,9,,0,0,탤런트,"조이현
탤런트",,,
Kang Daniel,1,강다니,0,10-Dec-96,Notfound,,0,0,,,,,
Yoo Jun,2,유준,0,15-Apr-00,Notfound,,0,0,탤런트,"유준
탤런트",,,
Hyuk,1,혁,0,05-Jul-95,Notfound,,0,1,"한상혁가수,영화배우","혁
한상혁
가수, 영화배우",,,
Kim So Jin,1,김소진,1,12-Dec-79,3,,1,0,"연극배우,영화배우","김소진
Kim So Jin
연극배우, 영화배우",,,
Rain,4,비,0,25-Jun-82,Notfound,,0,0,,,,,
Uee,8,유이,1,09-Apr-88,Notfound,,0,1,"가수, 탤런트","유이
U-IE
가수, 탤런트",,,
Song Ji Eun,3,송지은,1,05-May-90,14,,0,1,"탤런트,가수","송지은
Song Jieun
탤런트, 가수",,,
Sung Ji Ru,1,성지루,0,16-Oct-68,34,,0,0,"영화배우,탤런트","성지루
영화배우, 탤런트",,,
Bae Doo Na,6,배두나,1,11-Oct-79,29,,0,0,"탤런트,영화배우","배두나
탤런트, 영화배우",,,
Gong Yoo,2,공유,0,10-Jul-79,Notfound,,0,0,"공지철탤런트,영화배우","공유
공지철
탤런트, 영화배우",,,
Jun,1,박준희,0,02-Jun-94,3,,0,1,가수,"박준희
Park Junhee
가수",,,
Yoo Hyun Woo,1,유현우,0,11-Jul-96,Notfound,,0,0,탤런트,"유현우
탤런트",,,
Yoo Seung Ho,7,유승호,0,17-Aug-93,27,2000,0,0,"탤런트,영화배우","유승호
탤런트, 영화배우",,,1
Byeon Woo Seok,3,변우석,0,31-Oct-91,15,,0,0,탤런트,"변우석
탤런트",,,
Joy,3,조이,1,03-Sep-96,Notfound,,0,1,"박수영,가수","조이
박수영, JOY
가수",,,
Kim Kyung Nam,4,김경남,0,21-Dec-89,12,,1,0,"탤런트,연극배우","김경남
탤런트, 연극배우",,,
Kang Ye Won,2,강예원,1,15-Mar-79,9,,0,0,영화배우,"강예원
영화배우",,,
Kwon Na Ra,6,권나라,1,13-Mar-91,14,,0,0,"탤런트,영화배우","권나라
탤런트, 영화배우",,,
Kim Ji Soo,8,김지수,0,30-Mar-93,Notfound,,0,1,,,,,
Yoon Se Ah,6,윤세아,1,02-Jan-78,33,,0,0,영화배우,"윤세아
Yoon Se A
영화배우",,,
Kim Hye Yoon,3,김혜윤,1,10-Nov-96,11,,0,0,"영화배우,탤런트","김혜윤
영화배우, 탤런트",,,
Go Eun Ah,1,고은아,1,28-Oct-88,19,,0,0,"방효진영화배우,모델","고은아
방효진
영화배우, 모델",,,
Heo Young Ji,2,허영지,1,30-Aug-94,38,,0,1,"가수,탤런트","허영지
Young Ji Hur
가수, 탤런트",,,
Lee Mi So,1,이미소,1,29-Oct-88,8,,0,0,영화배우,"이루안
영화배우",,,
Son Soo Ah,1,손수아,1,25-Mar-94,5,,0,0,"영화배우,모델","손수아
영화배우, 모델",,,
Ham Eun Jung,4,함은정,1,12-Dec-88,25,,0,1,"엘시,가수,영화배우","함은정
엘시, ELSIE
가수, 영화배우",,,
Kim Jin Yeop,2,김진엽,0,27-Nov-88,Notfound,,0,0,기자,"김진엽
기자",,,
Hwang Shin Hye,2,황정만,1,15-Dec-63,38,,0,0,"황정만탤런트,영화배우","황신혜
황정만
탤런트, 영화배우",,,
Yoon Da Hoon,2,윤다훈,0,30-Dec-64,46,,0,0,"영화배우,탤런트","윤다훈
영화배우, 탤런트",,,
Shim Hye Jin,1,심혜진,1,16-Jan-67,Notfound,,0,0,탤런트,"심혜진
탤런트",,,
Son Sung Yoon,2,손성윤,1,24-Aug-84,17,,0,0,탤런트,"손성윤
탤런트",,,
Kim Yeong Cheol,4,김영철,0,25-Feb-53,Notfound,,0,0,"탤런트,영화배우","김영철
탤런트, 영화배우",,,
Park Jin Hee,6,박진희,1,08-Jan-78,29,,0,0,"영화배우,탤런트","박진희
영화배우, 탤런트",,,
Park Sun Young,2,박선영,1,21-Aug-76,Notfound,,0,0,,,,,
Lee Kyung Hoon,1,이경훈,0,29-Sep-10,Notfound,,0,0,,,,,
Lee Shi Won,2,이시원,1,29-Aug-87,24,,0,0,"영화배우,탤런트","이시원
영화배우, 탤런트",,,
Ha Seok Jin,8,하석진,0,05-Mar-82,36,,0,0,"탤런트,영화배우","하석진
탤런트, 영화배우",,,
Im Hyun Joo,1,임현주,1,21-Oct-92,7,,0,0,탤런트,"임현주
탤런트",,,
Park Soo Ae,3,박수애,1,16-Sep-79,Notfound,,0,0,,,,,
Kim Kang Woo,7,김강우,0,11-Jul-78,19,,0,0,"탤런트,영화배우","김강우
탤런트, 영화배우",,,
Kim Mi Sook,2,김미숙,1,26-Mar-59,65,,0,0,"탤런트,영화배우","김미숙
Misook Kim
탤런트, 영화배우",,,
Lee Yi Dam,1,이이담,1,1996,3,,0,0,영화배우,"이이담
영화배우",,,
Kim Da Mi,2,김다미,1,09-Apr-95,3,,0,0,"영화배우,탤런트","김다미
영화배우, 탤런트",,,
Kim Sung Cheol,4,김성철,0,31-Dec-91,9,,0,0,"뮤지컬배우,영화배우","김성철
뮤지컬배우, 영화배우",,,
Song Yoon Ah,5,송윤아,1,07-Jun-73,27,,0,0,"탤런트,영화배우","송윤아
탤런트, 영화배우",,,
Kim Soo Hyun,3,김수현,0,16-Feb-88,16,,0,0,"탤런트,영화배우","김수현
탤런트, 영화배우",,,
Kim Yo Han,2,김요한,0,22-Sep-99,15,,0,1,가수,"김요한
가수",,,
Hwang Bo Reum Byeol,1,황보름,1,21-Dec-99,Notfound,,0,0,,,,,
Seo Hee Seon,1,서희선,1,28-Dec-99,Notfound,,0,0,탤런트,"서희선
탤런트",,,
Shim Dal Gi,1,심달기,1,12-Jun-99,8,,0,0,영화배우,"심달기
Dalgi Shim
영화배우",,,
Choi Bo Min,1,최보민,0,24-Aug-00,10,,0,1,가수,"최보민
가수",,,
Lee Na Gyung,1,이나경,1,01-Jun-00,8,,0,1,가수,"이나경
가수",,,
Heo Jung Hee,1,허정희,1,22-Aug-95,2,,0,0,"영화배우,탤런트","허정희
영화배우, 탤런트",,,
Won Jin Ah,5,원진아,1,29-Mar-91,6,,0,0,"영화배우,탤런트","원진아
Jin A Won
영화배우, 탤런트",,,
Yoo Ah In,3,유아인,0,06-Oct-86,13,,0,0,"탤런트,영화배우","유아인
탤런트, 영화배우",,,
Yang Ik Jun,2,양익준,0,19-Oct-75,12,,0,0,"영화감독,영화배우","양익준
영화감독, 영화배우",,,
Park Jung Min,2,박정민,0,24-Mar-87,10,,0,0,영화배우,"박정민
영화배우",,,
Hyung Won,2,형원,0,15-Jan-94,Notfound,,0,1,가수,"형원
가수",,,
Joo Se Bin,1,주세빈,1,09-Oct-97,3,,0,0,탤런트,"주세빈
탤런트",,,
Park Eun Hye,4,박은혜,1,21-Feb-77,39,,0,0,"탤런트,영화배우","박은혜
탤런트, 영화배우",,,
Tony Ahn,1,토니안,0,07-Jun-78,48,,0,1,안승호가수,"토니안
안승호
가수",,,
Jo Yoo Jung,1,조유정,1,17-Sep-99,Notfound,,0,0,탤런트,"조유정
탤런트",,,
Ryu Eui Hyun,1,류의현,0,15-Apr-99,11,,0,0,영화배우,"류의현
영화배우",,,
Cho Mi Yeon,1,조미연,1,31-Jan-97,Notfound,,0,0,전학교법인인,"조미연
전 학교법인인",,,
Kim Min Ki,1,김민기,0,22-Nov-02,Notfound,,0,0,,,,,
Kwon Young Eun,1,권영은,1,01-Dec-97,1,,0,0,영화배우,"권영은
영화배우",,,
Jang Ki Yong,6,장기용,0,07-Aug-92,19,,0,0,"탤런트,영화배우","장기용
탤런트, 영화배우",,,
Choi Hee Seo,3,최희서,1,24-Dec-86,7,,0,0,영화배우,"최희서
Moon Choi
영화배우",,,
Jin Kyung,2,진경,1,27-Mar-72,Notfound,,1,0,"영화배우,연극배우","진경
영화배우, 연극배우",,,
Im Soo Jung,3,임수정,1,11-Jul-79,5,,0,0,"영화배우,탤런트","임수정
영화배우, 탤런트",,,
Ahn Sol Bin,2,안솔빈,1,19-Aug-97,20,,0,1,"안솔빈가수,탤런트","솔빈
안솔빈
가수, 탤런트",,,
Han So Eun,3,한소은,1,08-Jul-93,12,,0,0,탤런트,"한소은
Han So Eun
탤런트",,,
EXY,1,엑시,1,06-Nov-95,Notfound,,0,1,"추소정,가수,탤런트","엑시
추소정, EXY
가수, 탤런트",,,
I.L,1,그린,1,07-Jan-97,Notfound,,0,0,,,,,
Ok Taec Yeon,5,옥택연,0,27-Dec-88,28,,0,1,"가수,영화배우","옥택연
가수, 영화배우",,,
Jung In Sun,5,정인선,1,25-Apr-91,17,,0,0,"탤런트,영화배우","정인선
탤런트, 영화배우",,,
Han Hyo Joo,2,한효주,1,22-Feb-87,15,,0,0,"탤런트,영화배우","한효주
탤런트, 영화배우",,,
Baek Sung Chul,2,백성철,0,10-Mar-99,Notfound,,0,0,모델,"백성철
모델",,,
Lee Young Ae,2,이영애,1,31-Jan-71,21,,0,0,"영화배우,탤런트","이영애
영화배우, 탤런트",,,
Kim Hye Joon,2,김혜준,1,08-May-95,13,,0,0,"영화배우,탤런트","김혜준
영화배우, 탤런트",,,
Jo Hyun Chul,1,조현철,0,24-Dec-86,8,,0,0,영화배우,"조현철
영화배우",,,
Cha Joo Young,1,차주영,1,05-Jun-90,11,,0,0,탤런트,"차주영
탤런트",,,
Kim Su Hyun,2,김수현,1,25-Jan-85,16,,0,0,"탤런트,영화배우","김수현
탤런트, 영화배우",,,
Lee Hee Joon,2,이희준,0,29-Jun-79,20,,0,0,"영화배우,탤런트","이희준
영화배우, 탤런트",,,
Park Ho San,2,박호산,0,18-Oct-72,24,1997,1,0,"박정환뮤지컬배우,연극배우","박호산
박정환
뮤지컬배우, 연극배우",,,0
Ong Seong Wu,3,옹성우,0,25-Aug-95,10,,0,0,"탤런트,영화배우","옹성우
ONG SEONG WU
탤런트, 영화배우",,,
Jun Ji Hyun,2,전지현,1,30-Oct-81,6,,0,0,영화배우,"전지현
영화배우",,,
Joo Ji Hoon,6,주지훈,0,16-May-82,14,,0,0,"탤런트,영화배우","주지훈
탤런트, 영화배우",,,
Jang Eui Soo,3,장의수,0,22-Jan-90,10,,0,0,"탤런트,모델","장의수
Eui Soo Jang
탤런트, 모델",,,
Lee Chan Hyung,1,이찬형,0,03-Nov-97,Notfound,,0,0,탤런트,"이찬형
Chan Hyeong Lee
탤런트",,,
Han So Hee,4,한소희,1,18-Nov-94,11,,0,0,탤런트,"한소희
탤런트",,,
Go Hyun Jung,4,고현정,1,02-Mar-71,21,,0,0,"탤런트,미스코리아","고현정
탤런트, 미스코리아",,,
Bae Yoon Kyung,1,배윤경,1,22-Jan-93,16,,0,0,탤런트,"배윤경
탤런트",,,
Choi Byung Chan,2,최병찬,0,12-Nov-97,7,,0,0,탤런트,"최병찬
탤런트",,,
Han Da Gam,2,한은정,1,10-Jul-80,38,,0,0,"한은정탤런트,영화배우","한다감
한은정
탤런트, 영화배우",,,
Han Sang Jin,2,한상진,0,09-Dec-77,Notfound,,0,0,기자,"한상진
기자",,,
Shim Ji Ho,3,심지호,0,02-May-81,19,,0,0,"탤런트,영화배우","심지호
탤런트, 영화배우",,,
Park Yeon Ah,1,박연아,1,09-Apr-98,4,,0,0,영화배우,"박연아
영화배우",,,
Lee So E,1,이소이,1,10-Oct-00,Notfound,,0,0,탤런트,"이소이
탤런트",,,
Ma Hyun Ji,1,마현지,1,27-Jan-98,7,,0,0,"탤런트,영화배우","마현지
탤런트, 영화배우",,,
Jung Su Bin,1,정수빈,0,05-Apr-99,8,,0,0,,,,,
Oh Jae Woong,1,오재웅,0,23-Jul-99,4,,0,0,"탤런트,전피겨스케이팅선수","오재웅
탤런트, 전 피겨스케이팅선수",,,
Shin So Hyun,1,신소현,1,30-Sep-03,Notfound,,0,0,탤런트,"신소현
Shin So Hyun
탤런트",,,
Choi Ji Su,2,최지수,1,25-Aug-97,8,,0,0,"탤런트,영화배우","최지수
탤런트, 영화배우",,,
Ji Hyun Woo,8,지현우,0,29-Nov-84,28,,0,1,"영화배우,가수","지현우
영화배우, 가수",,,
Kang Eun Tak,5,강은탁,0,16-Aug-82,10,,0,0,신슬기탤런트,"강은탁
신슬기
탤런트",,,
Yoo Jae Myung,5,유재명,0,03-Jun-73,23,,0,0,영화배우,"유재명
You Chea Myung
영화배우",,,
Han Ye Ri,7,한예리,1,23-Dec-84,13,,0,0,"김예리,영화배우,탤런트","한예리
김예리, Yeri Han
영화배우, 탤런트",,,
Uhm Tae Goo,2,엄태구,0,09-Nov-83,9,,0,0,"영화배우,탤런트","엄태구
영화배우, 탤런트",,,
Hwang Hee,2,황희,0,18-Oct-88,Notfound,,0,0,"국회의원,전장관","황희
국회의원, 전 장관",,,
Lee Ha Nee,5,이하늬,1,02-Mar-83,19,,0,0,"탤런트,미스코리아","이하늬
Ha Nee Lee
탤런트, 미스코리아",,,
Park Ha Sun,4,박하선,1,22-Oct-87,31,,0,0,"탤런트,영화배우","박하선
Ha Seon Park
탤런트, 영화배우",,,
Lee Jung Jae,3,이정재,0,15-Dec-72,14,,0,0,"영화배우,탤런트","이정재
영화배우, 탤런트",,,
Jung Ho Yeon,1,정호연,1,23-Jun-94,Notfound,,0,0,모델,"정호연
모델",,,
Cho Yeo Jung,6,조여정,1,10-Feb-81,26,,0,0,"탤런트,영화배우","조여정
탤런트, 영화배우",,,
Kim Jee Soo,4,김지수,1,24-Oct-72,Notfound,,0,1,,,,,
Park Se Jin,1,박세진,1,06-Sep-96,Notfound,,0,0,,,,,
Gong Hyun Joo,2,공현주,1,07-Jan-84,28,,0,0,"탤런트,플로리스트","공현주
Kong Hyun Joo
탤런트, 플로리스트",,,
Ryu Joon Yeol,3,류준열,0,25-Sep-86,7,,0,0,"영화배우,탤런트","류준열
영화배우, 탤런트",,,
Kim Yoo Jung,6,김유정,1,22-Sep-99,33,,0,0,"영화배우,탤런트","김유정
영화배우, 탤런트",,,
Gong Myung,5,공명,0,26-May-94,Notfound,,0,0,정보없음,Notfound,,,
Kim Seon Ho,7,김선호,0,08-May-86,10,,1,0,연극배우,"김선호
연극배우",,,
Ji Jin Hee,7,지진희,0,24-Jun-71,28,,0,0,"탤런트,영화배우","지진희
탤런트, 영화배우",,,
Kim Hye Eun,2,김혜은,1,01-Mar-73,36,,0,0,"탤런트,영화배우","김혜은
탤런트, 영화배우",,,
Kim Bo Ra,3,김보라,1,28-Sep-95,28,,0,0,영화배우,"김보라
Bo Ra Kim
영화배우",,,
Kim Hong Pa,1,김홍파,0,05-Jan-62,20,,0,0,영화배우,"김홍파
영화배우",,,
Kim Sae Ron,4,김새론,1,31-Jul-00,16,,0,0,영화배우,"김새론
영화배우",,,
Yang Hong Seok,1,양홍석,0,17-Apr-94,Notfound,,0,0,,,,,
Song Ji Hyo,5,송지효,1,15-Aug-81,18,,0,0,"영화배우,탤런트","송지효
Song Ji Hyo
영화배우, 탤런트",,,
Jung Yoo Min,1,정유민,1,10-Jul-91,23,,0,0,"탤런트,영화배우","정유민
탤런트, 영화배우",,,
Choi Myung Gil,4,최명길,1,11-Nov-62,43,,0,0,"탤런트,영화배우","최명길
탤런트, 영화배우",,,
So Yi Hyun,3,소이현,1,28-Aug-84,34,2001,0,0,"조우정탤런트,영화배우","소이현
조우정
탤런트, 영화배우",,,0
Shin Jung Yoon,1,신정윤,0,13-Feb-85,4,,0,0,탤런트,"신정윤
Shin Jung Yun
탤런트",,,
Nam Gyu Ri,4,남규리,1,26-Apr-85,17,,0,1,"영화배우,가수","남규리
영화배우, 가수",,,
Kim Min Jung,5,김민정,1,30-Jul-82,32,,0,0,"영화배우,탤런트","김민정
영화배우, 탤런트",,,
Go Woo Jin,1,고우진,0,17-Sep-96,4,,0,1,"탤런트,가수","고우진
탤런트, 가수",,,
Lee Sae On,1,이세온,0,27-Nov-95,4,,0,0,탤런트,"이세온
탤런트",,,
Choe Chan Yi,1,최찬이,0,14-Jun-95,7,,0,0,탤런트,"최찬이
탤런트",,,
Kim Ga Eun,5,김가은,1,08-Jan-89,29,,0,0,탤런트,"김가은
탤런트",,,
Jung Jae Young,5,정재영,0,21-Nov-70,5,,0,0,영화배우,"정재영
영화배우",,,
Yang Hye Ji,2,양혜지,1,20-Jan-96,Notfound,,0,0,탤런트,"양혜지
탤런트",,,
Lee Yeol Eum,4,이열음,1,16-Feb-96,15,,0,0,"영화배우,탤런트","이열음
영화배우, 탤런트",,,
Lee Shi Ah,1,이시아,1,10-Jul-90,8,,0,0,"영화배우,탤런트","이시아
영화배우, 탤런트",,,
Han Hyun Min,2,한현민,0,19-May-01,12,,0,0,"모델,탤런트","한현민
모델, 탤런트",,,
Park Se Wan,4,박세완,1,24-Sep-94,13,2016,0,0,영화배우,"박세완
영화배우",,,0
Choi Young Jae,1,최영재,0,17-Sep-96,11,,0,0,"방송인,대학교수","최영재
Choi Young Jae
방송인, 대학교수",,,
Shin Hyun Seung,1,신현승,0,15-Jul-98,Notfound,,0,0,탤런트,"신현승
탤런트",,,
Minnie,1,김승민,0,22-Sep-00,Notfound,,0,1,가수,"김승민
Kim Seungmin
가수",,,
Terris Brown,1,강기영,0,14-Oct-83,24,,0,0,"영화배우,탤런트","강기영
Ki Young Kang
영화배우, 탤런트",,,
Jo Jung Suk,6,조정석,0,26-Dec-80,11,,0,0,"뮤지컬배우,탤런트","조정석
뮤지컬배우, 탤런트",,,
Kim Dae Myung,2,김대명,0,16-Feb-81,7,,0,0,"영화배우,뮤지컬배우","김대명
영화배우, 뮤지컬배우",,,
Park Ji Hoon,3,박지훈,0,29-May-99,6,,0,1,"가수,배우","박지훈
PARK JI HOON
가수, 배우",,,
Lee Tae Gon,2,이태곤,0,27-Nov-77,29,,0,0,"탤런트,모델","이태곤
Lee Tae Gon
탤런트, 모델",,,
Jeon Noh Min,2,전노민,0,28-Aug-66,49,,0,0,"전재용탤런트,영화배우","전노민
전재용
탤런트, 영화배우",,,
Eugene,4,유진,1,03-Mar-81,Notfound,,0,0,"김유진영화배우,탤런트","유진
김유진
영화배우, 탤런트",,,
Go Sung Min,1,고성민,1,21-Apr-98,3,,0,1,가수,"고성민
가수",,,
Min Chan Ki,2,민찬기,0,27-Dec-89,9,,0,0,"탤런트,전프로게이머","민찬기
탤런트, 전 프로게이머",,,
Lee Il Hwa,3,이일화,1,03-Jan-71,66,,0,0,"영화배우,탤런트","이일화
영화배우, 탤런트",,,
Han Seung Yeon,5,한승연,1,24-Jul-88,29,,0,1,"가수,탤런트","한승연
가수, 탤런트",,,
Tang Jun Sang,2,탕준상,0,13-Aug-03,5,,0,0,"영화배우,뮤지컬배우","탕준상
Jun Sang Tang
영화배우, 뮤지컬배우",,,
Son Sang Yeon,1,손상연,0,02-Apr-02,6,,0,0,방송연예인,"손상연
방송연예인",,,
Kim Kang Hoon,1,김강훈,0,07-Jun-09,13,,0,0,방송연예인,"김강훈
방송연예인",,,
Kim Do Wan,1,김도완,0,08-Mar-95,11,,0,0,"영화배우,탤런트","김도완
영화배우, 탤런트",,,
Hong Seung Hee,1,홍승희,1,19-Aug-97,10,,0,0,탤런트,"홍승희
탤런트",,,
Shin Do Hyun,2,신도현,1,05-Nov-95,11,2017,0,0,탤런트,"신도현
탤런트",,,
Park Bo Young,4,박보영,1,12-Feb-90,15,,0,0,"영화배우,탤런트","박보영
영화배우, 탤런트",,,
Jung Ji So,2,정지소,1,17-Sep-99,18,,0,0,"탤런트,영화배우","정지소
탤런트, 영화배우",,,
Jeong Yun Ho,1,정윤호,0,23-Mar-99,Notfound,,0,1,,,,,
Go Min Si,3,고민시,1,15-Feb-95,13,,0,0,"영화배우,탤런트","고민시
영화배우, 탤런트",,,
Lee Joon Hyuk,9,이준혁,0,13-Mar-84,27,,0,0,"탤런트,영화배우","이준혁
Lee Jun Hyuk
탤런트, 영화배우",,,
Yeon Woo Jin,7,연우진,0,05-Jul-84,17,,0,0,"김봉회탤런트,영화배우","연우진
김봉회
탤런트, 영화배우",,,
Ryu Hye Young,2,류혜영,1,28-Mar-91,5,2007,0,0,영화배우,"류혜영
Hye Young Ryu
영화배우",,,
Kim Myung Min,3,김명민,0,08-Oct-72,16,,0,0,"탤런트,영화배우","김명민
탤런트, 영화배우",,,
Choi Jung Yoon,1,최정윤,1,09-May-77,Notfound,,0,0,"탤런트,영화배우","최정윤
탤런트, 영화배우",,,
Ahn Jae Mo,3,안재모,0,20-Sep-79,37,,0,0,"탤런트,영화배우","안재모
탤런트, 영화배우",,,
Bae Seul Gi,1,배슬기,1,27-Sep-86,15,,0,1,"영화배우,가수","배슬기
Seul Ki Bae
영화배우, 가수",,,
Park Hyung Joon,1,박형준,0,31-Aug-70,4,,0,0,,,,,
Sean Richard,2,리차드,0,09-Jun-84,Notfound,,0,0,,,,,
Liv Hewson,2,,,,Notfound,,0,0,다른어학정보16,"영어사전
다른 어학정보16",,,
Justin Chon,2,전지태,0,29-May-81,Notfound,,0,0,동영상이정보가표시된이유,동영상이 정보가 표시된 이유,,,
Henry Lau,1,김헨리,0,22-Sep-88,Notfound,,0,0,영화배우,"김헨리
영화배우",,,
Brett Gray,1,,,,Notfound,,0,0,,,,,
Im Na Young,1,임나영,1,18-Dec-95,13,,0,1,"가수,탤런트","임나영
가수, 탤런트",,,
Kwon Hyun Bin,2,권현빈,0,04-Mar-97,18,,0,1,"비니,탤런트,가수","권현빈
비니, VIINI
탤런트, 가수",,,
Lee Jung Sic,1,이정식,0,06-Jul-95,Notfound,,0,0,,,,,
Jang Dong Joo,1,장동주,0,25-Oct-94,10,,0,0,"탤런트,영화배우","장동주
탤런트, 영화배우",,,
Choi Hye Jin,1,최혜진,1,22-Oct-93,Notfound,,0,0,,,,,
Dylan,1,박연재,0,26-Jul-02,Notfound,,0,0,,,,,
Lee Hyun Ho,1,이현호,0,04-Nov-98,Notfound,,1,0,,,,,
Kim Na Yun,1,김나윤,1,31-Jul-98,Notfound,,1,1,,,,,
Ki Do Hoon,2,기도훈,0,05-Apr-95,11,,0,0,"탤런트,모델","기도훈
탤런트, 모델",,,
Park In Hwan,1,박인환,0,06-Jan-45,73,,0,0,"탤런트,영화배우","박인환
탤런트, 영화배우",,,
Kim Kwang Gyu,2,김광규,0,08-Dec-67,57,,0,0,"영화배우,탤런트","김광규
영화배우, 탤런트",,,
Lee Bo Hee,2,이보희,1,25-May-59,47,,0,0,"조영숙탤런트,영화배우","이보희
조영숙
탤런트, 영화배우",,,
Hong Eun Hee,1,홍은희,1,17-Feb-80,27,,0,0,탤런트,"홍은희
탤런트",,,
Yoon Joo Sang,1,윤주상,0,25-Jun-49,67,,1,0,"연극배우,탤런트","윤주상
연극배우, 탤런트",,,
Jeon Hye Bin,6,전혜빈,1,27-Sep-83,38,,0,0,"탤런트,영화배우","전혜빈
탤런트, 영화배우",,,
Kim So Hyun,8,김소현,1,04-Jun-99,Notfound,,0,0,영화배우,"김소현
영화배우",,,
Won Tae Min,1,원,0,16-Sep-93,6,,0,0,어린이백과학생백과,"지식백과
어린이백과학생백과",,,
Song Jae Rim,7,송재림,0,18-Feb-85,20,,0,0,탤런트,"송재림
탤런트",,,
Cha Min Ji,1,차민지,1,29-Apr-90,17,,0,0,영화배우,"차민지
영화배우",,,
Hyun Woo,4,"현우
",0,18-Jan-85,Notfound,,0,0,정보없음,Notfound,,,
Lee Joo Young,2,이주영,1,14-Feb-92,Notfound,,0,0,영화배우,"이주영
Lee Joo Young
영화배우",,,
Moon Jung Hee,3,문정희,1,12-Jan-76,24,,0,0,"영화배우,뮤지컬배우","문정희
Moon Jeong Hee
영화배우, 뮤지컬배우",,,
Eum Moon Suk,1,음문석,0,07-Dec-82,10,,0,1,"가수,탤런트","음문석
가수, 탤런트",,,
Lee Re,2,"이레
",1,12-Mar-06,Notfound,,0,0,정보없음,Notfound,,,
Choi Kang Hee,6,최강희,1,05-May-77,34,,0,0,"탤런트,영화배우","최강희
탤런트, 영화배우",,,
Park Shin Hye,3,박신혜,1,18-Feb-90,28,2003,0,0,"탤런트,영화배우","박신혜
탤런트, 영화배우",,,1
Lee So Yeon,4,이소연,1,16-Apr-82,24,,0,0,"영화배우,탤런트","이소연
영화배우, 탤런트",,,
Choi Yeo Jin,5,최여진,1,27-Jul-83,47,,0,0,"탤런트,영화배우","최여진
탤런트, 영화배우",,,
Kyung Sung Hwan,1,경성환,0,02-Nov-84,3,,0,0,"景盛煥,영화배우,탤런트","경성환
景盛煥, Kyung Sung Hwan
영화배우, 탤런트",,,
Lee Sang Bo,1,이상보,0,21-Oct-81,10,,0,0,"탤런트,영화배우","이상보
탤런트, 영화배우",,,
Choi Yoo Hwa,3,최유화,1,10-Oct-85,13,,0,0,"영화배우,탤런트","최유화
영화배우, 탤런트",,,
Kim Young Ah,1,김영아,1,15-May-75,2,,0,0,"탤런트,모델","김영아
탤런트, 모델",,,
Shim Eun Woo,1,심은우,1,02-Jun-92,9,,0,0,영화배우,"심은우
Eun Woo Sim
영화배우",,,
Ryu Hwa Young,6,류화영,1,22-Apr-93,12,,0,0,탤런트,"류화영
Hwa Young Ryu
탤런트",,,
Ahn Jung Hun,1,안정훈,0,22-Sep-97,51,,0,0,"탤런트,영화배우","안정훈
탤런트, 영화배우",,,
Lee Joo Bin,1,이주빈,1,18-Sep-89,15,,0,0,탤런트,"이주빈
탤런트",,,
Lee Kyu Han,3,이규한,0,04-Aug-80,45,,0,0,"탤런트,영화배우","이규한
Lee Kyu Han
탤런트, 영화배우",,,
Hur Hyun Jun,1,허현준,0,09-Mar-00,Notfound,,0,0,정보없음,Notfound,,,
So Ju Yeon,4,소주연,1,31-Dec-93,11,,0,0,"탤런트,영화배우","소주연
탤런트, 영화배우",,,
Yeo Hoe Hyun,3,여회현,0,09-May-94,14,,0,0,"영화배우,탤런트","여회현
영화배우, 탤런트",,,
Han Se Jin,2,이세진,0,03-Apr-96,10,,0,0,이세진영화배우,"한세진
이세진
영화배우",,,
Ko Jae Hyun,1,고재현,0,22-Nov-94,Notfound,,0,0,대구공격수,"고재현NO.17
대구 FC
FW 공격수",,,
Steve Noh,1,스티브,0,19-Jul-90,Notfound,,0,1,,,,,
Lee Yi Kyung,7,이이경,0,08-Jan-89,48,,0,0,영화배우,"이이경
영화배우",,,
Shin Se Kyung,6,신세경,1,29-Jul-90,16,,0,0,"탤런트,영화배우","신세경
Sae Kyeong Shin
탤런트, 영화배우",,,
Park You Na,1,박유나,1,23-Dec-97,12,,0,0,탤런트,"박유나
Park Youna
탤런트",,,
Lee Sang,1,이상,0,17-Oct-95,Notfound,,0,0,정보없음,Notfound,,,
Kang In Soo,1,강인수,0,10-Mar-88,5,,0,1,"가수,탤런트","강인수
가수, 탤런트",,,
Kim Noh Jin,1,김노진,1,17-Oct-94,8,,0,0,영화배우,"김노진
영화배우",,,
Han Sung Yun,1,한성연,1,12-Jul-97,6,,0,0,탤런트,"한성연
탤런트",,,
Lee Han Ik,1,이한익,0,11-Apr-92,8,,0,0,뮤지컬배우,"이한익
뮤지컬배우",,,
Go Jun,3,"고준
",0,08-Dec-78,Notfound,,0,0,정보없음,Notfound,,,
Yoon Sun Woo,1,윤선우,0,07-Sep-85,13,,1,0,"탤런트,연극배우","윤선우
탤런트, 연극배우",,,
Cho Byeong Kyu,3,조병규,0,23-Apr-96,20,,0,0,탤런트,"조병규
탤런트",,,
Ahn Suk Hwan,1,안석환,0,01-Nov-59,74,,0,0,"탤런트,영화배우","안석환
탤런트, 영화배우",,,
Kim Sa Rang,2,김사랑,1,12-Jan-78,11,,0,0,"탤런트,미스코리아","김사랑
탤런트, 미스코리아",,,
Jung Man Shik,2,정만식,0,11-Dec-74,28,,1,0,"영화배우,연극배우","정만식
영화배우, 연극배우",,,
Jung Da Bin,2,정다빈,1,25-Apr-00,Notfound,,0,0,"영화배우,탤런트","정다빈
영화배우, 탤런트",,,
Noh Jong Hyun,2,노종현,0,16-Jan-93,Notfound,,0,0,탤런트,"노종현
탤런트",,,
Yoon Bo Mi,1,윤보미,1,13-Aug-93,28,,0,1,가수,"윤보미
가수",,,
Gong Min Jung,1,김민정,1,30-Sep-86,32,,0,0,"영화배우,탤런트","김민정
영화배우, 탤런트",,,
Uhm Ji Won,4,엄지원,1,25-Dec-77,17,,0,0,"영화배우,탤런트","엄지원
영화배우, 탤런트",,,
Choi Ri,3,"최리
",1,29-Jun-95,Notfound,,0,0,정보없음,Notfound,,,
Jung Woong In,6,정웅인,0,20-Jan-71,43,,0,0,"영화배우,탤런트","정웅인
영화배우, 탤런트",,,
Kwon Sang Woo,3,권상우,0,05-Aug-76,21,,0,0,"영화배우,탤런트","권상우
영화배우, 탤런트",,,
Bae Sung Woo,2,배성우,0,21-Nov-72,5,,1,0,"영화배우,연극배우","배성우
Seong Woo Bae
영화배우, 연극배우",,,
Jung Woo Sung,1,정우성,0,20-Mar-73,7,,0,0,"영화배우,탤런트","정우성
영화배우, 탤런트",,,
Kim Joo Hyun,3,김주현,1,10-Mar-87,Notfound,,0,0,"금융위원장,전준정부기관인","김주현
금융위원장, 전 준정부기관인",,,
Lee Jin Sol,1,이진솔,1,04-Dec-01,9,,0,1,가수,"이진솔
가수",,,
Kim Joon Kyung,1,김준경,0,17-Sep-90,6,,0,0,영화배우,"김준경
Junkyung Kim
영화배우",,,
Lee Seo Bin,1,이서빈,1,29-Apr-95,Notfound,,0,0,"미스코리아,탤런트","이서빈
미스코리아, 탤런트",,,
Jung Jay,1,정재호,0,11-Aug-90,Notfound,,0,0,"외무공무원,대학교수","정재호
외무공무원, 대학교수",,,
Eric Mun,3,"에릭
",0,16-Feb-79,Notfound,,0,0,정보없음,Notfound,,,
Bae Suzy,4,배수지,1,10-Oct-94,14,,0,1,"배수지가수,영화배우","수지
배수지
가수, 영화배우",,,
Tae Won Seok,2,태원석,0,10-Jun-89,9,,0,0,영화배우,"태원석
영화배우",,,
Go Ah Ra,5,고아라,1,11-Feb-90,12,,0,0,"탤런트,영화배우","고아라
탤런트, 영화배우",,,
Kim Jung Eun,3,김정은,1,04-Mar-76,Notfound,,0,0,북한정치인,"김정은
북한정치인",,,
Kim Dong Jun,4,김동준,0,11-Feb-92,27,,0,0,"金桐俊,탤런트,영화배우","김동준
金桐俊, DONG JUN KIM
탤런트, 영화배우",,,
Choi Chan Ho,1,최찬호,0,08-Jul-93,4,,0,0,탤런트,"최찬호
Choi Chan Ho
탤런트",,,
Baek Soo Min,1,백수민,1,15-Oct-93,2,,0,0,"영화배우,작가","백수민
영화배우, 작가",,,
Jung Yu Mi,2,정유미,1,18-Jan-83,12,,0,0,"영화배우,탤런트","정유미
영화배우, 탤런트",,,
Yoon Sang Hyun,5,윤상현,0,21-Sep-73,Notfound,,0,0,"尹相現,국회의원","윤상현
尹相現, Sang Hyun Yoon
국회의원",,,
Jeong Bo Seok,1,정보석,0,14-Jun-61,65,,0,0,"탤런트,영화배우","정보석
탤런트, 영화배우",,,
Jeon In Hwa,2,전인화,1,27-Oct-65,27,,0,0,"탤런트,영화배우","전인화
탤런트, 영화배우",,,
Cheon Seung Ho,1,천승호,0,14-Oct-96,4,,0,0,탤런트,"천승호
탤런트",,,
Yeon Je Hyung,1,연제형,0,12-Oct-95,12,,0,0,영화배우,"연제형
영화배우",,,
Oh Dong Min,1,오동민,0,01-Apr-86,17,,1,0,"吳東旼,영화배우,연극배우","오동민
吳東旼, Dong Min Oh
영화배우, 연극배우",,,
Shin Se Hwi,1,신세휘,1,03-Jun-97,5,,0,0,영화배우,"신세휘
영화배우",,,
Park Seung Ji,1,박승지,0,28-Aug-93,1,,0,0,모델,"박승지
Seung Ji Park
모델",,,
Lee Shi Kang,3,이시강,0,01-May-87,9,,0,1,"탤런트,가수","이시강
탤런트, 가수",,,
Uhm Hyun Kyung,6,엄현경,1,04-Nov-86,29,,0,0,탤런트,"엄현경
탤런트",,,
Park Bo Gum,5,박보검,0,16-Jun-93,16,,0,0,"영화배우,탤런트","박보검
영화배우, 탤런트",,,
Park So Dam,4,박소담,1,08-Sep-91,8,,0,0,영화배우,"박소담
So Dam Park
영화배우",,,
Kwon Hwa Woon,1,권화운,0,28-Jul-89,12,,1,0,"영화배우,연극배우","권화운
영화배우, 연극배우",,,
Yeon Jung Hoon,5,연정훈,0,06-Nov-78,27,,0,0,"탤런트,영화배우","연정훈
Jung Hoon Youn
탤런트, 영화배우",,,
Im Ju Eun,3,임주은,1,07-Jan-88,11,,0,0,탤런트,"임주은
Ju Eun Lim
탤런트",,,
Go Na Hee,1,고나희,1,17-Aug-09,8,,0,0,탤런트,"고나희
탤런트",,,
Lee Ruby,1,이루비,1,30-Oct-00,Notfound,,0,0,탤런트,"이루비
탤런트",,,
Kim Young Hoon,2,김영훈,0,08-Aug-97,3,,0,0,"영화제작자,연예기획자","김영훈
영화제작자, 연예기획자",,,
Song Geon Hee,1,송건희,0,16-Aug-97,9,,0,0,탤런트,"송건희
Geon Hee Song
탤런트",,,
Lee Da In,1,이다인,1,05-Nov-92,9,,0,0,탤런트,"이다인
탤런트",,,
Seola,1,김현정,1,24-Dec-94,Notfound,,0,1,김현정가수김현정가수김현정정당인김현정김현정피아니스트1978.김현정영화배우동명이인노출기준이정보가표시된이유,"같은 이름 다른 인물
김현정
가수
김현정
가수
김현정
정당인
김현정
PD
김현정
피아니스트
1978.
김현정
영화배우
동명이인 노출기준
이 정보가 표시된 이유",,,
Song Chae Yun,1,송채윤,1,22-Sep-00,6,,0,0,탤런트,"송채윤
탤런트",,,
An So Jin,1,한가림,1,25-Oct-86,14,,0,0,"한가림영화배우,탤런트","안소진
한가림
영화배우, 탤런트",,,
Jung Young Ki,1,정영기,0,18-Oct-81,15,,0,0,영화배우,"정영기
영화배우",,,
Joo Bo Bi,1,주보비,1,12-Oct-89,4,,1,0,"영화배우,연극배우","주보비
영화배우, 연극배우",,,
Hwang Seung Eon,4,황승언,1,31-Oct-88,26,,0,0,"영화배우,탤런트","황승언
영화배우, 탤런트",,,
Choi Moo Sung,2,최무성,0,12-Jan-68,19,,1,0,"최명수영화배우,연극배우","최무성
최명수
영화배우, 연극배우",,,
Park Geon Il,1,박건일,0,05-Nov-87,16,,0,0,영화배우,"박건일
영화배우",,,
Hong Bi Ra,1,홍비라,1,14-Sep-96,5,,0,0,탤런트,"홍비라
탤런트",,,
Lee Hyun Yi,1,이현이,1,28-Jul-83,33,,0,0,"모델,방송인","이현이
모델, 방송인",,,
Son Se Bin,1,손세빈,1,27-May-89,9,,0,0,"탤런트,영화배우","손세빈
Son Se Bin
탤런트, 영화배우",,,
Kim Jung Young,1,김정영,1,27-Jul-72,19,,1,0,"연극배우,영화배우","김정영
연극배우, 영화배우",,,
Im Hwa Young,1,임화영,1,06-Oct-84,14,,0,0,"영화배우,탤런트","임화영
Hwa Young Lim
영화배우, 탤런트",,,
Shin So Yool,2,신소율,1,05-Aug-85,29,,0,0,영화배우,"신소율
영화배우",,,
Bae Soo Bin,4,배수빈,0,09-Dec-76,23,,0,0,"탤런트,영화배우","배수빈
탤런트, 영화배우",,,
Song Jong Ho,2,송종호,0,05-Oct-76,27,,0,0,"탤런트,모델","송종호
탤런트, 모델",,,
Kim Min Joon,1,김민준,0,24-Jul-76,28,,0,0,영화배우,"김민준
영화배우",,,
Hwang Jung Eum,6,황정음,1,25-Jan-85,25,,0,0,"탤런트,영화배우","황정음
탤런트, 영화배우",,,
Jo Woo Ri,2,조우리,1,29-Mar-92,14,,0,0,탤런트,"조우리
탤런트",,,
Lee Elijah,8,이엘리야,1,19-Feb-90,12,,0,0,탤런트,"이엘리야
탤런트",,,
Ahn Nae Sang,2,안내상,0,25-Dec-64,94,,0,0,"영화배우,탤런트","안내상
영화배우, 탤런트",,,
Yoo Da In,2,유다인,1,09-Feb-84,14,,0,0,영화배우,"유다인
영화배우",,,
Shim Yi Young,4,심이영,1,31-Jan-80,31,,0,0,"탤런트,영화배우","심이영
탤런트, 영화배우",,,
Choi Sung Jae,3,최성재,0,18-Jul-84,10,,0,0,탤런트,"최성재
탤런트",,,
Jin Ye Sol,2,진예솔,1,24-Sep-85,17,,0,0,탤런트,"진예솔
탤런트",,,
Won Ki Joon,1,원기준,0,12-Feb-74,23,,0,0,"탤런트,뮤지컬배우","원기준
탤런트, 뮤지컬배우",,,
Kim Do Yeon,1,김도연,1,04-Dec-99,10,,0,1,김도연가수김도연탤런트1991.김도연대학교수김도연아나운서김도연탤런트김도연쇼핑몰대표1990.동명이인노출기준이정보가표시된이유,"같은 이름 다른 인물
김도연
가수
김도연
탤런트
1991.
김도연
대학교수
김도연
아나운서
김도연
탤런트
김도연
쇼핑몰대표
1990.
동명이인 노출기준
이 정보가 표시된 이유",,,0
Kim Min Kyu,1,김민규,0,12-Mar-01,18,,0,0,탤런트,"김민규
탤런트",,,
Do Sang Woo,3,도상우,0,25-Dec-87,15,,0,0,"탤런트,모델","도상우
탤런트, 모델",,,
Bae Noo Ri,2,배누리,1,04-Feb-93,23,,0,0,"탤런트,영화배우","배누리
탤런트, 영화배우",,,
Shin Jae Ha,3,신재하,0,02-Apr-93,19,,0,0,영화배우,"신재하
영화배우",,,
Won Mi Kyung,1,원미경,1,24-Apr-60,22,,0,0,탤런트,"원미경
탤런트",,,
Kang Ji Young,1,강지영,1,18-Jan-94,Notfound,,0,0,"탤런트,영화배우","강지영
탤런트, 영화배우",,,
Yoon Gyung Ho,1,윤경호,0,05-Jul-80,22,,0,0,영화배우,"윤경호
영화배우",,,
Han Gi Chan,1,한기찬,0,06-Sep-98,5,,0,0,탤런트,"한기찬
탤런트",,,
Kim Eung Soo,2,김응수,0,12-Feb-61,59,,0,0,영화배우,"김응수
영화배우",,,
Park Shi Hoo,5,박시후,0,03-Apr-78,16,,0,0,"朴施厚,탤런트,영화배우","박시후
朴施厚, Si Hoo Park
탤런트, 영화배우",,,
Sung Hyuk,2,홍성혁,0,02-Mar-84,14,,0,0,"탤런트,영화배우","성혁
탤런트, 영화배우",,,
Tae In Ho,1,태인호,0,02-May-80,20,,0,0,"박상연,영화배우","태인호
박상연, Tae In Ho
영화배우",,,
Park Ye Jin,1,박예진,1,01-Apr-81,21,,0,0,"탤런트,영화배우","박예진
Yejin Park
탤런트, 영화배우",,,
Jung So Ri,1,정소리,1,08-Aug-98,2,,0,0,영화배우,"정소리
So Ri Jeong
영화배우",,,
Park Joon Mok,1,박준목,0,10-Nov-00,Notfound,,0,0,"탤런트,모델","박준목
탤런트, 모델",,,
Kim Young,1,"김영
",0,,Notfound,,0,0,정보없음,Notfound,,,
Moon Bo Ryung,2,문보령,1,24-Jan-83,12,,0,0,"탤런트,뮤지컬배우","문보령
탤런트, 뮤지컬배우",,,
Hyun Jyu Ni,1,현쥬니,1,01-Aug-85,12,,0,1,"탤런트,가수","현쥬니
탤런트, 가수",,,
Lee Jae Hwang,3,이재황,0,26-Dec-76,18,,0,0,배우,"이재황
배우",,,
Kim Hyung Beom,1,김형범,0,02-Jan-75,41,,0,0,탤런트,"김형범
탤런트",,,
Kim Dong Hee,1,김동희,0,13-Jun-99,5,,0,0,탤런트,"김동희
탤런트",,,
Yoo In Young,5,유인영,1,05-Jan-84,28,,0,0,"영화배우,탤런트","유인영
영화배우, 탤런트",,,
Jin Se Yeon,6,진세연,1,15-Feb-94,18,,0,0,"탤런트,영화배우","진세연
탤런트, 영화배우",,,
Lee Jung Jin,2,이정진,0,25-May-78,28,,0,0,영화배우,"이정진
영화배우",,,
Jung Eun Chae,2,정은채,1,24-Nov-86,12,,0,0,"영화배우,탤런트","정은채
영화배우, 탤런트",,,
Lee Min Ho,2,이민호,0,22-Jun-87,16,,0,0,"탤런트,영화배우","이민호
탤런트, 영화배우",,,
Lee Shin Young,1,이신영,0,24-Jan-98,10,,0,0,탤런트,"이신영
탤런트",,,
Kim So Hye,3,김소혜,1,19-Jul-99,18,,0,1,"가수,탤런트","김소혜
가수, 탤런트",,,
Park Young Rin,2,박영린,1,24-Feb-84,22,,0,0,탤런트,"박영린
탤런트",,,
Go Se Won,3,고세원,0,13-Dec-77,33,,0,0,"영화배우,뮤지컬배우","고세원
Se Won Ko
영화배우, 뮤지컬배우",,,
Kang Tae Sung,2,강성민,0,23-Jul-79,26,,0,0,"탤런트,영화배우","강성민
탤런트, 영화배우",,,
Lee Chang Wook,4,이창욱,0,02-Jul-84,13,,1,0,"배우,연극제작자","이창욱
배우, 연극제작자",,,
Park Sun Ho,5,박선호,0,09-May-93,12,,0,0,탤런트,"박선호
탤런트",,,
Jo Dong Hyuk,2,조동혁,0,11-Dec-77,29,,0,0,"영화배우,탤런트","조동혁
영화배우, 탤런트",,,
Jung Hye In,2,정혜인,1,20-Sep-90,9,,0,0,"영화배우,탤런트","정혜인
영화배우, 탤런트",,,
Kim Min Sang,1,김민상,0,07-Feb-68,27,,1,0,"영화배우,연극배우","김민상
영화배우, 연극배우",,,
Ryu Deok Hwan,4,류덕환,0,12-Jun-87,16,,0,0,"영화배우,영화감독","류덕환
ClownRyu
영화배우, 영화감독",,,
Ahn Ji Ho,1,안지호,0,05-Jan-04,5,,0,0,영화배우,"안지호
영화배우",,,
Seo Woo Jin,1,서우진,0,23-Jul-15,Notfound,,0,0,탤런트,"서우진
Woo Jin Seo
탤런트",,,
Jo Min Soo,1,조민수,1,29-Jan-65,31,,0,0,"탤런트,영화배우","조민수
탤런트, 영화배우",,,
Park Seo Joon,6,박서준,0,16-Dec-88,20,,0,0,"탤런트,영화배우","박서준
탤런트, 영화배우",,,
Jung Yeon Joo,1,정연주,1,13-Feb-90,Notfound,,0,0,"영화배우,탤런트","정연주
영화배우, 탤런트",,,
Noh Kwang Shik,1,노광식,0,12-Jan-89,1,,0,0,"노광식,","더노드
노광식, The Nod
DJ",,,
Suho,3,"수호
",0,22-May-91,Notfound,,0,0,정보없음,Notfound,,,
Shim Eun Kyung,1,심은경,1,31-May-94,20,,0,0,"영화배우,탤런트","심은경
영화배우, 탤런트",,,
Lee Tae Hwan,3,이태환,0,21-Feb-95,19,,0,0,탤런트,"이태환
탤런트",,,
One,1,정제원,0,29-Mar-94,6,,0,1,"정제원가수,영화배우","ONE
정제원
가수, 영화배우",,,
Lee Chang Hoon,1,이창훈,0,28-Apr-80,Notfound,,0,0,"탤런트,영화배우","이창훈
탤런트, 영화배우",,,
Lee Sang Hee,2,이상희,1,08-Oct-83,Notfound,,0,0,"전장관,전국회의원","이상희
전 장관, 전 국회의원",,,
Jeon Sung Woo,1,전성우,0,30-Dec-87,10,,0,0,"뮤지컬배우,탤런트","전성우
뮤지컬배우, 탤런트",,,
Lee Si Eon,2,이시언,0,03-Jul-82,35,,0,0,"이보연영화배우,탤런트","이시언
이보연
영화배우, 탤런트",,,
Hyun Bin,3,"현빈
",0,25-Sep-82,12,2003,0,0,정보없음,Notfound,,,0
Min Jin Woong,1,민진웅,0,22-Aug-86,10,,0,0,영화배우,"민진웅
영화배우",,,
Kim Seul Gi,4,김슬기,1,10-Oct-91,27,,0,0,"탤런트,영화배우","김슬기
Seul Ki Kim
탤런트, 영화배우",,,
Ahn Jae Hyun,5,안재현,0,01-Jul-87,24,,0,0,"탤런트,모델","안재현
탤런트, 모델",,,
Gu Won,2,"구원
",0,05-Feb-88,Notfound,,0,0,정보없음,Notfound,,,
Heo Jung Min,2,허정민,0,11-Nov-82,33,,0,0,"허준혁탤런트,영화배우","허정민
허준혁
탤런트, 영화배우",,,
Chae Seo Jin,3,채서진,1,30-Apr-94,6,2006,0,0,영화배우,"채서진
영화배우",,,0
Kim Soo An,1,김수안,1,27-Jan-06,4,,0,0,영화배우,"김수안
영화배우",,,
Jo A Young,1,조아영,1,26-May-91,Notfound,,0,0,"영화배우,탤런트","조아영
Ayoung Jo
영화배우, 탤런트",,,
Jung Shin Hye,1,정신혜,1,11-Oct-94,12,,0,0,배우,"정신혜
배우",,,
Kim Hyung Suk,1,김형석,0,14-Feb-91,Notfound,,0,0,김형석대학교수1920.김형석작곡가1966.김형석탤런트1991.김형석의사1969.김형석영화배우김형석기업인동명이인노출기준이정보가표시된이유,"같은 이름 다른 인물
김형석
대학교수
1920.
김형석
작곡가
1966.
김형석
탤런트
1991.
김형석
의사
1969.
김형석
영화배우
김형석
기업인
동명이인 노출기준
이 정보가 표시된 이유",,,
Kim Heung Soo,1,김흥수,0,19-May-83,16,,0,0,"탤런트,영화배우","김흥수
탤런트, 영화배우",,,
Oh Chae Yi,1,오채이,1,18-Jun-94,1,,0,0,탤런트,"오채이
Chae Yi Oh
탤런트",,,
Lee Hae Woo,2,이해우,0,09-Jul-87,6,,0,0,영화배우,"이해우
영화배우",,,
Oh Ji Ho,6,오지호,0,14-Apr-76,35,,0,0,"탤런트,영화배우","오지호
Ji Ho Oh
탤런트, 영화배우",,,
Youn Yuh Jung,2,윤여정,1,19-Jun-47,71,,0,0,"탤런트,영화배우","윤여정
탤런트, 영화배우",,,
Song Won Seok,4,송원석,0,16-Dec-88,Notfound,,0,0,모델,"송원석
모델",,,
Moon Geun Young,2,문근영,1,06-May-87,Notfound,,0,0,"탤런트,영화배우","문근영
탤런트, 영화배우",,,
Kim Kwon,2,"김권
",0,16-May-89,Notfound,,0,0,정보없음,Notfound,,,
Yang Se Jong,4,양세종,0,23-Dec-92,8,,0,0,탤런트,"양세종
탤런트",,,
Lee Na Eun,2,이나은,1,05-May-99,10,,0,0,탤런트,"이나은
탤런트",,,
Jo Yoon Hee,3,조윤희,1,13-Oct-82,26,,0,0,"탤런트,영화배우","조윤희
탤런트, 영화배우",,,
Jang Hyun Sung,2,장현성,0,17-Jul-70,57,,0,0,"탤런트,영화배우","장현성
탤런트, 영화배우",,,
Choi Gwi Hwa,2,최귀화,0,03-Mar-78,16,,0,0,영화배우,"최귀화
영화배우",,,
Kim Tae Hoon,4,김태훈,0,26-May-75,Notfound,,0,0,김태훈야구선수1992.김태훈영화배우김태훈팝칼럼니스트김태훈야구선수1990.김태훈야구선수1996.김태훈검사동명이인노출기준이정보가표시된이유,"같은 이름 다른 인물
김태훈
야구선수
1992.
김태훈
영화배우
김태훈
팝칼럼니스트
김태훈
야구선수
1990.
김태훈
야구선수
1996.
김태훈
검사
동명이인 노출기준
이 정보가 표시된 이유",,,
Jang Mi Hee,3,장미희,1,27-Jan-58,21,,0,0,"영화배우,탤런트","장미희
영화배우, 탤런트",,,
Park Hee Bon,2,박희본,1,11-May-83,27,,0,0,"영화배우,탤런트","박희본
Hee Von Park
영화배우, 탤런트",,,
Gong Hyo Jin,3,공효진,1,04-Apr-80,15,,0,0,"영화배우,탤런트","공효진
영화배우, 탤런트",,,
Jang Dong Gun,4,장동건,0,07-Mar-72,18,,0,0,"영화배우,탤런트","장동건
영화배우, 탤런트",,,
Bae Jong Ok,4,배종옥,1,13-May-64,60,,0,0,"탤런트,영화배우","배종옥
탤런트, 영화배우",,,
Kang Dae Hyun,1,강대현,0,26-May-87,Notfound,,0,0,화제인물,"강대현
화제인물",,,
Kim Da Ye,1,김다예,1,24-Sep-90,Notfound,,0,0,화제인물,"김다예
화제인물",,,
Lee Ho Won,3,이호원,0,28-Mar-91,11,,0,1,"호야가수,탤런트","이호원
호야
가수, 탤런트",,,
Ahn Jae Hong,2,안재홍,0,31-Mar-86,10,,0,0,영화배우,"안재홍
영화배우",,,
Lee Seol,2,"이설
",1,13-Apr-93,9,2016,0,0,정보없음,Notfound,,,0
Hong Ji Yoon,2,홍지윤,1,03-Mar-91,10,,0,1,가수,"홍지윤
Hong Ji Yun
가수",,,
Jung Young Joo,1,정영주,1,23-May-71,19,,0,0,"뮤지컬배우,영화배우","정영주
Young Ju Jeong
뮤지컬배우, 영화배우",,,
Han Ji Hye,2,한지혜,1,29-Jun-84,21,,0,0,"이지혜탤런트,영화배우","한지혜
이지혜
탤런트, 영화배우",,,
Oh Ji Eun,3,오지은,1,30-Dec-81,15,,0,0,"영화배우,탤런트","오지은
영화배우, 탤런트",,,
Choi Kyu Jin,1,최규진,0,12-Mar-96,Notfound,,0,0,최규진탤런트1996.최규진기자최규진의사최규진기초의원1986.최규진영화배우1996.최규진이종격투기선수1989.최규진레슬링선수1985.최규진대학교수1970.최규진스포츠기관단체인1962.최규진영화배우최규진일러스트레이터1979.다음동명이인노출기준이정보가표시된이유,"같은 이름 다른 인물
최규진
탤런트
1996.
최규진
기자
최규진
의사
최규진
기초의원
1986.
최규진
영화배우
1996.
최규진
이종격투기선수
1989.
최규진
레슬링선수
1985.
최규진
대학교수
1970.
최규진
스포츠기관단체인
1962.
최규진
영화배우
최규진
일러스트레이터
1979.
다음
동명이인 노출기준
이 정보가 표시된 이유",,,
Lee Ki Woo,5,이기우,0,23-Oct-81,30,2002,0,0,"영화배우,탤런트","이기우
Ki Woo Lee
영화배우, 탤런트",,,0
Park Shi Eun,2,박시은,1,06-Jan-80,Notfound,,0,0,"탤런트,영화배우","박시은
탤런트, 영화배우",,,
Kim Ho Jin,1,김호진,0,05-May-70,37,,0,0,"탤런트,영화배우","김호진
탤런트, 영화배우",,,
Seo Hye Jin,1,서혜진,1,22-Feb-88,Notfound,,0,1,서혜진변호사1981.서혜진탤런트1989.서혜진서혜진작가1981.서혜진탤런트1988.서혜진기자서혜진가수서혜진영화배우서혜진필드하키선수1985.다음동명이인노출기준이정보가표시된이유,"같은 이름 다른 인물
서혜진
변호사
1981.
서혜진
탤런트
1989.
서혜진
PD
서혜진
작가
1981.
서혜진
탤런트
1988.
서혜진
기자
서혜진
가수
서혜진
영화배우
서혜진
필드하키선수
1985.
다음
동명이인 노출기준
이 정보가 표시된 이유",,,
Kang Suk Jung,1,강석정,0,18-Jun-79,11,,0,0,"탤런트,모델","강석정
Kang Seok Jung
탤런트, 모델",,,
IU,4,이지은,1,16-May-93,Notfound,,0,0,"탤런트,영화배우","이지은
탤런트, 영화배우",,,
Do Won,3,도원,0,27-Aug-94,8,2017,0,0,탤런트,"도원
탤런트",,,
New Sun,1,뉴썬,1,19-Jun-97,Notfound,,0,1,"뉴썬탤런트,가수","최윤선
뉴썬
탤런트, 가수",,,
Kim Ye Ji,1,김예지,1,06-Apr-97,Notfound,,0,0,"국회의원,피아노연주가","김예지
국회의원, 피아노연주가",,,
Ki Tae Hwa,1,기태화,0,03-Nov-93,Notfound,,0,0,정보없음,Notfound,,,
Jang Moon Bok,1,장문복,0,11-Apr-95,2,,0,1,가수,"장문복
가수",,,
Han Bo Reum,2,한보름,1,12-Feb-87,30,,0,0,탤런트,"한보름
탤런트",,,
Kang Ji Hwan,4,강지환,0,20-Mar-77,18,,0,0,"조태규탤런트,영화배우","강지환
조태규
탤런트, 영화배우",,,
Seo Ji Suk,3,서지석,0,09-Sep-81,23,,0,0,"탤런트,영화배우","서지석
탤런트, 영화배우",,,
Ha Shi Eun,1,하시은,1,28-Apr-84,13,,0,0,"탤런트,영화배우","하시은
탤런트, 영화배우",,,
Ha Jae Sook,1,하재숙,1,07-Jan-79,23,,0,0,"탤런트,영화배우","하재숙
Jae Suk Ha
탤런트, 영화배우",,,
Oh Man Suk,2,오만석,0,30-Jan-75,29,,0,0,"영화배우,뮤지컬배우","오만석
영화배우, 뮤지컬배우",,,
Jung Yoo Mi,5,정유미,1,23-Feb-84,12,,0,0,"영화배우,탤런트","정유미
영화배우, 탤런트",,,
Noh Min Woo,2,노민우,0,29-May-86,19,,0,1,"탤런트,가수","노민우
MINUE
탤런트, 가수",,,
Kam Woo Sung,2,감우성,0,01-Oct-70,18,,0,0,영화배우,"감우성
영화배우",,,
Kim Joon Han,2,김준한,0,29-Mar-83,6,,0,0,영화배우,"김준한
영화배우",,,
Kim Hye Sun,1,김혜선,1,28-Sep-69,Notfound,,0,0,"탤런트,영화배우","김혜선
탤런트, 영화배우",,,
Shin Da Eun,3,신다은,1,07-Jan-85,21,,1,0,"연극배우,탤런트","신다은
Shin Da Eun
연극배우, 탤런트",,,
Ahn Yun Hong,1,안연홍,1,19-Jul-76,32,,0,0,"탤런트,영화배우","안연홍
탤런트, 영화배우",,,
Son Woo Hyeok,1,손우혁,0,08-Jan-88,7,,0,0,"손덕기영화배우,탤런트","손우혁
손덕기
영화배우, 탤런트",,,
Choi Moon Hee,1,최문희,1,25-Apr-97,Notfound,,0,0,탤런트,"문희
탤런트",,,
Park Soo Young,1,박수영,1,31-Jul-92,Notfound,,0,0,"朴洙瑩국회의원,전공무원","박수영
朴洙瑩
국회의원, 전 공무원",,,
Jung Sung Ho,1,정성호,0,27-Apr-74,Notfound,,0,0,鄭成湖국회의원,"정성호
鄭成湖
국회의원",,,
Hong Seo Young,2,홍서영,1,07-Jan-95,6,,0,0,"뮤지컬배우,탤런트","홍서영
뮤지컬배우, 탤런트",,,
Choi Sung Won,1,최성원,0,17-Jan-85,12,,0,0,"최민우영화배우,탤런트","최성원
최민우
영화배우, 탤런트",,,
Kim Jae Kyung,2,김재경,1,24-Dec-88,22,,0,1,"탤런트,가수","김재경
탤런트, 가수",,,
Han Soo Yeon,2,한수연,1,24-Apr-83,18,,0,0,"영화배우,탤런트","한수연
Han Soo Yeon
영화배우, 탤런트",,,
Kim Dong Wan,1,김동완,0,21-Nov-79,17,,0,1,"가수,탤런트","김동완
Kim Dong Wan
가수, 탤런트",,,
Kim Hwan Hee,1,김환희,1,25-Aug-02,Notfound,,0,0,탤런트,"김환희
탤런트",,,
Na Jae Min,1,나재민,0,13-Aug-00,Notfound,,0,0,정보없음,Notfound,,,
Kim Ji In,1,김지인,1,17-Sep-96,10,,0,0,탤런트,"김지인
탤런트",,,
Kim Yoo Jin,1,김유진,1,03-May-96,Notfound,,0,1,김유진언론기관단체인유진영화배우김유진칼럼니스트1968.김유진가수김유진외국변호사1986.김유진영화감독1950.동명이인노출기준이정보가표시된이유,"같은 이름 다른 인물
김유진
언론기관단체인
유진
영화배우
김유진
칼럼니스트
1968.
김유진
가수
김유진
외국변호사
1986.
김유진
영화감독
1950.
동명이인 노출기준
이 정보가 표시된 이유",,,
Kim Tae Woo,3,김태우,0,15-Apr-71,Notfound,,0,0,전기초단체장,"김태우
전 기초단체장",,,
Kim Sang Joong,2,김상중,0,06-Aug-65,43,,0,0,"탤런트,영화배우","김상중
탤런트, 영화배우",,,
Chae Shi Ra,3,채시라,1,25-Jun-68,34,,0,0,"탤런트,영화배우","채시라
탤런트, 영화배우",,,
Yoo Dong Geun,2,유동근,0,18-Jun-56,43,,0,0,"탤런트,영화배우","유동근
탤런트, 영화배우",,,
Ki Tae Young,1,기태영,0,09-Dec-78,26,,0,0,"김용우탤런트,영화배우","기태영
김용우
탤런트, 영화배우",,,
Kim Ha Kyung,1,김하경,1,18-Sep-92,4,,0,0,탤런트,"김하경
탤런트",,,
Nam Ki Ae,1,남기애,1,13-Sep-61,26,,1,0,연극배우,"남기애
Nam Kee Ae
연극배우",,,
Joo Jin Mo,4,주진모,0,11-Aug-74,14,,0,0,"영화배우,탤런트","주진모
영화배우, 탤런트",,,
Han Ye Seul,3,한예슬,1,18-Sep-81,16,,0,0,"탤런트,영화배우","한예슬
탤런트, 영화배우",,,
Kim Hee Won,2,김희원,1," Name: Hee Won
Family Name: Kim
Native name: 김희원
Also Known as: Kim Hui Won
Nationality: South Korean",26,,1,0,"영화배우,연극배우","김희원
Kim Hie Won
영화배우, 연극배우",,,
Song Sae Byuk,1,송새벽,0,26-Dec-79,2,,1,0,"영화배우,연극배우","송새벽
영화배우, 연극배우",,,
Go Joon Hee,3,고준희,1,31-Aug-85,19,,0,0,"탤런트,영화배우","고준희
탤런트, 영화배우",,,
Ryu Soo Young,4,류수영,0,05-Sep-79,38,,0,0,"어남선탤런트,영화배우","류수영
어남선
탤런트, 영화배우",,,
Park Han Byul,3,박한별,1,17-Nov-84,17,,0,0,"영화배우,탤런트","박한별
영화배우, 탤런트",,,
Choi Woong,1,"최웅
",0,28-Dec-86,Notfound,,0,0,정보없음,Notfound,,,
Jung Hye Sung,6,정혜성,1,29-Apr-91,19,,0,0,정은주탤런트,"정혜성
정은주
탤런트",,,
Lee Hong Ki,2,이홍기,0,02-Mar-90,36,,0,1,"가수,탤런트","이홍기
가수, 탤런트",,,
Moon Soo Bin,1,문수빈,1,13-Oct-92,Notfound,,0,0,기자,"문수빈
기자",,,
Kim Hye Ja,3,김혜자,1,25-Oct-41,33,,0,0,"탤런트,영화배우","김혜자
탤런트, 영화배우",,,
Lee Seung Joon,4,이승준,0,11-Feb-73,36,,1,0,"영화배우,연극배우","이승준
영화배우, 연극배우",,,
Kim Hyun Sook,4,김현숙,1,16-Oct-78,Notfound,,0,0,"장관,전국회의원","김현숙
장관, 전 국회의원",,,
Lee Na Young,1,이나영,1,22-Feb-79,9,,0,0,"영화배우,탤런트","이나영
영화배우, 탤런트",,,
Ryu Seung Ryong,1,류승룡,0,29-Nov-70,10,,0,0,"柳承龍,영화배우","류승룡
柳承龍, Ryu Seung Ryong
영화배우",,,
Choi Byung Mo,1,최병모,0,14-Jan-72,22,,0,0,영화배우,"최병모
영화배우",,,
Mina,1,"민아
",1,21-Sep-93,Notfound,,0,0,정보없음,Notfound,,,
Jae Hee,2,"재희
",0,25-May-80,Notfound,,0,0,정보없음,Notfound,,,
Jo An,2,"조안
",1,14-Nov-82,Notfound,,0,0,정보없음,Notfound,,,
Kim Hyung Min,1,김형민,0,05-Sep-83,Notfound,,0,0,"변호사,세무사","김형민
변호사, 세무사",,,
Park Shin Yang,2,박신양,0,01-Nov-68,13,,0,0,"영화배우,탤런트","박신양
영화배우, 탤런트",,,
Kim Jin Woo,2,김진우,0,17-Jul-83,25,2006,0,0,"영화배우,탤런트","김진우
영화배우, 탤런트",,,
Ha Yun Joo,4,하연주,1,12-Jun-87,20,,0,0,탤런트,"하연주
탤런트",,,
Jin Tae Hyun,1,진태현,0,15-Feb-81,24,,0,0,영화배우,"진태현
영화배우",,,
Joo Woo Jae,1,주우재,0,28-Nov-86,42,,0,0,모델,"주우재
모델",,,
Lee Joo Seung,1,이주승,0,20-Jul-89,22,,0,0,영화배우,"이주승
Ju Seung Lee
영화배우",,,
Lee Sung Jong,1,이성종,0,03-Sep-93,10,2010,0,1,가수,"이성종
가수",,,0
Jang Hee Ryung,2,장희령,1,11-Nov-93,20,2014,0,0,탤런트,"장희령
탤런트",,,0
Bae Woo Hee,1,배우희,1,21-Nov-91,18,,0,1,"가수,영화배우","배우희
가수, 영화배우",,,
Kang Yul,1,강율,0,09-Jul-93,Notfound,,0,0,탤런트,"강율
Yul Kang
탤런트",,,
Lee Min Hyuk,3,이민혁,0,29-Nov-90,Notfound,,0,0,정보없음,Notfound,,,
Baek Seo Yi,1,백서이,1,03-Aug-92,7,,0,0,탤런트,"백서이
Seo E Baek
탤런트",,,
Kwon Young Min,1,권영민,0,25-Aug-89,Notfound,,0,0,권영민문학인1964.권영민배구감독1980.주현승영화배우1989.권영민대학교수1948.에드워드권요리연구가권영민기업인1973.동명이인노출기준이정보가표시된이유,"같은 이름 다른 인물
권영민
문학인
1964.
권영민
배구감독
1980.
주현승
영화배우
1989.
권영민
대학교수
1948.
에드워드 권
요리연구가
권영민
기업인
1973.
동명이인 노출기준
이 정보가 표시된 이유",,,
Kim Gun Woo,1,김건우,0,10-Jan-92,8,2017,0,0,탤런트,"김건우
탤런트",,,0
Kim Min Young,1,김민영,1,26-Jan-90,13,2009,0,0,김민영영화배우1990.김민영출판인1947.김민영모델1991.김민영당구선수1995.김민영아나운서김민영영화배우동명이인노출기준이정보가표시된이유,"같은 이름 다른 인물
김민영
영화배우
1990.
김민영
출판인
1947.
김민영
모델
1991.
김민영
당구선수
1995.
김민영
아나운서
김민영
영화배우
동명이인 노출기준
이 정보가 표시된 이유",,,0
Yong Jun Hyung,1,용준형,0,19-Dec-89,9,2009,0,1,"가수,작곡가","용준형
가수, 작곡가",,,0
Bang Eun Hee,1,방은희,1,01-Dec-67,55,,0,0,"탤런트,영화배우","방은희
탤런트, 영화배우",,,
Seo Do Young,5,서도영,0,14-Apr-81,16,,0,0,"탤런트,모델","서도영
탤런트, 모델",,,
Im Yoon Ho,1,임윤호,0,20-Oct-89,6,,0,0,탤런트,"임윤호
탤런트",,,
Hwang Bo Mi,1,황보미,1,19-Jul-89,Notfound,,0,0,"탤런트,아나운서","황보미
탤런트, 아나운서",,,
Lee Chun Hee,1,이천희,0,19-Feb-79,32,,0,0,"영화배우,모델","이천희
영화배우, 모델",,,
Lee Tae Ran,2,이태란,1,25-Mar-75,25,,0,0,"탤런트,영화배우","이태란
탤런트, 영화배우",,,
Shin Eun Kyung,2,신은경,1,15-Feb-73,28,,0,0,"영화배우,탤런트","신은경
영화배우, 탤런트",,,
Yoon Joo Hee,2,윤주희,1,21-Feb-85,34,,0,0,"탤런트,영화배우","윤주희
탤런트, 영화배우",,,
Baek Jin Hee,5,백진희,1,08-Feb-90,18,,0,0,"영화배우,탤런트","백진희
영화배우, 탤런트",,,
Kim Jong Hoon,1,김종훈,0,08-Jun-92,Notfound,,1,0,김종훈탤런트김종훈전국회의원1952.김종훈연극배우1993.김종훈공무원1967.김종훈기업인1949.김종훈기초단체장1964.동명이인노출기준이정보가표시된이유,"같은 이름 다른 인물
김종훈
탤런트
김종훈
전 국회의원
1952.
김종훈
연극배우
1993.
김종훈
공무원
1967.
김종훈
기업인
1949.
김종훈
기초단체장
1964.
동명이인 노출기준
이 정보가 표시된 이유",,,
Chun Jung Myung,3,천정명,0,29-Nov-80,18,,0,0,"탤런트,영화배우","천정명
탤런트, 영화배우",,,
Yoon Eun Hye,1,윤은혜,1,03-Oct-84,13,,0,0,"탤런트,영화배우","윤은혜
탤런트, 영화배우",,,
In Gyo Jin,1,인교진,0,29-Aug-80,39,,0,0,"탤런트,영화배우","인교진
탤런트, 영화배우",,,
Kim Hyun Joong,1,김현중,0,06-Jun-86,9,,0,1,"가수,탤런트","김현중
가수, 탤런트",,,
So Yoo Jin,2,소유진,1,11-Aug-81,38,,0,0,"탤런트,영화배우","소유진
Yu Jin So
탤런트, 영화배우",,,
Kim Hyun Joon,1,김현준,0,19-Apr-91,Notfound,,0,0,삼성라이온즈외야수·좌투좌타,"김현준NO.41
삼성 라이온즈
외야수 · 좌투좌타",,,
Choi Kwang Je,1,최광제,0,06-Aug-85,10,,1,0,"연극배우,영화배우","최광제
Choi Kwang Je
연극배우, 영화배우",,,
Kim Yoon Jin,1,김윤진,1,07-Nov-73,Notfound,,0,0,영화배우,"김윤진
영화배우",,,
Seungri,1,"승리
",0,12-Dec-90,Notfound,,0,0,정보없음,Notfound,,,
Son Yeo Eun,1,손여은,1,04-Aug-83,17,,0,0,"변나연탤런트,영화배우","손여은
변나연
탤런트, 영화배우",,,
Kim Won Hae,1,김원해,0,21-May-69,47,,1,0,"영화배우,연극배우","김원해
영화배우, 연극배우",,,
Uhm Ki Joon,3,엄기준,0,22-Apr-76,25,,0,0,"뮤지컬배우,탤런트","엄기준
뮤지컬배우, 탤런트",,,
Im Se Mi,3,임세미,1,29-May-87,24,,0,0,"탤런트,영화배우","임세미
Se Mi Lim
탤런트, 영화배우",,,
Yoo Sun Ho,1,유선호,0,28-Jan-02,22,,0,0,탤런트,"유선호
탤런트",,,
Kim Nam Joo,2,김남주,1,10-May-71,15,,0,0,"탤런트,영화배우","김남주
탤런트, 영화배우",,,
Ahn Hyung Sub,1,안형섭,0,09-Aug-99,Notfound,,0,0,정보없음,Notfound,,,
Na Hye Mi,1,나혜미,1,24-Feb-91,7,,0,0,"영화배우,모델","나혜미
영화배우, 모델",,,
Choi Soo Jong,1,최수종,0,18-Dec-62,54,,0,0,"탤런트,영화배우","최수종
탤런트, 영화배우",,,
Yoon Jin Yi,1,윤진이,1,27-Jul-90,8,,0,0,"김윤진,탤런트","윤진이
김윤진, Ji Ni Yoon
탤런트",,,
Jung Eun Woo,2,정은우,0,10-Apr-86,15,,0,0,"탤런트,영화배우","정은우
Eun Woo Jung
탤런트, 영화배우",,,
Shin Dong Yup,1,신동엽,0,17-Feb-71,133,,0,0,",개그맨","신동엽
MC, 개그맨",,,
Ha Hee Ra,3,하희라,1,08-Dec-69,39,,0,0,"탤런트,영화배우","하희라
탤런트, 영화배우",,,
Ahn Sun Young,1,안선영,1,24-Feb-76,43,,0,0,"탤런트,방송인","안선영
탤런트, 방송인",,,
Go Eun Mi,1,고은미,1,07-Jul-76,17,,0,0,"안은미탤런트,영화배우","고은미
안은미
탤런트, 영화배우",,,
Song Chang Eui,3,송창의,0,24-Jan-79,20,,0,0,"탤런트,뮤지컬배우","송창의
탤런트, 뮤지컬배우",,,
Ji Min Hyuk,1,지민혁,0,23-Sep-01,9,,0,0,"영화배우,탤런트","지민혁
영화배우, 탤런트",,,
Ahn Seo Hyun,1,안서현,1,12-Jan-04,20,,0,0,"영화배우,모델","안서현
Seo Hyun An
영화배우, 모델",,,
Samuel,1,서사무,0,03-May-91,Notfound,,0,0,정보없음,Notfound,,,
Lee Gi Kwang,3,이기광,0,30-Mar-90,36,,0,1,"가수,탤런트","이기광
가수, 탤런트",,,
Yoon So Hee,4,윤소희,1,07-May-93,26,,0,0,탤런트,"윤소희
탤런트",,,
Kim Young Ok,1,김영옥,1,05-Dec-37,104,,0,0,"탤런트,영화배우","김영옥
탤런트, 영화배우",,,
Hong Bin,2,"홍빈
",0,29-Sep-93,Notfound,,0,0,정보없음,Notfound,,,
Go Soo Hee,1,고수희,1,18-Jul-76,16,,1,0,"영화배우,연극배우","고수희
Soo Hee Koh
영화배우, 연극배우",,,
Hong Soo Ah,1,홍수아,1,30-Jun-86,20,,0,0,"탤런트,영화배우","홍수아
Soo Ah Hong
탤런트, 영화배우",,,
Lee Young Ah,1,이영아,1,23-Oct-84,18,,0,0,"탤런트,영화배우","이영아
탤런트, 영화배우",,,
Nam Sang Mi,2,남상미,1,03-May-84,19,,0,0,"영화배우,탤런트","남상미
영화배우, 탤런트",,,
Jo Hyun Jae,2,조현재,0,09-May-80,17,,0,0,"탤런트,영화배우","조현재
탤런트, 영화배우",,,
Byun Yo Han,3,변요한,0,29-Apr-86,4,,0,0,영화배우,"변요한
yohan Byun
영화배우",,,
Jeon Soo Jin,1,전수진,1,08-Nov-88,Notfound,,0,0,"영화배우,탤런트","전수진
Soo Jin Jun
영화배우, 탤런트",,,
Lee Joong Moon,1,이중문,0,27-Oct-83,12,,0,0,"탤런트,영화배우","이중문
JoongMoon Lee
탤런트, 영화배우",,,
Seo Hae Won,1,서해원,1,13-Feb-85,3,,0,0,영화배우,"서해원
Seo Hae Won
영화배우",,,
Bu Bae,1,김경남,0,26-Nov-84,12,,1,0,"탤런트,연극배우","김경남
탤런트, 연극배우",,,
Kim Hyun Mok,1,김현목,0,18-Sep-91,25,,0,0,"영화배우,탤런트","김현목
Kim Hyeon Mok
영화배우, 탤런트",,,
Choi Woo Jung,1,최우정,1,05-Jun-91,6,,0,0,영화배우,"최우정
영화배우",,,
Park Hwan Hee,1,박환희,1,13-Oct-90,8,,0,0,"영화배우,탤런트","박환희
영화배우, 탤런트",,,
Yoo Oh Sung,3,유오성,0,11-Sep-68,21,,0,0,"영화배우,탤런트","유오성
Oh Seong Yu
영화배우, 탤런트",,,
Woo Hee Jin,3,우희진,1,24-May-75,34,,0,0,"탤런트,영화배우","우희진
탤런트, 영화배우",,,
Lee In Hye,1,이인혜,1,21-Feb-81,28,,0,0,"탤런트,대학교수","이인혜
탤런트, 대학교수",,,
Alex,1,"김영
",0,02-Sep-90,Notfound,,0,0,정보없음,Notfound,,,
Park Joon Hyuk,1,박준혁,0,11-Nov-75,26,,0,0,"탤런트,영화배우","박준혁
탤런트, 영화배우",,,
Ha Yeon Soo,2,하연수,1,10-Oct-90,Notfound,,0,0,모델,"하연수
모델",,,
Jin Joo Hyung,1,진주형,0,24-Nov-94,7,,0,0,"탤런트,영화배우","진주형
탤런트, 영화배우",,,
Han Ga In,1,한가인,1,02-Feb-82,14,,0,0,"김현주탤런트,영화배우","한가인
김현주
탤런트, 영화배우",,,
Gu Jae Yi,1,구재이,1,28-Feb-86,15,,0,0,"탤런트,모델","구재이
탤런트, 모델",,,
Jang Geun Suk,2,장근석,0,04-Aug-87,23,,0,0,#NAME?,"장근석
Jang Keun-Suk
영화배우",,,
Lee Yoo Bi,3,이유비,1,22-Nov-90,13,,0,0,탤런트,"이유비
Yubi Lee
탤런트",,,
Lee Da Hae,1,이다해,1,19-Apr-84,19,,0,0,탤런트,"이다해
탤런트",,,
Shim Hee Sub,2,심희섭,0,26-Feb-86,6,,0,0,영화배우,"심희섭
Hee Seop Sim
영화배우",,,
Park Shi Yeon,2,박시연,1,29-Mar-79,18,,0,0,"탤런트,미스코리아","박시연
탤런트, 미스코리아",,,
Son Seung Won,2,손승원,0,29-Jun-90,Notfound,,0,0,뮤지컬배우,"손승원
뮤지컬배우",,,
Jo Jae Hyun,3,조재현,0,30-Jun-65,25,,0,0,영화배우,"조재현
영화배우",,,
Heo Yool,1,"허율
",1,26-Jun-09,Notfound,,0,0,정보없음,Notfound,,,
Gong Yoo Rim,1,공유림,1,13-Jan-96,6,,0,0,"탤런트,영화배우","공유림
탤런트, 영화배우",,,
No Seong Su,1,노성수,0,24-Oct-91,1,,0,0,모델,"노성수
모델",,,
Ahn Shi Eun,1,안시은,1,25-Nov-93,3,,0,0,영화배우,"안시은
Si Eun An
영화배우",,,
Choi Hee Jin,1,최희진,1,08-Nov-96,6,,0,0,영화배우,"최희진
영화배우",,,
Lee Ho Jung,1,이호정,1,20-Jan-97,6,,0,0,"영화배우,모델","이호정
영화배우, 모델",,,
Brian Joo,1,주학년,0,09-Mar-99,1,,0,1,가수,"주학년
가수",,,
Park Joong Hoon,1,박중훈,0,21-Mar-66,5,,0,0,"영화배우,영화감독","박중훈
영화배우, 영화감독",,,
Park Young Gyu,2,박영규,0,28-Oct-53,49,,0,0,"탤런트,영화배우","박영규
탤런트, 영화배우",,,
Park Hae Mi,1,박해미,1,28-Jan-64,37,,0,0,"뮤지컬배우,영화배우","박해미
뮤지컬배우, 영화배우",,,
Kwon Oh Jung,1,권오중,0,24-Nov-71,44,,0,0,"탤런트,영화배우","권오중
Oh Joong Kwon
탤런트, 영화배우",,,
Han Young,1,한지영,1,16-Dec-78,Notfound,,0,0,"韓知伶,모델","한지영
韓知伶, Ji Young Han
모델",,,
Oh Dae Gyu,2,오대규,0,16-Feb-68,33,,0,0,"탤런트,영화배우","오대규
탤런트, 영화배우",,,
Kang Seo Joon,1,김준형,0,02-Aug-86,Notfound,,0,0,김준형대학교수1963.김준형탤런트2002.김준형기업인1962.김준형탤런트1988.김준형야구선수2002.김준형축구선수1996.동명이인노출기준이정보가표시된이유,"같은 이름 다른 인물
김준형
대학교수
1963.
김준형
탤런트
2002.
김준형
기업인
1962.
김준형
탤런트
1988.
김준형
야구선수
2002.
김준형
축구선수
1996.
동명이인 노출기준
이 정보가 표시된 이유",,,
Ban So Young,1,반소영,1,22-Mar-88,5,,0,0,"탤런트,영화배우","반소영
탤런트, 영화배우",,,
Kang Hye Jung,1,강혜정,1,04-Jan-82,8,,0,0,"영화배우,탤런트","강혜정
영화배우, 탤런트",,,
Go Na Yeon,1,고나연,1,17-May-90,4,,0,0,탤런트,"고나연
탤런트",,,
Lee Su Hyun,1,이수현,1,04-May-99,14,,0,1,가수,"이수현
LEE SUHYUN
가수",,,
Kim Hee Jung,1,김희정,1,16-Apr-92,Notfound,,0,0,"탤런트,영화배우","김희정
탤런트, 영화배우",,,
Kim Min Kyo,1,김민교,0,15-Apr-74,Notfound,,0,0,영화배우,"김민교
영화배우",,,
Kwon Young Deuk,1,권영득,0,20-Nov-89,Notfound,,0,0,"권영득,댄서","드기
권영득, DEUKIE
댄서",,,
Dong Ha,1,"동하
",0,14-Jan-92,Notfound,,0,0,정보없음,Notfound,,,
Na Hae Ryung,3,나해령,1,11-Nov-94,13,,0,1,"나해령,가수,영화배우","한다라
나해령, Han Da Ra
가수, 영화배우",,,
Lee Sung Yeol,1,이성열,0,27-Aug-91,Notfound,,0,1,"성열가수,탤런트","이성열
성열
가수, 탤런트",,,
Lee Dong Ha,2,이동하,0,22-Jan-83,15,,1,0,"연극배우,영화배우","이동하
연극배우, 영화배우",,,
Han Hye Rin,2,한혜린,1,06-Nov-88,9,,0,0,"탤런트,영화배우","한혜린
Hye Rin Han
탤런트, 영화배우",,,
Lee Soon Jae,2,이순재,0,16-Nov-34,98,,0,0,"탤런트,영화배우","이순재
탤런트, 영화배우",,,
Lee Seo Won,3,이서원,0,17-Feb-97,5,,0,0,"탤런트,영화배우","이서원
탤런트, 영화배우",,,
Do Ji Won,2,도지원,1,14-Feb-66,31,,0,0,"탤런트,영화배우","도지원
탤런트, 영화배우",,,
Park Sung Woo,1,박성우,0,07-Jun-88,Notfound,,0,0,박성우탤런트박성우시인1971.박성우만화가1972.박성우국악소리가박성우행정사박성우성형외과의사동명이인노출기준이정보가표시된이유,"같은 이름 다른 인물
박성우
탤런트
박성우
시인
1971.
박성우
만화가
1972.
박성우
국악소리가
박성우
행정사
박성우
성형외과의사
동명이인 노출기준
이 정보가 표시된 이유",,,
Cha Jung Won,1,차정원,1,18-Oct-89,12,,0,0,"영화배우,탤런트","차정원
Jung Won Cha
영화배우, 탤런트",,,
Baek Seung Hwan,1,백승환,0,17-Apr-98,Notfound,,1,1,백승환영화배우백승환영화감독1980.백승환영화배우1986.백승환가수1990.백승환의사백승환기업인1986.백승환공연인1988.백승환연극배우1996.백승환작가1979.써커스백가수백승환영화스탭료티가수1989.다음동명이인노출기준이정보가표시된이유,"같은 이름 다른 인물
백승환
영화배우
백승환
영화감독
1980.
백승환
영화배우
1986.
백승환
가수
1990.
백승환
의사
백승환
기업인
1986.
백승환
공연인
1988.
백승환
연극배우
1996.
백승환
작가
1979.
써커스백
가수
백승환
영화스탭
료티
가수
1989.
다음
동명이인 노출기준
이 정보가 표시된 이유",,,
Jo Jae Yoon,1,조재윤,0,15-Sep-74,50,,0,0,"탤런트,영화배우","조재윤
탤런트, 영화배우",,,
Kim Hye Sung,1,김혜성,0,14-Jan-88,Notfound,,0,0,키움히어로즈내야수·우투좌타,"김혜성NO.3
키움 히어로즈
내야수 · 우투좌타",,,
Ahn Se Ha,1,안세하,0,29-Jan-86,24,,1,0,"안재욱연극배우,영화배우","안세하
안재욱
연극배우, 영화배우",,,
Ryu Hyun Kyung,2,류현경,1,10-Mar-83,24,,0,0,영화배우,"류현경
영화배우",,,
Kim Jin Kyung,1,김진경,1,03-Mar-97,11,,0,0,모델,"김진경
모델",,,
Kai,1,"카이
",0,14-Jan-94,Notfound,,0,0,정보없음,Notfound,,,
Lee Ye Hyun,1,이예현,1,25-Jun-95,3,,0,0,이예현탤런트,"유재이
이예현
탤런트",,,
Baek Chul Min,1,백철민,0,05-Jul-92,8,,0,0,백철민탤런트,"고온
백철민
탤런트",,,
Kang Se Jung,1,강세정,1,15-Jan-82,16,,0,1,"康世丁,탤런트,가수","강세정
康世丁, Se Jung Kang
탤런트, 가수",,,
Park Jung Ah,1,박정아,1,24-Feb-81,23,,0,0,"뮤지컬배우,탤런트","박정아
뮤지컬배우, 탤런트",,,
Kim Da Hyun,1,김다현,1,28-May-98,Notfound,,0,1,가수,"김다현
Kim Da Hyun
가수",,,
Yang Dong Geun,1,양동근,0,01-Jun-79,43,,0,1,"영화배우,가수","양동근
영화배우, 가수",,,
Choi Jung Won,3,최정원,1,24-Apr-81,Notfound,,0,0,최정원탤런트최정원탤런트최정원뮤지컬배우1969.최정원야구선수2000.최정원탤런트1971.최정원성악가동명이인노출기준이정보가표시된이유,"같은 이름 다른 인물
최정원
탤런트
최정원
탤런트
최정원
뮤지컬배우
1969.
최정원
야구선수
2000.
최정원
탤런트
1971.
최정원
성악가
동명이인 노출기준
이 정보가 표시된 이유",,,
Min Do Hee,1,"도희
",1,25-Sep-94,Notfound,,0,0,정보없음,Notfound,,,
Seo Young Joo,2,서영주,0,16-Feb-98,11,,0,0,영화배우,"서영주
Young Ju Seo
영화배우",,,
Yang Byeong Yeol,1,양병열,0,23-Nov-93,7,,0,0,탤런트,"양병열
탤런트",,,
Ryu Seung Soo,3,류승수,0,12-Aug-71,39,,0,0,"영화배우,탤런트","류승수
Ryu Seung Soo
영화배우, 탤런트",,,
Nichkhun,1,메이슨,0,21-Mar-07,Notfound,,0,0,정보없음,Notfound,,,
Ohn Joo Wan,3,온주완,0,11-Dec-83,20,,0,0,"송정식영화배우,탤런트","온주완
송정식
영화배우, 탤런트",,,
Shim Hyung Tak,4,심형탁,0,12-Jan-78,39,,0,0,"탤런트,영화배우","심형탁
탤런트, 영화배우",,,
Seo Hyo Rim,2,서효림,1,06-Jan-85,24,,0,0,"영화배우,탤런트","서효림
영화배우, 탤런트",,,
Ji Woo,2,"지우
",1,25-Nov-97,Notfound,,0,0,정보없음,Notfound,,,
Choi A Ra,1,최아라,1,14-Jan-93,1,,0,0,"모델,탤런트","최아라
모델, 탤런트",,,
Kwak Hee Sung,2,곽희성,0,08-Apr-90,12,,0,0,탤런트,"곽희성
탤런트",,,
Yoon Da Young,1,윤다영,1,14-Jan-92,7,,0,0,"탤런트,영화배우","윤다영
탤런트, 영화배우",,,
Hong Ah Reum,2,홍아름,1,28-Mar-89,16,,0,0,"영화배우,탤런트","홍아름
영화배우, 탤런트",,,
Kang Da Bin,1,강다빈,0,14-Feb-92,4,,0,0,"탤런트,모델","강다빈
탤런트, 모델",,,
Kim Jae Joong,2,김재중,0,26-Jan-86,16,,0,1,"가수,탤런트","김재중
가수, 탤런트",,,
Joo Eo Jin,1,주어진,0,25-Feb-94,3,,0,0,모델,"주어진
Eo Jin Joo
모델",,,
Go Yoon,1,"고윤
",0,12-Sep-88,Notfound,,0,0,정보없음,Notfound,,,
Moon Sung Geun,1,문성근,0,28-May-53,16,,0,0,영화배우,"문성근
영화배우",,,
Han Joo Wan,2,한주완,0,10-Jan-84,10,,0,0,영화배우,"한주완
영화배우",,,
Kim Byung Chun,1,김병춘,0,13-Jun-66,32,,0,0,"뮤지컬배우,영화배우","김병춘
뮤지컬배우, 영화배우",,,
Lee Tae Im,2,이태임,1,15-Oct-86,Notfound,,0,0,정보없음,Notfound,,,
Lee Jae Woo,1,이재우,0,28-Jun-91,15,,0,0,탤런트,"이재우
탤런트",,,
Yoo Geon,1,"유건
",0,21-Jan-83,Notfound,,0,0,정보없음,Notfound,,,
Kang Kyung Joon,2,강경준,0,11-Feb-83,19,,0,0,"탤런트,영화배우","강경준
탤런트, 영화배우",,,
Cha Do Jin,3,차도진,0,15-Jul-83,11,,0,0,"탤런트,영화배우","차도진
탤런트, 영화배우",,,
Do Ji Han,1,도지한,0,24-Sep-91,10,,0,0,"탤런트,영화배우","도지한
Do Ji Han
탤런트, 영화배우",,,
Nam Bo Ra,2,남보라,1,27-Nov-89,27,,0,0,"탤런트,영화배우","남보라
탤런트, 영화배우",,,
Key,1,"키
A",0,23-Sep-91,Notfound,,0,0,정보없음,Notfound,,,
Song Sun Mi,1,송선미,1,13-Sep-74,35,,0,0,"탤런트,영화배우","송선미
탤런트, 영화배우",,,
Kang Sung Yun,2,강성연,1,21-Jul-76,32,,0,0,"탤런트,영화배우","강성연
탤런트, 영화배우",,,
Lee Pil Mo,2,이필모,0,26-Jun-74,24,,1,0,"탤런트,연극배우","이필모
탤런트, 연극배우",,,
Park Chul Min,1,박철민,0,18-Jan-67,57,,0,0,"영화배우,탤런트","박철민
영화배우, 탤런트",,,
Kim So Ri,1,김소리,1,21-Jul-90,4,,0,1,"가수,탤런트","김소리
가수, 탤런트",,,
Heo Young Joo,1,허영주,1,21-Mar-92,2,,0,1,가수,"허영주
Young Joo Hur
가수",,,
Lee Ye Eun,1,이예은,1,18-May-89,4,,0,0,뮤지컬배우,"이예은
뮤지컬배우",,,
Lee Su Ji,1,이수지,1,20-Mar-98,Notfound,,0,1,"가수,탤런트","이수지
가수, 탤런트",,,
Teramoto Yukika,1,,,,Notfound,,0,0,다른어학정보16,"영어사전
다른 어학정보16",,,
Gu Bon Seung,1,구본승,0,11-Sep-73,20,,0,0,"탤런트,기업인","구본승
탤런트, 기업인",,,
Choi Yoon So,1,최윤소,1,29-Nov-84,22,,0,0,"탤런트,영화배우","최윤소
탤런트, 영화배우",,,
Jung Da Sol,1,정다솔,1,05-Mar-88,Notfound,,0,0,영화배우,"정다솔
Da Sol Jeong
영화배우",,,
Jo Yoon Woo,1,조윤우,0,27-Jul-91,13,,0,0,탤런트,"조윤우
탤런트",,,
Lee Hyun Jae,1,이현재,0,12-Apr-88,Notfound,,0,0,이현재영화배우1988.이현재기초단체장1949.이현재대학교수이현재뮤지컬배우1988.이현재기업인1979.이현재명예교수1929.동명이인노출기준이정보가표시된이유,"같은 이름 다른 인물
이현재
영화배우
1988.
이현재
기초단체장
1949.
이현재
대학교수
이현재
뮤지컬배우
1988.
이현재
기업인
1979.
이현재
명예교수
1929.
동명이인 노출기준
이 정보가 표시된 이유",,,
Lee Hyun Woo,2,이현우,0,23-Mar-93,23,,0,0,"탤런트,영화배우","이현우
탤런트, 영화배우",,,
Gu Hye Seon,2,구혜선,1,09-Nov-84,13,,0,0,"具惠善,영화감독,작곡가","구혜선
具惠善, Koo Hye Sun
영화감독, 작곡가",,,
Jung Gyu Woon,2,정겨운,0,28-Jun-82,29,,0,0,"탤런트,영화배우","정겨운
탤런트, 영화배우",,,
Kim Joo Young,1,김주영,0,27-Sep-87,Notfound,,0,0,"국회의원,전노동조합단체인","김주영
국회의원, 전 노동조합단체인",,,
Cho Hye Jin,1,조혜진,1,15-Jun-90,8,,0,0,"영화배우,탤런트","조혜진
영화배우, 탤런트",,,
Go So Young,1,고소영,1,06-Oct-72,13,,0,0,"영화배우,탤런트","고소영
영화배우, 탤런트",,,
Park Hyuk Kwon,1,박혁권,0,11-Jul-71,33,,1,0,"연극배우,탤런트","박혁권
연극배우, 탤런트",,,
Kim Ji Min,1,김지민,1,12-Feb-00,60,,0,0,개그맨,"김지민
개그맨",,,
Kim Min Seo,1,김민서,1,09-Apr-96,7,,0,0,"영화배우,탤런트","김민서
Minseo Kim
영화배우, 탤런트",,,
Na Ya,1,"나야
",1,21-Mar-86,Notfound,,0,0,정보없음,Notfound,,,
Heo Young Ran,1,허영란,1,16-Sep-80,20,,0,0,"탤런트,영화배우","허영란
탤런트, 영화배우",,,
Lee In,1,"이인
",0,14-Jun-84,Notfound,,0,0,정보없음,Notfound,,,
Kim Hyun Soo,1,김현수,1,23-Jun-00,Notfound,,0,0,야구선수,"김현수
야구선수",,,
Yoon Seung Ah,1,윤승아,1,29-Sep-83,11,,0,0,영화배우,"윤승아
영화배우",,,
Wang Ji Hye,2,왕지혜,1,29-Dec-85,17,,0,0,"탤런트,영화배우","왕지혜
탤런트, 영화배우",,,
Kim Min Soo,3,김민수,0,20-Sep-83,Notfound,,0,1,김민수개그맨1991.김민수정당인1978.김민수야구선수1991.김민수야구선수1992.김민수야구선수2000.김민수가수1985.~2008.동명이인노출기준이정보가표시된이유,"같은 이름 다른 인물
김민수
개그맨
1991.
김민수
정당인
1978.
김민수
야구선수
1991.
김민수
야구선수
1992.
김민수
야구선수
2000.
김민수
가수
1985.~2008.
동명이인 노출기준
이 정보가 표시된 이유",,,
Lee Young Eun,1,이영은,1,09-Aug-82,Notfound,,0,0,이영은탤런트영은영화배우이영은아나운서1993.이영은영화배우이영은요트선수1993.이영은전대학교수동명이인노출기준이정보가표시된이유,"같은 이름 다른 인물
이영은
탤런트
영은
영화배우
이영은
아나운서
1993.
이영은
영화배우
이영은
요트선수
1993.
이영은
전 대학교수
동명이인 노출기준
이 정보가 표시된 이유",,,
Lee Yoon Ji,2,이윤지,1,15-Mar-84,32,,0,0,"탤런트,영화배우","이윤지
탤런트, 영화배우",,,
Jo Yeon Ho,1,조연호,0,19-Aug-10,2,,0,1,가수,"조연호
가수",,,
Lee Ha Yul,2,이하율,0,20-May-87,16,,0,0,"영화배우,탤런트","이하율
Lee Ha Yul
영화배우, 탤런트",,,
Heo Jung Eun,1,허정은,1,14-Sep-07,14,,0,0,탤런트,"허정은
탤런트",,,
Lee Jae Yoon,3,이재윤,0,05-Dec-84,31,,0,0,탤런트,"이재윤
탤런트",,,
Jin Yi Han,2,진이한,0,10-Oct-78,18,,0,0,"탤런트,영화배우","진이한
탤런트, 영화배우",,,
Son Ga Young,1,손가영,1,02-Oct-85,9,,0,0,탤런트,"손승우
Seung Woo Sohn
탤런트",,,
Jo Jin Woong,2,조진웅,0,03-Mar-76,7,,0,0,"조원준,영화배우,탤런트","조진웅
조원준, Jinwoong Cho
영화배우, 탤런트",,,
Sun Woo Jae Duk,1,선우재,0,23-Jul-62,Notfound,,0,0,정보없음,Notfound,,,
Kwon Hyun Sang,1,권현상,0,02-Jul-81,Notfound,,0,0,정보없음,Notfound,,,
Kwon BoA,1,권보아,1,05-Nov-86,15,,0,1,"권보아,가수,탤런트","보아
권보아, BoA
가수, 탤런트",,,
Choi Tae Hwan,1,최태환,0,28-Feb-89,20,,0,0,"탤런트,모델","최태환
탤런트, 모델",,,
Shin Suk Chul,1,신석철,0,29-Oct-89,Notfound,,0,0,드럼연주가,"신석철
드럼연주가",,,
Kang So Yeon,1,강,1,23-May-88,Notfound,,0,0,다른어학정보28,"영어사전
다른 어학정보28",,,
Choi Ji Woo,2,최지우,1,11-Jun-75,24,,0,0,"영화배우,탤런트","최지우
영화배우, 탤런트",,,
Kim Sun Woong,1,김선웅,0,01-Nov-91,1,,0,0,영화감독,"김선웅
영화감독",,,
Yoon Ah Jung,1,윤아정,1,19-Nov-83,13,,0,0,탤런트,"윤아정
탤런트",,,
Kim Hye Ji,1,김혜지,1,21-Nov-92,Notfound,,1,0,김혜지탤런트김혜지아나운서1987.김혜지광역의원1989.김혜지연극배우1999.김혜지모델김혜지기자동명이인노출기준이정보가표시된이유,"같은 이름 다른 인물
김혜지
탤런트
김혜지
아나운서
1987.
김혜지
광역의원
1989.
김혜지
연극배우
1999.
김혜지
모델
김혜지
기자
동명이인 노출기준
이 정보가 표시된 이유",,,
Lee Min Woo,1,이민우,0,28-Jul-79,Notfound,,0,0,야구선수,"이민우
야구선수",,,
Noh Young Hak,1,노영학,0,01-Apr-93,27,,0,0,"탤런트,영화배우","노영학
탤런트, 영화배우",,,
Cha In Pyo,1,차인표,0,14-Oct-67,34,,0,0,"탤런트,영화배우","차인표
In Pyo Cha
탤런트, 영화배우",,,
Choi Min,2,"최민
",0,01-Jan-87,Notfound,,0,0,정보없음,Notfound,,,
Jung Heon,1,김정헌,0,03-May-87,11,,0,0,"김정헌영화배우,탤런트","정헌
김정헌
영화배우, 탤런트",,,
Kim Yun Seo,1,김윤서,1,28-Mar-86,21,,0,0,"영화배우,탤런트","김윤서
영화배우, 탤런트",,,
Uhm Tae Woong,1,엄태웅,0,05-Apr-74,18,,0,0,"영화배우,탤런트","엄태웅
영화배우, 탤런트",,,
Lee Hoon,1,"이훈
",0,06-May-73,Notfound,,0,0,정보없음,Notfound,,,
Ma Dong Seok,1,예정화,1,23-May-88,5,,0,0,"모델,영화배우","예정화
모델, 영화배우",,,
Heo Yi Jae,1,허이재,1,19-Feb-87,5,,0,0,"탤런트,영화배우","허이재
탤런트, 영화배우",,,
Kim Seo Ra,1,김서라,1,29-Jan-68,43,,0,0,"탤런트,영화배우","김서라
탤런트, 영화배우",,,
Nam Tae Hyun,2,남태현,0,10-May-94,6,,0,1,가수,"남태현
Tae Hyun Nam
가수",,,
Kim Soo Yeon,1,김수연,1,23-Feb-89,9,,0,0,"교육인,작가","김수연
Su Yeon Kim
교육인, 작가",,,
Park Min Ji,1,박민지,1,22-Jul-89,Notfound,,0,0,투자증권프로골프단골프선수,"박민지
NH투자증권 프로골프단
골프선수",,,
Go Woo Ri,1,고우리,1,22-Feb-88,22,,0,1,"고나은가수,탤런트","고우리
고나은
가수, 탤런트",,,
Kim Jeong Hoon,1,김정훈,0,20-Jan-80,19,,0,1,"탤런트,가수","김정훈
탤런트, 가수",,,
Na Moon Hee,1,나문희,1,30-Nov-41,72,,0,0,"탤런트,영화배우","나문희
탤런트, 영화배우",,,
Hyun Woo Sung,1,현우성,0,16-Mar-79,14,,0,0,탤런트,"현우성
Hyun Woo Sung
탤런트",,,
Sung Yoo Ri,1,성유리,1,03-Mar-81,18,,0,1,"탤런트,가수","성유리
Yu Ri Sung
탤런트, 가수",,,
Kim Min Jong,2,김민종,0,23-Mar-72,29,,0,1,"탤런트,가수","김민종
탤런트, 가수",,,
Shin Rin Ah,1,신린아,1,14-May-09,9,,0,0,영화배우,"신린아
영화배우",,,
Jung Yi Yeon,2,정이연,1,04-Oct-86,10,,0,0,"탤런트,영화배우","변주은
탤런트, 영화배우",,,
Ji Eun Sung,1,지은성,0,03-Aug-91,1,,0,0,탤런트,"지은성
탤런트",,,
Kim In Kwon,1,김인권,0,20-Jan-78,25,,0,0,"영화배우,탤런트","김인권
영화배우, 탤런트",,,
Kim Soo Ro,1,김수로,0,07-May-70,31,,0,0,"김상중영화배우,탤런트","김수로
김상중
영화배우, 탤런트",,,
Kang Boo Ja,1,강부자,1,08-Feb-41,65,,0,0,"탤런트,영화배우","강부자
탤런트, 영화배우",,,
Hong Yo Sub,1,홍요섭,0,03-Jul-55,32,,0,0,"탤런트,영화배우","홍요섭
탤런트, 영화배우",,,
Seo Joon Young,1,서준영,0,24-Apr-87,24,,0,0,"김상구탤런트,영화배우","서준영
김상구
탤런트, 영화배우",,,
Jung Jin Woon,1,정진운,0,02-May-91,42,,0,1,"가수,탤런트","정진운
가수, 탤런트",,,
Lee Joo Hyung,1,이주형,0,02-Dec-95,Notfound,,0,0,키움히어로즈내야수·우투좌타,"이주형NO.38
키움 히어로즈
내야수 · 우투좌타",,,
Seo In Young,1,서인영,1,03-Sep-84,30,,0,1,가수,"서인영
가수",,,
Seo Ha Joon,1,서하준,0,19-Sep-89,10,,0,0,탤런트,"서하준
Ha Jun Seo
탤런트",,,
Park Soon Chun,1,박순천,1,19-Feb-61,45,,0,0,"탤런트,영화배우","박순천
탤런트, 영화배우",,,
Song Il Gook,1,송일국,0,01-Oct-71,21,,0,0,"탤런트,영화배우","송일국
탤런트, 영화배우",,,
Jung Yoon Suk,1,정윤석,0,30-Apr-03,22,,0,0,"탤런트,영화배우","정윤석
탤런트, 영화배우",,,
Yoo Ji In,1,유지인,1,27-Jan-56,32,,0,0,"이윤희탤런트,대학교수","유지인
이윤희
탤런트, 대학교수",,,
Kang Min Kyung,1,강민경,1,03-Aug-90,7,,0,1,"가수,탤런트","강민경
Min Kyung Kang
가수, 탤런트",,,
Jung Chan,1,"정찬
",0,23-Feb-71,Notfound,,0,0,정보없음,Notfound,,,
Cho Hye Jung,2,조혜정,1,22-Dec-92,10,,0,0,탤런트,"조혜정
탤런트",,,
Choi Phillip,1,최필립,0,18-Aug-79,33,,0,0,"영화배우,탤런트","최필립
영화배우, 탤런트",,,
Song Won Geun,1,송원근,0,17-Dec-82,6,,0,0,"탤런트,뮤지컬배우","송원근
탤런트, 뮤지컬배우",,,
Yoo Ho Rin,1,유호린,1,08-Aug-84,11,,0,0,유주희영화배우,"유호린
유주희
영화배우",,,
Seo Yi Ahn,1,서이안,1,12-Jan-91,9,,0,0,탤런트,"서이안
탤런트",,,
Choi Jong Hoon,1,최종훈,0,07-Mar-90,10,,0,0,정보없음,Notfound,,,
Park Doo Shik,1,박두식,0,01-Jan-88,12,,0,0,영화배우,"박두식
영화배우",,,
Han Chae Ah,1,한채아,1,24-Mar-82,20,,0,0,"영화배우,탤런트","한채아
영화배우, 탤런트",,,
Im Seul Ong,2,임슬옹,0,11-May-87,16,,0,1,"가수,탤런트","임슬옹
가수, 탤런트",,,
Kim Suk Hoon,1,김석훈,0,15-Apr-72,21,,0,0,"탤런트,영화배우","김석훈
탤런트, 영화배우",,,
Choi Ye Seul,1,최예슬,1,04-Jan-94,3,,0,0,"탤런트,뮤지컬배우","최예슬
탤런트, 뮤지컬배우",,,
Son Chang Min,1,손창민,0,24-Apr-65,43,,0,0,"탤런트,영화배우","손창민
탤런트, 영화배우",,,
Seo Yoon Ah,1,서윤아,1,26-Sep-86,20,,0,0,"영화배우,탤런트","서윤아
영화배우, 탤런트",,,
Rocky,1,박민혁,0,25-Feb-99,Notfound,,1,1,박민혁기업인박민혁연극배우1999.박민혁앵커박민혁기업인1997.박민혁가수1979.박민혁모델1999.동명이인노출기준이정보가표시된이유,"같은 이름 다른 인물
박민혁
기업인
박민혁
연극배우
1999.
박민혁
앵커
박민혁
기업인
1997.
박민혁
가수
1979.
박민혁
모델
1999.
동명이인 노출기준
이 정보가 표시된 이유",,,
MJ,1,김명준,0,05-Mar-94,Notfound,,0,0,영화배우,"김명준
Myung Jun Kim
영화배우",,,
Moon Bin,1,"문빈
",0,26-Jan-98,Notfound,,0,0,정보없음,Notfound,,,
Jin Jin,1,박진우,0,15-Mar-96,Notfound,,0,0,박진우영화배우박진우영화배우1983.박진우전야구선수1990.박진우온라인콘텐츠창작자1987.박진우금융기관단체인1956.박진우영화배우2003.동명이인노출기준이정보가표시된이유,"같은 이름 다른 인물
박진우
영화배우
박진우
영화배우
1983.
박진우
전 야구선수
1990.
박진우
온라인콘텐츠창작자
1987.
박진우
금융기관단체인
1956.
박진우
영화배우
2003.
동명이인 노출기준
이 정보가 표시된 이유",,,
Park Jeong Hwa,1,박정화,1,08-May-95,8,,0,1,"정화가수,탤런트","박정화
정화
가수, 탤런트",,,
Park Eun Seok,1,박은석,0,10-Feb-84,17,,1,0,"탤런트,연극배우","박은석
탤런트, 연극배우",,,
Kim Jung Seok,1,김정석,0,06-Apr-67,Notfound,,0,0,"김정석심리상담가,작가","직장아재
김정석
심리상담가, 작가",,,
Jung Il Hoon,1,정일훈,0,04-Oct-94,9,,0,1,가수,"정일훈
가수",,,
Go Hyun,1,"고현
",0,19-Oct-87,Notfound,,0,0,정보없음,Notfound,,,
Lee Chul Woo,1,이철우,0,15-Apr-92,Notfound,,0,0,"李喆雨경북지사,전국회의원","이철우
李喆雨
경북지사, 전 국회의원",,,
Lee Bum Soo,1,이범수,0,03-Jan-70,16,1990,0,0,영화배우,"이범수
영화배우",,,0
Shim Chang Min,1,심창민,0,18-Feb-88,4,2003,0,0,야구선수,"심창민
야구선수",,,0
Kim Seung Woo,1,김승우,0,24-Feb-69,26,,0,0,"영화배우,탤런트","김승우
영화배우, 탤런트",,,
Son Dam Bi,1,손담비,1,25-Sep-83,21,1997,0,1,"가수,탤런트","손담비
가수, 탤런트",,,0
Choo Soo Hyun,1,추수현,1,05-Mar-88,7,2014,0,0,탤런트,"추수현
탤런트",,,0
Kim Hye Ri,1,김혜리,1,23-Dec-69,29,1988,0,0,"영화배우,미스코리아","김혜리
영화배우, 미스코리아",,,0
Hwang Woo Seul Hye,1,황우슬,1,10-Aug-79,14,2008,0,0,이미지신고하기,"이미지
이미지 신고하기",,,0
Hwang Dong Joo,1,황동주,0,15-Apr-74,28,1996,0,0,"탤런트,영화배우","황동주
탤런트, 영화배우",,,0
Yun Woon Kyung,1,연운경,1,09-Aug-53,31,1972,0,0,"탤런트,영화배우","연운경
탤런트, 영화배우",,,0
Jeon Won Joo,1,전원주,1,08-Aug-39,34,1960,0,0,"탤런트,영화배우","전원주
탤런트, 영화배우",,,0
Heo Jin,1,"허진
",1,28-Aug-49,24,1971,0,0,정보없음,Notfound,,,0
Nam Neung Mi,1,남능미,1,10-Dec-46,40,1967,0,0,"탤런트,영화배우","남능미
탤런트, 영화배우",,,0
Baek Soo Ryun,1,백수련,1,29-Feb-40,11,1958,0,0,"‌탤런트,영화배우","백수련
‌Baek Su Ryeon
탤런트, 영화배우",,,0
Kim Hye Ok,1,김혜옥,1,09-May-58,69,1978,0,0,"탤런트,영화배우","김혜옥
탤런트, 영화배우",,,0
Kim Min Kyung,1,김민경,1,27-Sep-60,25,,0,0,개그맨,"김민경
개그맨",,,
Yoon Jong Hwa,1,윤종화,0,22-Oct-79,18,2005,0,0,탤런트,"윤종화
탤런트",,,0
Jang Ji Eun,1,장지은,1,31-May-86,13,2008,0,0,탤런트,"장지은
탤런트",,,0
Kim Min Ji,1,김민지,1,11-Apr-92,14,2008,0,0,육상선수,"김민지
육상선수",,,0
Kim Yoo Suk,1,김유석,0,22-Sep-66,26,1998,0,0,"영화배우,탤런트","김유석
영화배우, 탤런트",,,0
Ahn Jae Min,1,안재민,0,04-May-86,17,2003,0,0,영화배우,"안재민
영화배우",,,0
Baek Seung Hee,1,백승희,1,12-Sep-86,21,2007,0,0,탤런트,"백승희
탤런트",,,0
Wang Ji Won,1,왕지원,1,12-Nov-88,13,2012,0,0,탤런트,"왕지원
탤런트",,,0
Yoo Byung Jae,1,유병재,0,06-May-88,40,2011,0,0,"코미디언,방송작가","유병재
코미디언, 방송작가",,,0
Kim Chang Hwan,1,김창환,0,01-Sep-86,20,1992,0,0,김창환작곡가김창환기업인1964.김창환영화배우1986.김창환기업인1974.김창환기업인1961.김창환연구인동명이인노출기준이정보가표시된이유,"같은 이름 다른 인물
김창환
작곡가
김창환
기업인
1964.
김창환
영화배우
1986.
김창환
기업인
1974.
김창환
기업인
1961.
김창환
연구인
동명이인 노출기준
이 정보가 표시된 이유",,,0
Jung Yoon Hak,1,정윤학,0,02-Dec-84,4,2007,0,1,정윤학가수,"윤학
정윤학
가수",,,0
Jung Joon Young,1,정준영,0,21-Feb-89,11,2010,0,0,영화배우,"정준영
Jun Young Jung
영화배우",,,0
Terada Takuya,1,,,,6,2009,0,0,다른어학정보16,"영어사전
다른 어학정보16",,,0
Park Yoo Chun,1,박유천,0,04-Jun-86,8,2003,0,1,"유천가수,탤런트","박유천
유천
가수, 탤런트",,,0
Yoo Ho Jung,1,유호정,1,24-Jan-69,28,1991,0,0,"탤런트,영화배우","유호정
탤런트, 영화배우",,,0
Jang Shin Young,1,장신영,1,17-Jan-84,26,2001,0,0,"배우,영화배우","장신영
Chang Shin Young
배우, 영화배우",,,0
Min Hyo Rin,1,민효린,1,28-Feb-86,8,2006,0,1,"정은란,탤런트,가수","민효린
정은란, Min Hyo Rin
탤런트, 가수",,,0
Yoon Hee Seok,1,윤희석,0,19-Feb-75,32,1998,0,0,정당인,"윤희석
정당인",,,0
Yoon Son Ha,1,윤손하,1,23-Oct-75,28,1994,0,0,"탤런트,영화배우","윤손하
탤런트, 영화배우",,,0
Park Tam Hee,1,박탐희,1,02-Jan-78,20,1998,0,0,"탤런트,영화배우","박탐희
Park Tamhee
탤런트, 영화배우",,,0
Kim Bo Yun,1,김보윤,1,18-Dec-01,7,2013,0,0,"영화배우,탤런트","김보윤
영화배우, 탤런트",,,1
Shin Min Soo,1,신민수,0,07-Dec-86,4,2010,0,0,탤런트,"신민수
탤런트",,,0
