eng_name,drama_num,kor_name,gender,birth,drama_cnt_naver,debut,play_actor,singer,child_actor,actor_type,actor_type_real
Jung Hae In,7,정해인,0.0,1986-12-07,18,2013.0,0.0,0.0,0.0,"정해인
탤런트, 영화배우","탤런트,영화배우"
Koo Kyo Hwan,3,구교환,0.0,1986-12-07,9,2006.0,1.0,0.0,0.0,"구교환
영화배우, 영화감독","영화배우,영화감독"
Kim Sung Kyun,6,김성균,0.0,1986-12-07,12,2001.0,1.0,0.0,0.0,"김성균
연극배우, 영화배우","연극배우,영화배우"
Son Suk Ku,7,손석구,0.0,1986-12-07,13,2011.0,1.0,0.0,0.0,"손석구
Sukku Son
영화배우",영화배우
Lee Sung Min,6,이성민,0.0,1986-12-07,31,1987.0,1.0,0.0,0.0,"이성민
탤런트, 영화배우","탤런트,영화배우"
Jung Jin Young,12,정진영,0.0,1986-12-07,19,1988.0,1.0,0.0,0.0,"정진영
영화배우, 영화감독","영화배우,영화감독"
Kyung Soo Jin,8,경수진,1.0,1986-12-07,24,2012.0,0.0,0.0,0.0,"경수진
탤런트",탤런트
Lee Hak Joo,4,이학주,0.0,1986-12-07,19,2012.0,0.0,0.0,0.0,"이학주
영화배우",영화배우
Kim Shin Rok,2,김신록,1.0,1986-12-07,10,2004.0,1.0,0.0,0.0,"김신록
영화배우",영화배우
Park Gyu Young,3,박규영,1.0,1986-12-07,16,2016.0,0.0,0.0,0.0,"박규영
탤런트",탤런트
Kang Min Hyuk,5,강민혁,0.0,1986-12-07,17,2010.0,0.0,1.0,0.0,"강민혁
가수, 탤런트","가수,탤런트"
Lee Chung Ah,6,이청아,1.0,1986-12-07,29,2002.0,0.0,0.0,0.0,"이청아
Chung Ah Lee
영화배우, 탤런트","영화배우,탤런트"
Lee Dong Gun,7,이동건,0.0,1986-12-07,26,1998.0,0.0,1.0,0.0,"이동건
영화배우, 가수","영화배우,가수"
Jeon Hyo Sung,2,전효성,1.0,1986-12-07,27,2005.0,0.0,1.0,0.0,"전효성
Jun Hyo Seong
탤런트, 가수","탤런트,가수"
Kim Myung Soo,7,엘,0.0,1986-12-07,18,2010.0,0.0,1.0,0.0,"김명수
엘
탤런트, 가수","엘탤런트,가수"
Choi Jin Hyuk,7,최진혁,0.0,1986-12-07,27,2006.0,0.0,0.0,0.0,"최진혁
김태호, Jin Hyuk Choi
탤런트, 영화배우","김태호,탤런트,영화배우"
Choi Min Soo,5,최민수,0.0,1986-12-07,28,1985.0,1.0,0.0,0.0,"최민수
영화배우, 탤런트","영화배우,탤런트"
Yeonwoo,5,연우,1.0,1986-12-07,14,2016.0,0.0,1.0,0.0,증권정보,증권정보
Kim Yoo Ri,3,김유리,1.0,1986-12-07,15,2006.0,0.0,0.0,0.0,"김유리
탤런트",탤런트
Kim Tae Ri,3,김태리,1.0,1986-12-07,3,2012.0,1.0,0.0,0.0,"김태리
영화배우",영화배우
Oh Jung Se,7,오정세,0.0,1986-12-07,31,1997.0,0.0,0.0,0.0,"오정세
영화배우, 연극배우","영화배우,연극배우"
Hong Kyung,1,홍경,0.0,1986-12-07,11,2017.0,0.0,0.0,0.0,"홍경
영화배우, 탤런트","영화배우,탤런트"
Kim Tae Hee,3,김태희,1.0,1986-12-07,15,2000.0,0.0,0.0,,"김태희
탤런트, 영화배우","탤런트,영화배우"
Im Ji Yeon,8,임지연,1.0,1986-12-07,13,2011.0,0.0,0.0,,"임지연
영화배우",영화배우
Kim Sung Oh,3,김성오,0.0,1986-12-07,29,2000.0,1.0,0.0,,"김성오
탤런트, 연극배우","탤런트,연극배우"
Choi Jae Rim,1,최재림,0.0,1986-12-07,4,2009.0,1.0,0.0,,"최재림
Jae Rim Choi
뮤지컬배우",뮤지컬배우
Lee Jun Ho,6,이준호,0.0,1986-12-07,15,2008.0,0.0,1.0,,"이준호
가수, 영화배우","가수,영화배우"
Im Yoon Ah,5,임윤아,1.0,1986-12-07,20,2007.0,0.0,1.0,,"윤아
임윤아
가수, 탤런트","임윤아가수,탤런트"
Shin Hye Sun,8,신혜선,1.0,1986-12-07,17,2012.0,0.0,0.0,,"신혜선
Shin Haesun
탤런트",탤런트
Ahn Bo Hyun,7,안보현,0.0,1986-12-07,19,2007.0,0.0,0.0,,"안보현
Bo Hyun Ahn
영화배우, 탤런트","영화배우,탤런트"
Ha Yoon Kyung,1,하윤경,1.0,1986-12-07,7,2015.0,1.0,0.0,,"하윤경
영화배우, 연극배우","영화배우,연극배우"
Ahn Dong Goo,1,안동구,0.0,1986-12-07,8,2019.0,0.0,0.0,,"안동구
Ahn Dong Gu
탤런트",탤런트
Woo Do Hwan,7,우도환,0.0,1986-12-07,9,2011.0,0.0,0.0,,"우도환
탤런트",탤런트
Lee Sang Yi,3,이상이,0.0,1986-12-07,16,2014.0,1.0,0.0,,"이상이
Sang Yi Lee
탤런트, 뮤지컬배우","탤런트,뮤지컬배우"
Heo Joon Ho,7,허준호,0.0,1986-12-07,31,1986.0,0.0,0.0,,"허준호
영화배우",영화배우
Park Sung Woong,9,박성웅,0.0,1986-12-07,33,1997.0,0.0,0.0,,"박성웅
영화배우, 탤런트","영화배우,탤런트"
Cha Sun Woo,3,차선우,0.0,1986-12-07,18,2011.0,0.0,1.0,,"차선우
바로
탤런트, 가수","바로탤런트,가수"
Ha Seung Ri,2,하승리,1.0,1986-12-07,30,1999.0,0.0,0.0,1.0,"하승리
Seung Lee Ha
탤런트, 영화배우","탤런트,영화배우"
Choi Yoo Jung,2,최유정,1.0,1986-12-07,14,2016.0,0.0,1.0,,"최유정
가수",가수
Kim Jong Hyeon,2,김종현,0.0,1986-12-07,14,2012.0,0.0,1.0,,"김종현
金鐘賢
아나운서",金鐘賢아나운서
Lee Eun Saem,1,이은샘,1.0,1986-12-07,12,2007.0,0.0,0.0,1.0,"이은샘
Lee EunSaem
영화배우, 탤런트","영화배우,탤런트"
Yeri,2,예리,1.0,1986-12-07,10,2015.0,0.0,1.0,,"예리
YERI
가수",가수
Lee Jong Hyuk,6,이종혁,0.0,1986-12-07,6,2021.0,0.0,0.0,,"이종혁
영화배우, 탤런트","영화배우,탤런트"
Yoo Jung Hoo,2,유정후,0.0,1986-12-07,4,2022.0,0.0,0.0,,"유정후
탤런트",탤런트
Lee El,4,이엘,1.0,1986-12-07,22,2009.0,0.0,0.0,,"이엘
김지현, EL
탤런트, 영화배우","김지현,탤런트,영화배우"
Jin Seo Yun,3,진서연,1.0,1986-12-07,12,2001.0,0.0,0.0,,"진서연
영화배우, 탤런트","영화배우,탤런트"
Cha Ye Ryun,5,차예련,1.0,1986-12-07,21,2005.0,0.0,0.0,,"차예련
영화배우, 모델","영화배우,모델"
Woo Jeong Won,1,우정원,1.0,1986-12-07,15,2007.0,1.0,0.0,,"우정원
禹晶媛
연극배우, 영화배우","禹晶媛연극배우,영화배우"
Chun Woo Hee,3,천우희,1.0,1986-12-07,6,2004.0,0.0,0.0,,"천우희
영화배우",영화배우
Kim Dong Wook,9,김동욱,0.0,1986-12-07,19,,,,,"김동욱
영화배우, 탤런트","영화배우,탤런트"
Yoon Park,11,"윤박
",0.0,1986-12-07,34,,,,,Notfound,정보없음
Park So Jin,3,박소진,1.0,1986-12-07,30,,,,,"박소진
So Jin Park
가수, 영화배우","가수,영화배우"
Lee Dong Hae,1,이동해,0.0,1986-12-07,20,,,,,"동해
이동해
가수, 탤런트","이동해가수,탤런트"
Lee Min Jae,1,이민재,0.0,1986-12-07,13,,,,,"이민재
탤런트, 영화배우","탤런트,영화배우"
Jung Woo Yeon,2,정우연,1.0,1986-12-07,10,,,,,"정우연
탤런트",탤런트
Kim Woo Bin,2,김우빈,0.0,1986-12-07,14,,,,,"김우빈
영화배우",영화배우
Song Seung Heon,7,송승헌,0.0,1986-12-07,22,,,,,"송승헌
탤런트, 영화배우","탤런트,영화배우"
Kang Yoo Seok,3,강유석,0.0,1986-12-07,9,,,,,"강유석
탤런트",탤런트
Esom,5,이솜,1.0,1986-12-07,10,,,,,"이솜
Esom
영화배우",영화배우
Lee Yun Hee,6,이연희,1.0,1986-12-07,18,,,,,"이연희
탤런트, 영화배우","탤런트,영화배우"
Hong Jong Hyun,5,홍종현,0.0,1986-12-07,33,,,,,"홍종현
모델, 탤런트","모델,탤런트"
Moon So Ri,4,문소리,1.0,1986-12-07,14,,,,,"문소리
영화배우",영화배우
U-Know,3,유노윤호,0.0,1986-12-07,13,,0.0,1.0,0.0,"유노윤호
정윤호
가수, 탤런트","정윤호가수,탤런트"
Lee Hyun Joo,2,이현주,1.0,1986-12-07,7,2015.0,0.0,1.0,0.0,"이현주
축구선수",축구선수
Lee Dong Wook,8,이동욱,0.0,1986-12-07,36,,,,,"이동욱
탤런트, 영화배우","탤런트,영화배우"
Kim So Yeon,8,김소연,1.0,1986-12-07,34,,,,,"김소연
탤런트, 영화배우","탤런트,영화배우"
Kim Bum,6,김범,0.0,1986-12-07,19,2006.0,0.0,0.0,1.0,"김범
김상범, Kim Bum
탤런트, 영화배우","김상범,탤런트,영화배우"
Ryu Kyung Soo,2,류경수,0.0,1986-12-07,7,,,,,"류경수
영화배우",영화배우
Oh Se Hun,2,오세훈,0.0,1986-12-07,13,,,,,"오세훈
吳世勳
서울시장, 전 대학교수","吳世勳서울시장,전대학교수"
Jang Yeo Bin,1,장여빈,1.0,1986-12-07,3,2017.0,0.0,0.0,0.0,"장여빈
영화배우",영화배우
Jo Joon Young,1,조준영,0.0,1986-12-07,4,,,,,"조준영
탤런트",탤런트
Jin Ki Joo,5,진기주,1.0,1986-12-07,11,,,,,"진기주
탤런트, 영화배우","탤런트,영화배우"
Han Seok Kyu,4,한석규,0.0,1986-12-07,14,,,,,"한석규
영화배우, 탤런트","영화배우,탤런트"
Lee Sung Kyung,9,이성경,1.0,1986-12-07,11,,,,,"이성경
모델, 탤런트","모델,탤런트"
Ahn Hyo Seop,6,한소희,1.0,1986-12-07,11,,,,,"한소희
탤런트",탤런트
Kim Joo Heon,5,김주헌,0.0,1986-12-07,14,,,,,"김주헌
Ju Hun Kim
연극배우",연극배우
Ra Mi Ran,6,라미란,1.0,1986-12-07,32,,,,,"라미란
영화배우, 탤런트","영화배우,탤런트"
Lee Do Hyun,7,이도현,0.0,1986-12-07,12,,,,,"이도현
임동현
탤런트",임동현탤런트
Ahn Eun Jin,3,안은진,1.0,1986-12-07,14,,,,,"안은진
영화배우",영화배우
Yoo In Soo,1,유인수,0.0,1986-12-07,13,,,,,"유인수
Yoo In Soo
탤런트",탤런트
Kim Sun Ah,7,김선아,1.0,1986-12-07,21,,,,,"김선아
영화배우, 탤런트","영화배우,탤런트"
Oh Yoon Ah,6,오윤아,1.0,1986-12-07,41,,,,,"오윤아
영화배우, 탤런트","영화배우,탤런트"
Shin Eun Jung,1,신은정,1.0,1986-12-07,35,,,,,"신은정
탤런트, 영화배우","탤런트,영화배우"
Jang Hyuk,10,장혁,0.0,1986-12-07,42,,,,,"장혁
정용준
영화배우, 탤런트","정용준영화배우,탤런트"
Jang Na Ra,8,장나라,1.0,1986-12-07,25,,,,,"장나라
영화배우, 가수","영화배우,가수"
Chae Jung An,7,채정안,1.0,1986-12-07,33,,,,,"채정안
탤런트, 영화배우","탤런트,영화배우"
Kim Nam Hee,2,김남희,0.0,1986-12-07,12,,,,,"김남희
영화배우",영화배우
Uhm Jung Hwa,3,엄정화,1.0,1986-12-07,19,,,,,"엄정화
Jung Hwa Uhm
영화배우, 가수","영화배우,가수"
Kim Byung Chul,4,김병철,0.0,1986-12-07,14,,,,,"김병철
영화배우",영화배우
Myung Se Bin,3,명세빈,1.0,1986-12-07,22,,,,,"명세빈
탤런트, 영화배우","탤런트,영화배우"
Min Woo Hyuk,2,민우혁,0.0,1986-12-07,11,,,,,"민우혁
뮤지컬배우, 배우","뮤지컬배우,배우"
Kim Hee Ae,4,김희애,1.0,1986-12-07,35,,,,,"김희애
탤런트, 영화배우","탤런트,영화배우"
Kim Jae Won,5,김재원,0.0,1986-12-07,24,2001.0,,,,"같은 이름 다른 인물
김재원
탤런트
김재원
모델
2001.
김재원
아나운서
1967.
김재원
전 국회의원
1964.
김재원
온라인콘텐츠창작자
1986.
김재원
온라인콘텐츠창작자
1998.
동명이인 노출기준
이 정보가 표시된 이유",김재원탤런트김재원모델2001.김재원아나운서1967.김재원전국회의원1964.김재원온라인콘텐츠창작자1986.김재원온라인콘텐츠창작자1998.동명이인노출기준이정보가표시된이유
Jo Han Chul,1,조한철,0.0,1986-12-07,36,,,,,"조한철
Han Cheul Cho
영화배우, 연극배우","영화배우,연극배우"
Joo Won,4,주원,0.0,1986-12-07,14,2006.0,0.0,0.0,0.0,"주원
문준원
영화배우",문준원영화배우
Lee Joo Woo,2,이주우,1.0,1986-12-07,11,,,,,"이주우
탤런트, 뮤지컬배우","탤런트,뮤지컬배우"
Choi Hwa Jung,1,최화정,1.0,1986-12-07,38,,,,,"최화정
MC, 탤런트",",탤런트"
Lee Deok Hwa,3,이덕화,0.0,1986-12-07,79,,,,,Notfound,정보없음
Yoo In Na,6,유인나,1.0,1986-12-07,33,,,,,"유인나
탤런트",탤런트
Yoon Hyun Min,10,윤현민,0.0,1986-12-07,19,,,,,"윤현민
尹賢敏
탤런트, 영화배우","尹賢敏탤런트,영화배우"
Joo Sang Wook,8,주상욱,0.0,1986-12-07,35,1998.0,,0.0,0.0,"주상욱
탤런트, 영화배우","탤런트,영화배우"
Hwang Chan Sung,2,황찬성,0.0,1986-12-07,24,,,,,"황찬성
가수, 영화배우","가수,영화배우"
Kim Seo Hyung,4,김서형,1.0,1986-12-07,21,,,,,"김서형
탤런트, 영화배우","탤런트,영화배우"
Seo Young Hee,1,서영희,1.0,1986-12-07,21,,,,,"서영희
영화배우, 탤런트","영화배우,탤런트"
Lee Shi Woo,1,이시우,0.0,1986-12-07,6,2007.0,0.0,0.0,0.0,"이시우
탤런트",탤런트
Bona,4,보나,1.0,1986-12-07,7,,,1.0,,"김지연
BONA
탤런트, 가수","탤런트,가수"
Cha Hak Yeon,4,차학연,0.0,1986-12-07,23,,,1.0,,"차학연
N
탤런트, 가수","탤런트,가수"
Shin Hyun Soo,4,신현수,0.0,1986-12-07,14,,,,,"신현수
Hyun Soo Shin
탤런트, 연극배우","탤런트,연극배우"
Lee Soon Won,1,이순원,0.0,1986-12-07,12,,,,,"이순원
영화배우",영화배우
Shin Ye Eun,5,신예은,1.0,1986-12-07,14,,,,,"신예은
탤런트",탤런트
Ryeoun,2,려운,0.0,1986-12-07,13,,,,,"려운
탤런트",탤런트
Kang Hoon,4,강훈,0.0,1986-12-07,12,,,,,"강훈
탤런트",탤런트
Jung Gun Joo,5,정건주,0.0,1986-12-07,10,,,,,"정건주
탤런트",탤런트
Cha Seo Won,3,차서원,0.0,1986-12-07,10,,,,,"차서원
이창엽
영화배우",이창엽영화배우
Gongchan,1,공찬,0.0,1986-12-07,15,,,1.0,,"공찬
공찬식
가수, 영화배우","공찬식가수,영화배우"
Shin Go Eun,2,신고은,1.0,1986-12-07,8,,,,,"신고은
뮤지컬배우",뮤지컬배우
Choi Yoon Young,3,최윤영,1.0,1986-12-07,21,,,,,"최윤영
탤런트, 영화배우","탤런트,영화배우"
Lee Chae Young,2,이채영,1.0,1986-12-07,29,,,,,"이채영
이보영
영화배우, 탤런트","이보영영화배우,탤런트"
Lee Sun Ho,2,이선호,0.0,1986-12-07,20,,,,,"이선호
탤런트, 영화배우","탤런트,영화배우"
Han Ki Woong,2,한기웅,0.0,1986-12-07,11,,,,,"한기웅
탤런트",탤런트
Lee Eun Hyung,4,이은형,0.0,1986-12-07,13,,,,,"이은형
개그맨",개그맨
Lee Ji Ah,5,이지아,1.0,1986-12-07,18,,,,,"이지아
탤런트",탤런트
Lee Sang Yoon,7,이상윤,0.0,1986-12-07,23,,,,,"이상윤
탤런트",탤런트
Jang Hee Jin,5,장희진,1.0,1986-12-07,35,,,,,"장희진
탤런트, 영화배우","탤런트,영화배우"
Park Ki Woong,4,박기웅,0.0,1986-12-07,26,,,,,"박기웅
영화배우, 화가","영화배우,화가"
Bong Tae Kyu,3,봉태규,0.0,1986-12-07,38,,,,,"봉태규
영화배우, 탤런트","영화배우,탤런트"
Song Hye Kyo,5,송혜교,1.0,1986-12-07,18,1996.0,,0.0,0.0,"송혜교
Hye Kyo Song
탤런트, 영화배우","탤런트,영화배우"
Yeom Hye Ran,3,염혜란,1.0,1986-12-07,18,,,,,"염혜란
Yeom Hye Ran
연극배우, 탤런트","연극배우,탤런트"
Park Sung Hoon,5,박성훈,0.0,1986-12-07,21,,,,,"박성훈
영화배우",영화배우
Jung Sung Il,2,정성일,0.0,1986-12-07,10,,,,,"정성일
영화배우, 연극배우","영화배우,연극배우"
Jang Dong Yoon,7,장동윤,0.0,1986-12-07,15,2016.0,,0.0,0.0,"장동윤
탤런트",탤런트
Seol In Ah,4,설인아,1.0,1986-12-07,15,,,,,"설인아
탤런트",탤런트
Choo Young Woo,3,추영우,0.0,1986-12-07,7,,,,,"추영우
탤런트",탤런트
Cho Seung Woo,5,조승우,0.0,1986-12-07,8,,,,,"조승우
영화배우, 뮤지컬배우","영화배우,뮤지컬배우"
Han Hye Jin,2,한혜진,1.0,1986-12-07,25,,0.0,0.0,1.0,"한혜진
Han Hye Jin
탤런트, 영화배우","탤런트,영화배우"
Jung Moon Sung,4,정문성,0.0,1986-12-07,22,,,,,"정문성
뮤지컬배우, 탤런트","뮤지컬배우,탤런트"
Yoon Chan Young,2,윤찬영,0.0,1986-12-07,17,2013.0,0.0,0.0,1.0,"윤찬영
탤런트, 영화배우","탤런트,영화배우"
Bang Min Ah,3,방민아,1.0,1986-12-07,13,2010.0,0.0,1.0,0.0,"방민아
Min Ah Bang
탤런트, 가수","탤런트,가수"
Kim Min Seok,3,김민석,0.0,1986-12-07,21,2012.0,0.0,0.0,0.0,"김민석
국회의원, 미국변호사","국회의원,미국변호사"
Kim Nam Gil,5,김남길,0.0,1986-12-07,21,,0.0,0.0,0.0,"김남길
영화배우, 탤런트","영화배우,탤런트"
Lee Da Hee,7,이다희,1.0,1986-12-07,28,,,,,"이다희
탤런트, 영화배우","탤런트,영화배우"
Cha Eun Woo,6,차은우,0.0,1986-12-07,18,,0.0,1.0,1.0,"차은우
가수, 영화배우","가수,영화배우"
Sung Joon,6,성준,0.0,1986-12-07,17,2011.0,0.0,0.0,0.0,"성준
방성준
탤런트, 모델","방성준탤런트,모델"
Kim Young Kwang,9,김영광,0.0,1986-12-07,30,,,,,"김영광
탤런트, 모델","탤런트,모델"
Ahn Hee Yeon,3,안희연,1.0,1986-12-07,25,,,1.0,0.0,Notfound,정보없음
Kim Ye Won,3,김예원,1.0,1986-12-07,29,2008.0,0.0,0.0,0.0,"김예원
탤런트, 영화배우","탤런트,영화배우"
Kim Eui Sung,3,김의성,0.0,1986-12-07,13,,,,,"김의성
영화배우, 드라마제작자","영화배우,드라마제작자"
Lee Je Hoon,6,이제훈,0.0,1986-12-07,11,,,,,"이제훈
jehoon Lee
영화배우",영화배우
Pyo Ye Jin,5,표예진,1.0,1986-12-07,14,,,,,"표예진
탤런트",탤런트
Choi Min Shik,2,최민식,0.0,1986-12-07,14,,,,,"최민식
영화배우",영화배우
Lee Dong Hwi,6,이동휘,0.0,1986-12-07,13,,,,,"이동휘
영화배우",영화배우
Kim Min Gue,5,김민규,0.0,1986-12-07,18,,,,,"김민규
탤런트",탤런트
Go Bo Gyeol,2,고보결,1.0,1986-12-07,17,,,,,"고보결
탤런트",탤런트
Lee Jang Woo,4,이장우,0.0,1986-12-07,22,,,,,"이장우
대전시장, 전 국회의원","대전시장,전국회의원"
Go Won Hee,11,고원희,1.0,1986-12-07,19,,,,,"고원희
영화배우",영화배우
Kim Ok Bin,6,김옥빈,1.0,1986-12-07,12,,,,,"김옥빈
Ok Vin Kim
영화배우",영화배우
Yoo Teo,1,유태오,0.0,1986-12-07,9,,,,,"유태오
영화배우",영화배우
Kim Ji Hoon,7,김지훈,0.0,1986-12-07,35,,,,,"김지훈
탤런트, 영화배우","탤런트,영화배우"
Park Hyung Sik,6,박형식,0.0,1986-12-07,21,,,1.0,,"박형식
Hyung Sik Park
탤런트, 영화배우","탤런트,영화배우"
Jeon So Nee,3,전소니,1.0,1986-12-07,5,,,,,"전소니
영화배우",영화배우
Yoon Jong Seok,1,윤종석,0.0,1986-12-07,9,,,,,"윤종석
탤런트",탤런트
Lee Tae Sun,2,이태선,0.0,1986-12-07,10,,,,,"이태선
탤런트",탤런트
Heo Won Seo,1,허원서,0.0,1986-12-07,4,,,,,"허원서
Won Seo Heo
탤런트",탤런트
Kim Jung Hyun,7,김정현,0.0,1986-12-07,11,,,,,"김정현
영화배우, 탤런트","영화배우,탤런트"
Im Soo Hyang,8,임수향,1.0,1986-12-07,21,,,,,"임수향
영화배우, 탤런트","영화배우,탤런트"
Kim Da Som,5,김다솜,1.0,1986-12-07,9,,,,,"김다솜
탤런트",탤런트
Ahn Woo Yeon,3,안우연,0.0,1986-12-07,19,,,,,"안우연
탤런트",탤런트
Kang So Ra,4,강소라,1.0,1986-12-07,13,,,,,"강소라
Kang So Ra
영화배우, 탤런트","영화배우,탤런트"
Jang Seung Jo,9,장승조,0.0,1986-12-07,16,,,,,"장승조
Jang Seung Jo
탤런트",탤런트
Jeon Do Yeon,3,전도연,1.0,1986-12-07,17,,,,,"전도연
영화배우",영화배우
Jung Kyung Ho,9,정경호,0.0,1986-12-07,23,,,,,"정경호
탤런트, 영화배우","탤런트,영화배우"
Kim Min Jae,8,김민재,0.0,1986-12-07,20,2015.0,0.0,0.0,0.0,"김민재
축구선수",축구선수
Kim Hyang Gi,4,김향기,1.0,1986-12-07,13,,,,,"김향기
영화배우, 탤런트","영화배우,탤런트"
Kim Sang Kyung,6,김상경,0.0,1986-12-07,22,,,,,"김상경
영화배우, 탤런트","영화배우,탤런트"
Kang Young Seok,1,강영석,0.0,1986-12-07,10,,,,,"강영석
연극배우, 탤런트","연극배우,탤런트"
Woo Da Vi,2,우다비,1.0,1986-12-07,8,,,,,"우다비
탤런트",탤런트
Lee Bo Young,5,이보영,1.0,1986-12-07,26,,,,,"이보영
탤런트, 영화배우","탤런트,영화배우"
Jo Sung Ha,5,조성하,0.0,1986-12-07,28,,,,,"조성하
탤런트, 영화배우","탤런트,영화배우"
Son Na Eun,4,손나은,1.0,1986-12-07,15,,,1.0,,"손나은
탤런트",탤런트
Han Joon Woo,2,한준우,0.0,1986-12-07,11,,,,,"한준우
영화배우",영화배우
Jeon Hye Jin,4,전혜진,1.0,1986-12-07,7,,,,,"전혜진
탤런트, 영화배우","탤런트,영화배우"
Lee Sun Kyun,4,이선균,0.0,1986-12-07,22,,,,,"이선균
영화배우, 탤런트","영화배우,탤런트"
Moon Chae Won,5,문채원,1.0,1986-12-07,14,,,,,"문채원
탤런트, 영화배우","탤런트,영화배우"
Park Hoon,4,박훈,0.0,1986-12-07,Notfound,,,,,"박훈
영화배우",영화배우
Ye Ji Won,6,예지원,1.0,1986-12-07,34,,,,,"예지원
이유정
영화배우, 탤런트","이유정영화배우,탤런트"
Jung Yong Hwa,3,정용화,0.0,1986-12-07,17,,,1.0,,"정용화
가수, 탤런트","가수,탤런트"
Cha Tae Hyun,6,차태현,0.0,1986-12-07,37,,,,,"차태현
영화배우, 탤런트","영화배우,탤런트"
Kwak Sun Young,4,곽선영,1.0,1986-12-07,10,,,,,"곽선영
뮤지컬배우",뮤지컬배우
Chae Soo Bin,10,채수빈,1.0,1986-12-07,14,,,,,"채수빈
탤런트, 영화배우","탤런트,영화배우"
Choi Min Ho,3,최민호,0.0,1986-12-07,Notfound,,,,,"최민호
세종시장, 전 정무직공무원","세종시장,전정무직공무원"
Lee Sang Woon,1,이상운,0.0,1986-12-07,Notfound,,,,,"이상운
Sang Woon Lee
세무사, 전 기초의원","세무사,전기초의원"
Park Hee Jung,1,박희정,1.0,1986-12-07,1,,,,,"박희정
영화배우",영화배우
Yoo Yeon Seok,7,유연석,0.0,1986-12-07,25,,,,,"유연석
안연석, Yeon Seok Yoo
탤런트, 영화배우","안연석,탤런트,영화배우"
Mun Ka Young,6,문가영,1.0,1986-12-07,30,,,,,"문가영
영화배우, 탤런트","영화배우,탤런트"
Geum Sae Rok,4,금새록,1.0,1986-12-07,7,,,,,"금새록
영화배우",영화배우
Jung Ga Ram,3,정가람,0.0,1986-12-07,10,,,,,"정가람
영화배우, 탤런트","영화배우,탤런트"
Kim Hyun Joo,7,김현주,1.0,1986-12-07,32,,,,,"김현주
탤런트, 영화배우","탤런트,영화배우"
Park Hee Soon,5,박희순,0.0,1986-12-07,11,,,,,"박희순
영화배우, 연극배우","영화배우,연극배우"
Kim Mu Yeol,5,김무열,0.0,1986-12-07,15,,,,,"김무열
영화배우, 뮤지컬배우","영화배우,뮤지컬배우"
Jung Soo Bin,2,정수빈,1.0,1986-12-07,Notfound,,,,,"정수빈NO.31
두산 베어스
외야수 · 좌투좌타",두산베어스외야수·좌투좌타
Go Soo,5,고수,0.0,1986-12-07,Notfound,,,,,Notfound,정보없음
Ahn So Hee,3,안소희,1.0,1986-12-07,10,,,1.0,,"안소희
영화배우, 탤런트","영화배우,탤런트"
Ha Joon,7,하준,0.0,1986-12-07,Notfound,,,,,"하준
Ha Jun
영화배우",영화배우
Lee Jung Eun,6,이정은,1.0,1986-12-07,29,,,,,"이정은
연극배우",연극배우
Kim Dong Hwi,1,김동휘,0.0,1986-12-07,2,,,,,"김동휘
Kim Dong Hwi
영화배우",영화배우
Seo Ji Hye,8,서지혜,1.0,1986-12-07,Notfound,,,,,"서지혜
영화배우",영화배우
Hong Soo Hyun,2,홍수현,1.0,1986-12-07,37,,,,,"홍수현
탤런트, 가수","탤런트,가수"
Lee Sang Woo,8,이상우,0.0,1986-12-07,23,,,,,"이상우
탤런트, 영화배우","탤런트,영화배우"
Lee Sung Jae,4,이성재,0.0,1986-12-07,24,,,,,"이성재
영화배우, 탤런트","영화배우,탤런트"
Park Young Woon,1,박영운,0.0,1986-12-07,5,,,,,"박영운
영화배우",영화배우
Park Jeong Woo,1,박정우,0.0,1986-12-07,Notfound,,,,,"박정우
탤런트",탤런트
Jang You Sung,1,장유성,0.0,1986-12-07,Notfound,,,,,"장유성
가수, 영화배우","가수,영화배우"
Lee Jae Wook,5,이재욱,0.0,1986-12-07,9,,,,,"이재욱
탤런트, 영화배우","탤런트,영화배우"
Go Youn Jung,1,고윤정,1.0,1986-12-07,7,,,,,"고윤정
영화배우, 탤런트","영화배우,탤런트"
Hwang Min Hyun,3,황민현,0.0,1986-12-07,6,,,,,"황민현
가수, 탤런트","가수,탤런트"
Shin Seung Ho,4,신승호,0.0,1986-12-07,9,,,,,"신승호
seung ho Shin
탤런트",탤런트
Oh Na Ra,6,오나라,1.0,1986-12-07,34,,,,,"오나라
영화배우, 탤런트","영화배우,탤런트"
Yoo Ji Tae,6,유지태,0.0,1986-12-07,12,,,,,"유지태
영화배우, 영화감독","영화배우,영화감독"
Park Hae Soo,6,박해수,0.0,1986-12-07,9,,,,,"박해수
영화배우, 연극배우","영화배우,연극배우"
Jeon Jong Seo,3,전종서,1.0,1986-12-07,3,,,,,"전종서
Jun Jong Seo
영화배우",영화배우
Lee Won Jong,3,이원종,0.0,1986-12-07,64,,,,,"이원종
탤런트, 영화배우","탤런트,영화배우"
Jang Yoon Ju,2,장윤주,1.0,1986-12-07,24,,,,,"장윤주
모델, 영화배우","모델,영화배우"
Kim Woo Seok,4,김우석,0.0,1986-12-07,9,,0.0,1.0,0.0,"같은 이름 다른 인물
김우석
가수
1996.
김우석
탤런트
1994.
김우석
가수
2004.
김우석
탤런트
1996.
김우석
변호사
김우석
시사평론가
1967.
동명이인 노출기준
이 정보가 표시된 이유",김우석가수1996.김우석탤런트1994.김우석가수2004.김우석탤런트1996.김우석변호사김우석시사평론가1967.동명이인노출기준이정보가표시된이유
Kim Young Dae,4,김영대,0.0,1986-12-07,15,,,,,"김영대
탤런트, 모델","탤런트,모델"
Park Ju Hyun,5,박주현,1.0,1986-12-07,8,,,,,"박주현
탤런트",탤런트
Lee Sun Bin,6,이선빈,1.0,1986-12-07,16,,,,,"이선빈
이진경
탤런트",이진경탤런트
Han Sun Hwa,6,한선화,1.0,1986-12-07,25,,,,,"한선화
탤런트",탤런트
Jung Eun Ji,4,정은지,1.0,1986-12-07,25,,,,,"정은지
가수, 탤런트","가수,탤런트"
Choi Si Won,6,최시원,0.0,1986-12-07,32,,,,,"시원
최시원
가수, 탤런트","최시원가수,탤런트"
Chae Jong Hyeop,5,채종협,0.0,1986-12-07,Notfound,,,,,"채종협
탤런트",탤런트
Seo Eun Soo,5,서은수,1.0,1986-12-07,11,,,,,"서은수
탤런트",탤런트
Kim Seol Hyun,5,김설현,1.0,1986-12-07,10,,,,,"김설현
Kim Seol Hyun
영화배우",영화배우
Yim Si Wan,6,임시완,0.0,1986-12-07,20,,,,,"임시완
Yim Si Wan
영화배우, 가수","영화배우,가수"
Shin Eun Soo,3,신은수,1.0,1986-12-07,11,,,,,"신은수
영화배우, 탤런트","영화배우,탤런트"
a.mond,1,방재민,0.0,1986-12-07,3,,,,,"방재민
Bang Jae Min
가수, 탤런트","가수,탤런트"
Oh Yu Jin,1,오유진,1.0,1986-12-07,4,,,,,"오유진
Oh Yoojin
가수",가수
Bae Hyeon Jun,1,배현준,0.0,1986-12-07,Notfound,,,,,"배현준
HYEON JUN BAE
탤런트",탤런트
Kim Sun Bin,1,김선빈,0.0,1986-12-07,Notfound,,,,,"김선빈NO.3
KIA 타이거즈
내야수 · 우투우타",타이거즈내야수·우투우타
Yoon Ye Joo,2,윤예주,1.0,1986-12-07,Notfound,,,,,"윤예주
탤런트",탤런트
Lee Ha Min,1,이하민,0.0,1986-12-07,Notfound,,,,,"이하민
탤런트",탤런트
Song Joong Ki,6,송중기,0.0,1986-12-07,20,,,,,"송중기
탤런트, 영화배우","탤런트,영화배우"
Shin Hyun Bin,5,신현빈,1.0,1986-12-07,13,,,,,"신현빈
Hyun Been Shin
영화배우, 탤런트","영화배우,탤런트"
Kim Yong Ji,1,김용지,1.0,1986-12-07,7,,,,,"김용지
탤런트",탤런트
Kang Hae Lim,1,강해림,1.0,1986-12-07,2,,,,,"강해림
탤런트",탤런트
Kim Su Yeon,1,김수연,1.0,1986-12-07,Notfound,,,,,"김수연
Su Yeon Kim
교육인, 쇼핑호스트","교육인,쇼핑호스트"
NC.A,1,임소은,1.0,1986-12-07,8,,,,,"NC.A
임소은, 앤씨아
가수","임소은,앤씨아가수"
Choi Seok Won,1,최석원,0.0,1986-12-07,Notfound,,,,,"같은 이름 다른 인물
탄
가수
1996.
최석원
기업인
1951.
최석원
기업인
1931.
최석원
영화감독
최석원
대학교수
최석원
금융인
1966.
최석원
영화스탭
최석원
작곡가
1948.
최석원
영화배우
최석원
기업인
1975.
최석원
대학교수
최석원
금융인
1959.
최석원
전문직업인
1953.
최석원
요리연구가
1971.
최석원
기술관련종사자
최석원
가수
1996.
다음
동명이인 노출기준
이 정보가 표시된 이유",탄가수1996.최석원기업인1951.최석원기업인1931.최석원영화감독최석원대학교수최석원금융인1966.최석원영화스탭최석원작곡가1948.최석원영화배우최석원기업인1975.최석원대학교수최석원금융인1959.최석원전문직업인1953.최석원요리연구가1971.최석원기술관련종사자최석원가수1996.다음동명이인노출기준이정보가표시된이유
Kim Rae Won,4,김래원,0.0,1986-12-07,20,,,,,"김래원
영화배우, 탤런트","영화배우,탤런트"
Son Ho Jun,6,손호준,0.0,1986-12-07,30,,,,,"손호준
영화배우, 탤런트","영화배우,탤런트"
Gong Seung Yeon,8,공승연,1.0,1986-12-07,20,,,,,"공승연
탤런트",탤런트
Lomon,2,로몬,0.0,1986-12-07,Notfound,,,,,"로몬
탤런트",탤런트
Seo Ji Hoon,7,서지훈,0.0,1986-12-07,15,,,,,"서지훈
탤런트",탤런트
Chae Sang Woo,1,채상우,0.0,1986-12-07,19,,,,,"채상우
영화배우",영화배우
Lee Soo Min,2,이수민,1.0,1986-12-07,18,,,,,"이수민
탤런트, 모델","탤런트,모델"
Seo Hyun Woo,2,서현우,0.0,1986-12-07,8,,,,,"서현우
Hyunwoo Seo
영화배우",영화배우
Lee Seo Jin,5,이서진,0.0,1986-12-07,35,,,,,"이서진
탤런트, 영화배우","탤런트,영화배우"
Joo Hyun Young,1,주현영,1.0,1986-12-07,14,,,,,"주현영
영화배우",영화배우
Go Doo Shim,5,고두심,1.0,1986-12-07,84,,,,,"고두심
탤런트, 영화배우","탤런트,영화배우"
Kang Ha Neul,4,강하늘,0.0,1986-12-07,18,,,,,"강하늘
김하늘
영화배우",김하늘영화배우
Ha Ji Won,5,하지원,1.0,1986-12-07,18,,,,,"하지원
영화배우, 탤런트","영화배우,탤런트"
Jin Seon Kyu,2,진선규,0.0,1986-12-07,15,,,,,"진선규
연극배우",연극배우
Chang Ryul,1,장률,0.0,1986-12-07,Notfound,,,,,"장률
영화배우, 연극배우","영화배우,연극배우"
Jin Goo,6,진구,0.0,1986-12-07,Notfound,,,,,"진구
탤런트, 영화배우","탤런트,영화배우"
Nana,8,나나,1.0,1986-12-07,Notfound,,,,,"나나
Nana
가수, 영화배우","가수,영화배우"
Yoon Hyun Suk,1,윤현석,0.0,1986-12-07,3,,,,,"현석
윤현석
가수",윤현석가수
Keum Dong Hyun,1,금동현,0.0,1986-12-07,3,,,,,"금동현
가수",가수
Ha Sun Ho,1,하선호,1.0,1986-12-07,Notfound,,,,,"하선호
Seon Ho Ha, Sandy
가수",",가수"
Won Young Wook,1,원영욱,0.0,1986-12-07,Notfound,,,,,"원영욱
탤런트",탤런트
Lee Hye Ri,8,이혜리,1.0,1986-12-07,Notfound,,,,,"이혜리
가수",가수
Lee Jun Young,8,이준영,0.0,1986-12-07,13,,,,,"이준영
가수, 탤런트","가수,탤런트"
Ok Ja Yeon,2,옥자연,1.0,1986-12-07,12,,,,,"옥자연
연극배우",연극배우
Kim Hye Soo,4,김혜수,1.0,1986-12-07,35,,,,,"김혜수
영화배우",영화배우
Kim Hae Sook,5,김해숙,1.0,1986-12-07,97,,,,,"김해숙
탤런트, 영화배우","탤런트,영화배우"
Choi Won Young,8,최원영,0.0,1986-12-07,35,,,,,"최원영
Wonyoung Choi
영화배우, 탤런트","영화배우,탤런트"
Moon Sang Min,1,문상민,0.0,1986-12-07,Notfound,,,,,"문상민
탤런트",탤런트
Shin Ha Kyun,5,신하균,0.0,1986-12-07,12,1998.0,,0.0,0.0,"신하균
Shin Ha Kyun
영화배우",영화배우
Han Ji Min,6,한지민,1.0,1986-12-07,23,,,,,"한지민
탤런트, 영화배우","탤런트,영화배우"
Jang Seo Hee,3,장서희,1.0,1986-12-07,33,,,,,"장서희
탤런트, 영화배우","탤런트,영화배우"
Oh Chang Seok,4,오창석,0.0,1986-12-07,Notfound,,,,,"오창석
영화배우, 탤런트","영화배우,탤런트"
Kim Gyu Seon,1,김규선,1.0,1986-12-07,13,,,,,"김규선
Kyu Seon Kim
영화배우",영화배우
Han Ji Wan,1,한지완,1.0,1986-12-07,Notfound,,,,,"한지완
탤런트",탤런트
Ban Hyo Jung,1,반효정,1.0,1986-12-07,78,,,,,"반효정
탤런트, 영화배우","탤런트,영화배우"
Lee Hyun Seok,1,이현석,0.0,1986-12-07,Notfound,,,,,"같은 이름 다른 인물
이현석
기업인
1983.
이현석
방송인
1978.
이현석
영화배우
1985.
이현석
온라인콘텐츠창작자
1992.
이현석
전 야구선수
1992.
이현석
가수
1994.
동명이인 노출기준
이 정보가 표시된 이유",이현석기업인1983.이현석방송인1978.이현석영화배우1985.이현석온라인콘텐츠창작자1992.이현석전야구선수1992.이현석가수1994.동명이인노출기준이정보가표시된이유
Park Ha Na,6,박하나,1.0,1986-12-07,25,,,,,"박하나
탤런트",탤런트
Kang Ji Sub,3,강지섭,0.0,1986-12-07,28,,,,,"강지섭
탤런트, 영화배우","탤런트,영화배우"
Oh Seung Ah,3,오승아,1.0,1986-12-07,16,,,,,"오승아
탤런트, 가수","탤런트,가수"
Jeon Yeo Been,3,전여빈,1.0,1986-12-07,5,,,,,"전여빈
영화배우",영화배우
Doh Kyung Soo,2,도경수,0.0,1986-12-07,12,,,,,"디오
도경수, D.O.
가수, 영화배우","도경수,..가수,영화배우"
Lee Se Hee,2,이세희,1.0,1986-12-07,9,,,,,"이세희
Se He Lee
탤런트",탤런트
Han Ji Hyun,1,한지현,1.0,1986-12-07,5,,,,,"한지현
탤런트",탤런트
Bae In Hyuk,4,배인혁,0.0,1986-12-07,12,,,,,"배인혁
In Hyuk Bae
탤런트",탤런트
Kim Hyun Jin,1,김현진,0.0,1986-12-07,Notfound,,,,,"같은 이름 다른 인물
김현진
탤런트
김현진
배우
1990.
김현진
연극배우
1996.
김현진
연극배우
김현진
연극배우
현진
가수
2000.
동명이인 노출기준
이 정보가 표시된 이유",김현진탤런트김현진배우1990.김현진연극배우1996.김현진연극배우김현진연극배우현진가수2000.동명이인노출기준이정보가표시된이유
Jang Gyu Ri,1,장규리,1.0,1986-12-07,6,,,,,"장규리
탤런트",탤런트
Kwak Dong Yeon,5,곽동연,0.0,1986-12-07,32,2012.0,,0.0,0.0,"곽동연
탤런트",탤런트
Go Sung Hee,7,고성희,1.0,1986-12-07,12,,,,,"고성희
Sung Hee Ko
영화배우",영화배우
Bae Hyun Sung,2,배현성,0.0,1986-12-07,9,,,,,"배현성
탤런트",탤런트
Kim Seung Soo,2,김승수,0.0,1986-12-07,Notfound,,,,,"김승수
국회의원, 전 공무원","국회의원,전공무원"
Im Joo Hwan,9,임주환,0.0,1986-12-07,23,,,,,"임주환
영화배우, 모델","영화배우,모델"
Lee Tae Sung,4,이태성,0.0,1986-12-07,25,,,,,"이태성
李太成, Lee Tae Sung
영화배우, 화가","李太成,영화배우,화가"
Kim So Eun,6,김소은,1.0,1986-12-07,29,,,,,"김소은
탤런트, 영화배우","탤런트,영화배우"
Lee Yoo Jin,1,이유진,0.0,1986-12-07,10,,,,,"이유진
탤런트, 영화배우","탤런트,영화배우"
Ahn Jae Wook,2,안재욱,0.0,1986-12-07,32,,,,,"안재욱
탤런트, 가수","탤런트,가수"
Lee Mi Sook,2,이미숙,1.0,1986-12-07,53,,,,,"이미숙
영화배우",영화배우
Song Young Chang,1,송영창,0.0,1986-12-07,19,,,,,"송영창
탤런트, 연극배우","탤런트,연극배우"
Shin Goo,1,신구,0.0,1986-12-07,Notfound,,,,,Notfound,정보없음
Oh Hyun Kyung,2,오현경,1.0,1986-12-07,48,,,,,"오현경
탤런트, 미스코리아","탤런트,미스코리아"
Kim Ji Eun,3,김지은,1.0,1986-12-07,13,,,,,"김지은
탤런트",탤런트
Namkoong Min,11,남궁민,0.0,1986-12-07,30,,,,,"남궁민
탤런트, 영화배우","탤런트,영화배우"
Choi Dae Hoon,3,최대훈,0.0,1986-12-07,29,,,,,"최대훈
Choi Dae Hoon
영화배우, 탤런트","영화배우,탤런트"
Park Jin Woo,4,박진우,0.0,1986-12-07,Notfound,,,,,"같은 이름 다른 인물
박진우
영화배우
박진우
영화배우
1983.
박진우
전 야구선수
1990.
박진우
온라인콘텐츠창작자
1987.
박진우
금융기관단체인
1956.
박진우
영화배우
2003.
동명이인 노출기준
이 정보가 표시된 이유",박진우영화배우박진우영화배우1983.박진우전야구선수1990.박진우온라인콘텐츠창작자1987.박진우금융기관단체인1956.박진우영화배우2003.동명이인노출기준이정보가표시된이유
Yook Sung Jae,5,육성재,0.0,1986-12-07,19,,,,,"육성재
가수, 탤런트","가수,탤런트"
Lee Jong Won,4,이종원,0.0,1986-12-07,Notfound,,,,,"이종원
탤런트, 영화배우","탤런트,영화배우"
Jung Chae Yeon,4,정채연,1.0,1986-12-07,16,,,,,"정채연
탤런트, 가수","탤런트,가수"
Park Min Young,7,박민영,1.0,1986-12-07,24,,,,,"박민영
탤런트, 영화배우","탤런트,영화배우"
Go Kyung Pyo,7,고경표,0.0,1986-12-07,23,,,,,"고경표
탤런트, 영화배우","탤런트,영화배우"
Kim Jae Young,6,김재영,0.0,1986-12-07,18,,,,,"김재영
영화배우",영화배우
Jung Ryeo Won,5,김향기,1.0,1986-12-07,13,,,,,"김향기
영화배우, 탤런트","영화배우,탤런트"
Lee Kyu Hyung,4,이규형,0.0,1986-12-07,9,,,,,"이규형
Lee Kyoo Hyung
뮤지컬배우, 영화배우","뮤지컬배우,영화배우"
Chun Ho Jin,3,천호진,0.0,1986-12-07,55,,,,,"천호진
탤런트, 영화배우","탤런트,영화배우"
Oh Dae Hwan,2,오대환,0.0,1986-12-07,30,,,,,"오대환
영화배우, 뮤지컬배우","영화배우,뮤지컬배우"
Cha Hwa Yun,2,차화연,1.0,1986-12-07,52,,,,,"차화연
탤런트, 영화배우","탤런트,영화배우"
Lee Min Jung,3,이민정,1.0,1986-12-07,19,1998.0,,0.0,0.0,"이민정
탤런트",탤런트
Lee Sang Yeob,10,이상엽,0.0,1986-12-07,38,,,,,"이상엽
탤런트, 영화배우","탤런트,영화배우"
Jung Woo,3,정우,0.0,1986-12-07,Notfound,,,,,"정우
김정국
영화배우, 탤런트","김정국영화배우,탤런트"
Lee You Mi,1,이유미,1.0,1986-12-07,13,,,,,"이유미
영화배우, 탤런트","영화배우,탤런트"
Kwon Yool,7,권율,0.0,1986-12-07,Notfound,,,,,"권율
권세인, Yul Kwon
영화배우","권세인,영화배우"
Park Se Young,5,박세영,1.0,1986-12-07,17,,,,,"박세영
탤런트",탤런트
Moon You Kang,1,문유강,0.0,1986-12-07,7,,,,,"문유강
You Kang Moon
연극배우",연극배우
Ha Jung Woo,1,하정우,0.0,1986-12-07,6,,,,,"하정우
김성훈
영화배우, 영화감독","김성훈영화배우,영화감독"
Hwang Jung Min,2,황정민,0.0,1986-12-07,4,,,,,"황정민
영화배우, 탤런트","영화배우,탤런트"
Lee Seung Gi,4,이승기,0.0,1986-12-07,38,,,,,"이승기
가수, 탤런트","가수,탤런트"
Lee Se Young,9,이세영,1.0,1986-12-07,29,,,,,"이세영
영화배우, 탤런트","영화배우,탤런트"
Kim Go Eun,6,김고은,1.0,1986-12-07,9,,,,,"김고은
영화배우",영화배우
Nam Ji Hyun,6,남지현,1.0,1986-12-07,26,,,,,"남지현
탤런트, 영화배우","탤런트,영화배우"
Park Ji Hu,2,박지후,1.0,1986-12-07,4,,,,,"박지후
탤런트, 영화배우","탤런트,영화배우"
Wi Ha Joon,4,위하준,0.0,1986-12-07,12,,,,,"위하준
영화배우, 탤런트","영화배우,탤런트"
Jung Il Woo,6,정일우,0.0,1986-12-07,19,,,,,"정일우
丁一宇, Ilwoo Jung
탤런트, 영화배우","丁一宇,탤런트,영화배우"
Kwon Yu Ri,9,권유리,1.0,1986-12-07,35,2007.0,,1.0,0.0,"유리
가수, 탤런트","가수,탤런트"
Han Ji Eun,5,한지은,1.0,1986-12-07,9,,,,,"한지은
영화배우",영화배우
Jang Gwang,2,장광,0.0,1986-12-07,Notfound,,,,,"장광
성우, 영화배우","성우,영화배우"
Kim Sun Young,1,김선영,1.0,1986-12-07,Notfound,,,,,"같은 이름 다른 인물
김선영
연극배우
1976.
김선영
뮤지컬배우
김선영
영화배우
김선영
아나운서
1980.
김선영
교육인
김선영
영화배우
1975.
동명이인 노출기준
이 정보가 표시된 이유",김선영연극배우1976.김선영뮤지컬배우김선영영화배우김선영아나운서1980.김선영교육인김선영영화배우1975.동명이인노출기준이정보가표시된이유
Yoon Jin Seo,4,윤진서,1.0,1986-12-07,13,,,,,"윤진서
Jin Seo Yoon
영화배우",영화배우
Park Ji Yeon,5,박지연,1.0,1986-12-07,9,,,,,"박지연
Ji Yeon Park
뮤지컬배우, 탤런트","뮤지컬배우,탤런트"
Choi Soo Young,6,최수영,1.0,1986-12-07,25,,,,,"수영
최수영
가수, 탤런트","최수영가수,탤런트"
Sung Dong Il,5,성동일,0.0,1986-12-07,63,,,,,"성동일
탤런트, 영화배우","탤런트,영화배우"
Ji Chang Wook,7,지창욱,0.0,1986-12-07,22,,,,,"지창욱
영화배우, 뮤지컬배우","영화배우,뮤지컬배우"
Choi Daniel,4,최다니,0.0,1986-12-07,Notfound,,,,,Notfound,정보없음
Son Hyun Joo,6,손현주,0.0,1986-12-07,54,,,,,"손현주
탤런트, 영화배우","탤런트,영화배우"
Kim Hyo Jin,3,김효진,1.0,1986-12-07,17,,,,,"김효진
영화배우, 탤런트","영화배우,탤런트"
Kim Se Jeong,5,김세정,1.0,1986-12-07,17,,,,,"김세정
가수",가수
Nam Yoon Su,3,남윤수,0.0,1986-12-07,10,,,,,"남윤수
Yoon Su Nam
탤런트, 모델","탤런트,모델"
Lee Jong Suk,5,이종석,0.0,1986-12-07,Notfound,,,,,"이종석
헌법재판관",헌법재판관
Ji Sung,7,지성,0.0,1986-12-07,Notfound,,,,,"지성
곽태근, Ji Sung
탤런트, 영화배우","곽태근,탤런트,영화배우"
Lee Soo Kyung,6,이수경,1.0,1986-12-07,Notfound,,,,,"이수경
Lee Soo Kyung
영화배우, 탤런트","영화배우,탤런트"
Yoo Young Jae,2,유영재,0.0,1986-12-07,Notfound,,,,,"유영재
탤런트",탤런트
Jo Yu Ri,1,조유리,1.0,1986-12-07,9,,,,,"조유리
JO YURI
가수",가수
Kim Yoon Woo,1,김윤우,0.0,1986-12-07,4,,,,,"김윤우
영화배우",영화배우
Kim Min Ho,1,김민호,0.0,1986-12-07,12,,,,,"김민호
영화배우",영화배우
Jeon Seung Hun,1,전승훈,0.0,1986-12-07,2,,,,,"전승훈
영화배우",영화배우
Nam Tae Woo,1,남태우,0.0,1986-12-07,6,,,,,"남태우
탤런트",탤런트
Lee Sang Jin,1,이상진,0.0,1986-12-07,8,,,,,"이상진
연극배우",연극배우
Lee Jung Hyun,2,이정현,1.0,1986-12-07,16,,,,,"이정현
Jung Hyun Lee
영화배우",영화배우
Lee Choong Goo,1,이충구,0.0,1986-12-07,5,,,,,"이충구
영화배우",영화배우
Jung Eugene,5,정유진,1.0,1986-12-07,11,,,,,"정유진
탤런트, 영화배우","탤런트,영화배우"
Kim Hee Sun,6,김희선,1.0,1986-12-07,33,,,,,"김희선
탤런트, 영화배우","탤런트,영화배우"
Lee Hyun Wook,3,이현욱,0.0,1986-12-07,12,,,,,"이현욱
영화배우, 탤런트","영화배우,탤런트"
Cha Ji Yeon,1,차지연,1.0,1986-12-07,6,,,,,Notfound,정보없음
Kwon Ah Reum,1,권아름,1.0,1986-12-07,8,,,,,"권아름
탤런트",탤런트
Han Ji Hyo,1,한지효,1.0,1986-12-07,8,,,,,"한지효
송지효, Han Jihyo
영화배우, 탤런트","송지효,영화배우,탤런트"
Kim Do Young,1,도영,0.0,1986-12-07,Notfound,,,,,Notfound,정보없음
Park Eun Bin,9,박은빈,1.0,1986-12-07,38,,,,,"박은빈
朴恩斌
탤런트, 영화배우","朴恩斌탤런트,영화배우"
Kang Tae Oh,8,강태오,0.0,1986-12-07,16,,,,,"강태오
탤런트, 영화배우","탤런트,영화배우"
Kang Ki Young,2,강기영,0.0,1986-12-07,24,,,,,"강기영
Ki Young Kang
영화배우, 탤런트","영화배우,탤런트"
Park Hye Soo,3,박혜수,1.0,1986-12-07,6,,,,,"박혜수
탤런트",탤런트
Jeong Jae Hyun,1,정재현,0.0,1986-12-07,Notfound,,,,,"같은 이름 다른 인물
정재현
교육인
재현
가수
1990.
정재현
전 기초의원
1957.
정재현
기업인
1959.
정재현
대학교수
정재현
대학교수
동명이인 노출기준
이 정보가 표시된 이유",정재현교육인재현가수1990.정재현전기초의원1957.정재현기업인1959.정재현대학교수정재현대학교수동명이인노출기준이정보가표시된이유
Roh Jeong Eui,4,노정의,1.0,1986-12-07,17,,,,,"노정의
탤런트, 영화배우","탤런트,영화배우"
Lee Jin Hyuk,2,웨이,0.0,1986-12-07,Notfound,,,,,"웨이
허민선, WAY
탤런트, 가수","허민선,탤런트,가수"
Kang Mi Na,5,강미나,1.0,1986-12-07,12,,,,,"강미나
탤런트",탤런트
Seo In Guk,6,서인국,0.0,1986-12-07,20,,,,,"서인국
가수, 탤런트","가수,탤런트"
Oh Yeon Seo,7,오연서,1.0,1986-12-07,24,,,,,"오연서
탤런트, 영화배우","탤런트,영화배우"
Kwak Shi Yang,9,곽시양,0.0,1986-12-07,16,,,,,"곽시양
탤런트, 영화배우","탤런트,영화배우"
Kwon Soo Hyun,1,권수현,0.0,1986-12-07,14,,,,,"권수현
영화배우, 탤런트","영화배우,탤런트"
Lee Yoo Ri,7,이유리,1.0,1986-12-07,43,,,,,"이유리
Yuri Lee
탤런트",탤런트
Lee Min Young,2,이민영,1.0,1986-12-07,34,,,,,"이민영
탤런트",탤런트
Yoon So Yi,5,윤소이,1.0,1986-12-07,23,,,,,"윤소이
문수희
탤런트, 영화배우","문수희탤런트,영화배우"
Chani,1,강찬희,0.0,1986-12-07,Notfound,,,,,"찬희
가수, 탤런트","가수,탤런트"
Hwiyoung,1,휘영,0.0,1986-12-07,Notfound,,,,,"휘영
가수, 탤런트","가수,탤런트"
Jung So Min,7,정소민,1.0,1986-12-07,18,,,,,"정소민
탤런트",탤런트
Seo Hyun,4,서현,1.0,1986-12-07,Notfound,,,,,"서현
서주현
가수, 탤런트","서주현가수,탤런트"
Na In Woo,5,나인우,0.0,1986-12-07,18,,,,,"나인우
탤런트, 영화배우","탤런트,영화배우"
Jeon Kwang Ryul,3,전광렬,0.0,1986-12-07,51,,,,,"전광렬
탤런트, 영화배우","탤런트,영화배우"
Park Jin Young,5,박진영,0.0,1986-12-07,Notfound,,,,,"박진영
가수, 탤런트","가수,탤런트"
Lee Yoo Young,5,이유영,1.0,1986-12-07,9,,,,,"이유영
Lee You Young
영화배우",영화배우
Yeo Jin Goo,9,여진구,0.0,1986-12-07,28,,,,,"여진구
영화배우, 탤런트","영화배우,탤런트"
Son Woo Hyun,2,손우현,0.0,1986-12-07,11,,,,,"손우현
영화배우",영화배우
Kim Kang Min,4,김강민,0.0,1986-12-07,Notfound,,,,,"같은 이름 다른 인물
김강민
야구선수
1982.
김강민
보디빌더
1991.
김강민
탤런트
1998.
김강민
탤런트
1995.
김강민
기자
김강민
보험컨설턴트
1995.
동명이인 노출기준
이 정보가 표시된 이유",김강민야구선수1982.김강민보디빌더1991.김강민탤런트1998.김강민탤런트1995.김강민기자김강민보험컨설턴트1995.동명이인노출기준이정보가표시된이유
Kim Jae Hwa,1,김재화,1.0,1986-12-07,24,,,,,"김재화
영화배우",영화배우
Yeom Jung Ah,2,염정아,1.0,1986-12-07,31,,,,,"염정아
영화배우, 미스코리아","영화배우,미스코리아"
Jeon So Min,6,전소민,1.0,1986-12-07,24,,,,,"전소민
So Min Jeon
탤런트, 영화배우","탤런트,영화배우"
Lee Moo Saeng,1,이무생,0.0,1986-12-07,14,,,,,"이무생
영화배우",영화배우
So Ji Sub,3,소지섭,0.0,1986-12-07,25,,,,,"소지섭
탤런트, 영화배우","탤런트,영화배우"
Shin Sung Rok,8,신성록,0.0,1986-12-07,24,,,,,"신성록
뮤지컬배우, 탤런트","뮤지컬배우,탤런트"
Seo Hyun Jin,8,서현진,1.0,1986-12-07,21,,,,,"서현진
탤런트, 영화배우","탤런트,영화배우"
Hwang In Youp,3,황인엽,0.0,1986-12-07,7,,,,,"황인엽
탤런트",탤런트
Seo Yea Ji,5,서예지,1.0,1986-12-07,13,,,,,"서예지
탤런트, 영화배우","탤런트,영화배우"
Park Byung Eun,6,박병은,0.0,1986-12-07,21,,,,,"박병은
탤런트, 영화배우","탤런트,영화배우"
Yoon Kye Sang,5,윤계상,0.0,1986-12-07,17,,,,,"윤계상
Kyesang Yoon
영화배우, 탤런트","영화배우,탤런트"
Kim Ji Suk,7,김지석,0.0,1986-12-07,37,,,,,"김지석
탤런트, 영화배우","탤런트,영화배우"
Lee Hyun Jin,1,이현진,0.0,1986-12-07,14,,,,,"이현진
탤런트",탤런트
Lee Hwi Hyang,1,이휘향,1.0,1986-12-07,51,,,,,"이휘향
탤런트, 영화배우","탤런트,영화배우"
Na Young Hee,1,나영희,1.0,1986-12-07,49,,,,,"나영희
Na Young Hee
탤런트, 영화배우","탤런트,영화배우"
Lee Jin Wook,8,이진욱,0.0,1986-12-07,21,,,,,"이진욱
영화배우, 탤런트","영화배우,탤런트"
Han Hyun Jun,1,한현준,0.0,1986-12-07,Notfound,,,,,"한현준
탤런트",탤런트
Kim Tae Hwan,1,김태환,0.0,1986-12-07,Notfound,,,,,"같은 이름 다른 인물
김태환
축구선수
1989.
김태환
개그맨
김태환
모델
1992.
김태환
축구선수
2000.
김태환
영화배우
김태환
전 국회의원
1943.
동명이인 노출기준
이 정보가 표시된 이유",김태환축구선수1989.김태환개그맨김태환모델1992.김태환축구선수2000.김태환영화배우김태환전국회의원1943.동명이인노출기준이정보가표시된이유
Yoon Kyun Sang,8,윤균상,0.0,1986-12-07,16,,,,,"윤균상
Kyun Sang Yun
탤런트, 영화배우","탤런트,영화배우"
Sung Hoon,10,방인규,0.0,1986-12-07,24,2011.0,,0.0,0.0,"이미지
이미지 신고하기",이미지신고하기
Shin Dong Wook,2,신동욱,0.0,1986-12-07,Notfound,,,,,"신동욱
앵커, 방송기자","앵커,방송기자"
Choi Sung Eun,2,최성은,1.0,1986-12-07,3,,,,,"최성은
Choi Sung Eun
영화배우",영화배우
Yoon Doo Joon,4,윤두준,0.0,1986-12-07,30,,,,,"윤두준
가수, 탤런트","가수,탤런트"
Kwak Do Won,1,곽도원,0.0,1986-12-07,4,,,,,"곽도원
영화배우",영화배우
Han Go Eun,2,한고은,1.0,1986-12-07,40,,,,,"한고은
탤런트, 영화배우","탤런트,영화배우"
Park Won Sook,3,박원숙,1.0,1986-12-07,68,,,,,"박원숙
탤런트, 영화배우","탤런트,영화배우"
Jung Dong Won,1,정동원,0.0,1986-12-07,12,,,,,"정동원
Jeong Dong Won
가수",가수
Lee Joon,7,이준,0.0,1986-12-07,Notfound,,,,,"이준
이창선
영화배우, 가수","이창선영화배우,가수"
Kang Han Na,6,강한나,1.0,1986-12-07,19,,,,,"강한나
영화배우, 탤런트","영화배우,탤런트"
Kim Ji Young,4,김지영,1.0,1986-12-07,Notfound,,,,,"김지영
영화배우, 탤런트","영화배우,탤런트"
Lee Kwang Soo,3,이광수,0.0,1986-12-07,25,,,,,"이광수
탤런트, 영화배우","탤런트,영화배우"
Jin Hee Kyung,3,진희경,1.0,1986-12-07,17,,,,,"진희경
영화배우, 탤런트","영화배우,탤런트"
Jung Joon Ho,4,정준호,0.0,1986-12-07,35,,,,,"정준호
영화배우, 탤런트","영화배우,탤런트"
Park Hae Jin,6,박해진,0.0,1986-12-07,26,,,,,"박해진
탤런트",탤런트
Yoon Jong Hoon,3,윤종훈,0.0,1986-12-07,28,,,,,"윤종훈
탤런트, 영화배우","탤런트,영화배우"
Kim Yoon Hye,2,김윤혜,1.0,1986-12-07,13,,,,,"김윤혜
탤런트, 영화배우","탤런트,영화배우"
Lee Jung Shin,5,이정신,0.0,1986-12-07,16,,,,,"이정신
가수, 탤런트","가수,탤런트"
Park Ji Hyun,3,박지현,1.0,1986-12-07,Notfound,,,,,"뉴스
관련도순 최신순 모바일 메인 언론사",관련도순최신순모바일메인언론사
Kim Moo Joon,2,김무준,0.0,1986-12-07,Notfound,,,,,"김무준
탤런트",탤런트
Lee Byung Hun,2,이병헌,0.0,1986-12-07,28,,,,,"이병헌
영화배우, 탤런트","영화배우,탤런트"
Shin Min Ah,6,신민아,1.0,1986-12-07,13,,,,,"신민아
양민아
영화배우, 탤런트","양민아영화배우,탤런트"
Cha Seung Won,4,차승원,0.0,1986-12-07,21,,,,,"차승원
영화배우, 모델","영화배우,모델"
Lee Min Ki,5,이민기,0.0,1986-12-07,14,,,,,"이민기
탤런트, 영화배우","탤런트,영화배우"
Kim Ji Won,7,김지원,1.0,1986-12-07,14,,,,,"김지원
탤런트, 영화배우","탤런트,영화배우"
Lee Kyung Young,3,이경영,0.0,1986-12-07,35,,,,,"이경영
영화배우",영화배우
Jung Sang Hoon,7,정상훈,0.0,1986-12-07,37,,,,,"정상훈
방송연예인, 뮤지컬배우","방송연예인,뮤지컬배우"
Lee Joon Gi,6,이준기,0.0,1986-12-07,17,,,,,"이준기
영화배우, 탤런트","영화배우,탤런트"
Choo Ja Hyun,3,추자현,1.0,1986-12-07,29,,,,,"추자현
추은주
탤런트, 영화배우","추은주탤런트,영화배우"
Lee Yo Won,6,이요원,1.0,1986-12-07,18,,,,,"이요원
영화배우, 탤런트","영화배우,탤런트"
Kim Gyu Ri,1,김규리,1.0,1986-12-07,32,,,,,"김규리
탤런트, 영화배우","탤런트,영화배우"
Jang Hye Jin,2,장혜진,1.0,1986-12-07,12,,,,,"장혜진
연극배우",연극배우
Joo Min Kyung,1,주민경,1.0,1986-12-07,8,,,,,"주민경
탤런트, 영화배우","탤런트,영화배우"
Shin Dong Mi,1,신동미,1.0,1986-12-07,25,,,,,"신동미
영화배우",영화배우
Oh Min Suk,5,오민석,0.0,1986-12-07,24,,,,,"오민석
탤런트, 영화배우","탤런트,영화배우"
Yoon Shi Yoon,8,윤시윤,0.0,1986-12-07,24,,,,,"윤시윤
탤런트, 영화배우","탤런트,영화배우"
Bae Da Bin,1,배다빈,1.0,1986-12-07,8,,,,,"배다빈
탤런트",탤런트
Seo Bum June,1,서범준,0.0,1986-12-07,Notfound,,,,,"서범준
Bum June Seo
영화배우",영화배우
Choi Ye Bin,1,최예빈,1.0,1986-12-07,7,,,,,"최예빈
탤런트",탤런트
Rowoon,4,로운,0.0,1986-12-07,Notfound,,,,,"로운
가수, 탤런트","가수,탤런트"
Lee Soo Hyuk,7,이수혁,0.0,1986-12-07,21,,,,,"이수혁
이혁수
영화배우, 모델","이혁수영화배우,모델"
Yun Ji On,2,윤지온,0.0,1986-12-07,10,,,,,"윤지온
탤런트, 영화배우","탤런트,영화배우"
Jo Hyuk Joon,1,조혁준,0.0,1986-12-07,Notfound,,,,,"조혁준
Hyuk Jun Cho
탤런트",탤런트
Kang Eun Bin,1,강은빈,0.0,1986-12-07,3,,,,,"강은빈
탤런트",탤런트
Kim Sung Gyu,4,김성규,0.0,1986-12-07,Notfound,,,,,"김성규
Sungkyu Kim
영화배우",영화배우
Jeon Yu Bin,1,전유빈,0.0,1986-12-07,Notfound,,,,,"전유빈
가수",가수
Yoo Young Mo,1,유영모,0.0,1986-12-07,Notfound,,,,,지식백과,지식백과
Lee Jung Min,3,이정민,0.0,1986-12-07,Notfound,,,,,"같은 이름 다른 인물
이정민
아나운서
1980.
이정민
아나운서
1977.
이정민
탤런트
1995.
이정민
골프선수
1992.
이정민
탤런트
이정민
야구코치
1979.
동명이인 노출기준
이 정보가 표시된 이유",이정민아나운서1980.이정민아나운서1977.이정민탤런트1995.이정민골프선수1992.이정민탤런트이정민야구코치1979.동명이인노출기준이정보가표시된이유
Min In Gi,1,민인기,0.0,1986-12-07,Notfound,,,,,"민인기
연극배우, 뮤지컬배우","연극배우,뮤지컬배우"
Ha Do Gwon,1,김용구,0.0,1986-12-07,Notfound,,,,,"같은 이름 다른 인물
김용구
정당인
1940.
김용구
명예교수
1937.
김용구
기업인
1944.
김용구
전문직업인
1953.
김용구
정무직공무원
1957.
김용구
기업인
1948.
동명이인 노출기준
이 정보가 표시된 이유",김용구정당인1940.김용구명예교수1937.김용구기업인1944.김용구전문직업인1953.김용구정무직공무원1957.김용구기업인1948.동명이인노출기준이정보가표시된이유
Lee Won Keun,6,이원근,0.0,1986-12-07,17,,,,,"이원근
Won Keun Lee
영화배우, 탤런트","영화배우,탤런트"
Kim Sung Ryung,4,김성령,1.0,1986-12-07,43,,,,,"김성령
탤런트, 미스코리아","탤런트,미스코리아"
Lee Hye Young,3,이혜영,1.0,1986-12-07,Notfound,,,,,"이혜영
탤런트, 화가","탤런트,화가"
Kim Ha Neul,4,김하늘,1.0,1986-12-07,16,,,,,"김하늘
영화배우, 탤런트","영화배우,탤런트"
Kim Jae Wook,4,김재욱,0.0,1986-12-07,16,,,,,"김재욱
영화배우",영화배우
Krystal Jung,5,크리스,1.0,1986-12-07,Notfound,,,,,"크리스 존슨
Kris Johnson
방송연예인",방송연예인
Jo Bo Ah,9,조보아,1.0,1986-12-07,22,2012.0,,0.0,0.0,"조보아
탤런트",탤런트
Oh Yeon Soo,1,오연수,1.0,1986-12-07,31,,,,,"오연수
탤런트, 영화배우","탤런트,영화배우"
Kim Young Min,4,김영민,0.0,1986-12-07,9,,,,,"김영민
金永敏, Young Min Kim
영화배우, 연극배우","金永敏,영화배우,연극배우"
Park Joo Mi,3,박주미,1.0,1986-12-07,20,,,,,"박주미
탤런트, 영화배우","탤런트,영화배우"
Kang Shin Hyo,1,강신효,0.0,1986-12-07,11,,,,,"강신효
Shin Hyo Kang
영화배우",영화배우
Lee Ga Ryeong,4,이가령,1.0,1986-12-07,7,,,,,"이가령
탤런트",탤런트
Jeon Soo Kyung,3,전수경,1.0,1986-12-07,Notfound,,,,,"전수경
뮤지컬배우, 영화배우","뮤지컬배우,영화배우"
Ji Young San,1,지영산,0.0,1986-12-07,6,,,,,"지영산
권혁종, 池姈珊, Gee Young San
탤런트, VJ","권혁종,池姈珊,탤런트,"
Ok Jin Uk,1,옥진욱,0.0,1986-12-07,5,,,,,"옥진욱
가수, 탤런트","가수,탤런트"
Kang Hui,1,강희,0.0,1986-12-07,Notfound,,,,,"강희
탤런트, 영화배우","탤런트,영화배우"
Lee Ji Hoon,9,이지훈,0.0,1986-12-07,Notfound,,,,,"같은 이름 다른 인물
이지훈
영화배우
이지훈
영화배우
1979.
이지훈
탤런트
1979.
이지훈
e스포츠감독
1992.
이지훈
스포츠기관단체인
1980.
이지훈
가수
1983.
동명이인 노출기준
이 정보가 표시된 이유",이지훈영화배우이지훈영화배우1979.이지훈탤런트1979.이지훈스포츠감독1992.이지훈스포츠기관단체인1980.이지훈가수1983.동명이인노출기준이정보가표시된이유
Han Chae Young,2,한채영,1.0,1986-12-07,29,,,,,"한채영
김지영
영화배우, 탤런트","김지영영화배우,탤런트"
Ji Yi Soo,1,지이수,1.0,1986-12-07,9,,,,,"지이수
탤런트, 영화배우","탤런트,영화배우"
Koo Ja Sung,3,구자성,0.0,1986-12-07,Notfound,,,,,"구자성
탤런트",탤런트
Im Sung Kyun,1,임성균,0.0,1986-12-07,Notfound,,,,,"임성균
탤런트",탤런트
Shin Yong Seok,1,신용석,0.0,1986-12-07,Notfound,,,,,"같은 이름 다른 인물
신용석
탤런트
1996.
신용석
문화기관단체인
1941.
신용석
야구선수
2003.
신용석
가수
1990.
신용석
법조인
1958.
다음
동명이인 노출기준
이 정보가 표시된 이유",신용석탤런트1996.신용석문화기관단체인1941.신용석야구선수2003.신용석가수1990.신용석법조인1958.다음동명이인노출기준이정보가표시된이유
Go Ah Sung,6,고아성,1.0,1986-12-07,13,,,,,"고아성
탤런트, 영화배우","탤런트,영화배우"
Park Yong Woo,3,박용우,0.0,1986-12-07,Notfound,,,,,"박용우
축구선수",축구선수
Cha Hun,1,차훈,0.0,1986-12-07,1,2015.0,0.0,1.0,,"차훈
가수, 탤런트","가수,탤런트"
Yoon Chae Kyung,2,윤채경,1.0,1986-12-07,14,,,,,"윤채경
탤런트, 가수","탤런트,가수"
Joo Jong Hyuk,1,주종혁,0.0,1986-12-07,Notfound,,,,,"주종혁
영화배우",영화배우
Park So Eun,1,박소은,1.0,1986-12-07,Notfound,,,,,"박소은
가수",가수
Park Jung Yeon,1,박정연,1.0,1986-12-07,3,,,,,"박정연
Jeong Yeon Park
영화배우",영화배우
Kim Gab Soo,3,김갑수,0.0,1986-12-07,77,,,,,"김갑수
영화배우, 탤런트","영화배우,탤런트"
Park Hae Joon,4,박상우,0.0,1986-12-07,Notfound,,,,,"같은 이름 다른 인물
박상우
쇼핑호스트
박상우
전 공기업인
1961.
박상우
전 기초의원
1971.~2023.
박상우
농구선수
2000.
박상우
팝페라가수
1969.
박해준
영화배우
동명이인 노출기준
이 정보가 표시된 이유",박상우쇼핑호스트박상우전공기업인1961.박상우전기초의원1971.~2023.박상우농구선수2000.박상우팝페라가수1969.박해준영화배우동명이인노출기준이정보가표시된이유
Kim Ji Hyun,1,김지현,1.0,1986-12-07,7,,,,,"김지현
연극배우, 뮤지컬배우","연극배우,뮤지컬배우"
Son Ye Jin,3,손예진,1.0,1986-12-07,11,,,,,"손예진
손언진
영화배우, 탤런트","손언진영화배우,탤런트"
Jeon Mi Do,3,전미도,1.0,1986-12-07,4,,,,,"전미도
뮤지컬배우, 연극배우","뮤지컬배우,연극배우"
Lee Si Young,6,이시영,1.0,1986-12-07,39,,,,,"이시영
Lee Si Young
탤런트, 영화배우","탤런트,영화배우"
Seo Kang Joon,8,서강준,0.0,1986-12-07,16,,,,,"서강준
탤런트, 영화배우","탤런트,영화배우"
Kim Ah Joong,3,김아중,1.0,1986-12-07,11,,,,,"김아중
Kim A Joong
영화배우, 탤런트","영화배우,탤런트"
Choi Hyun Wook,2,최현욱,0.0,1986-12-07,12,,,,,"최현욱
탤런트",탤런트
Nam Joo Hyuk,7,남주혁,0.0,1986-12-07,15,,,,,"남주혁
탤런트, 영화배우","탤런트,영화배우"
Lee Joo Myung,1,이주명,1.0,1986-12-07,8,,,,,"이주명
탤런트",탤런트
Song Kang,6,송강,0.0,1986-12-07,Notfound,,,,,"송강
탤런트",탤런트
Yura,4,유라,1.0,1986-12-07,Notfound,,,,,"유라
김아영
탤런트, 가수","김아영탤런트,가수"
Park Jung Chul,1,박정철,0.0,1986-12-07,33,,,,,"박정철
박철
탤런트, 영화배우","박철탤런트,영화배우"
Wang Bit Na,3,왕빛나,1.0,1986-12-07,32,,,,,"왕빛나
탤런트, 영화배우","탤런트,영화배우"
Jung Ae Ri,1,정애리,1.0,1986-12-07,84,,,,,"정애리
Ae Rie Chung
탤런트, 영화배우","탤런트,영화배우"
Go In Beom,1,고인범,0.0,1986-12-07,44,,,,,"고인범
In Beom Ko
탤런트, 연극배우","탤런트,연극배우"
Ji Seung Hyun,4,지승현,0.0,1986-12-07,22,,,,,"지승현
Ji Seung Hyun
영화배우, 탤런트","영화배우,탤런트"
Ok Go Woon,1,옥고운,1.0,1986-12-07,13,,,,,"옥지영
옥고운
영화배우, 탤런트","옥고운영화배우,탤런트"
Seo Eun Ah,2,서은아,1.0,1986-12-07,9,,,,,"서은아
영화배우",영화배우
Cho Yi Hyun,2,조이현,1.0,1986-12-07,9,,,,,"조이현
탤런트",탤런트
Kang Daniel,1,강다니,0.0,1986-12-07,Notfound,,,,,Notfound,정보없음
Yoo Jun,2,유준,0.0,1986-12-07,Notfound,,,,,"유준
탤런트",탤런트
Hyuk,1,혁,0.0,1986-12-07,Notfound,,,,,"혁
한상혁
가수, 영화배우","한상혁가수,영화배우"
Kim So Jin,1,김소진,1.0,1986-12-07,3,,,,,"김소진
Kim So Jin
연극배우, 영화배우","연극배우,영화배우"
Rain,4,비,0.0,1986-12-07,Notfound,,,,,"성북구 동선동
성북구 동선동 CCTV
오늘
내일
모레
월간",성북구동선동오늘내일모레월간
Uee,8,유이,1.0,1986-12-07,Notfound,,,,,"유이
U-IE
가수, 탤런트","-가수,탤런트"
Song Ji Eun,3,송지은,1.0,1986-12-07,14,,,,,"송지은
Song Jieun
탤런트, 가수","탤런트,가수"
Sung Ji Ru,1,성지루,0.0,1986-12-07,34,,,,,"성지루
영화배우, 탤런트","영화배우,탤런트"
Bae Doo Na,6,배두나,1.0,1986-12-07,29,,,,,"배두나
탤런트, 영화배우","탤런트,영화배우"
Gong Yoo,2,공유,0.0,1986-12-07,Notfound,,,,,"공유
공지철
탤런트, 영화배우","공지철탤런트,영화배우"
Jun,1,박준희,0.0,1986-12-07,3,,,,,"박준희
Park Junhee
가수",가수
Yoo Hyun Woo,1,유현우,0.0,1986-12-07,Notfound,,,,,"유현우
탤런트",탤런트
Yoo Seung Ho,7,유승호,0.0,1986-12-07,27,2000.0,,0.0,1.0,"유승호
탤런트, 영화배우","탤런트,영화배우"
Byeon Woo Seok,3,변우석,0.0,1986-12-07,15,,,,,"변우석
탤런트",탤런트
Joy,3,조이,1.0,1986-12-07,Notfound,,,,,"조이
박수영, JOY
가수","박수영,가수"
Kim Kyung Nam,4,김경남,0.0,1986-12-07,12,,,,,"김경남
탤런트, 연극배우","탤런트,연극배우"
Kang Ye Won,2,강예원,1.0,1986-12-07,9,,,,,"강예원
영화배우",영화배우
Kwon Na Ra,6,권나라,1.0,1986-12-07,14,,,,,"권나라
탤런트, 영화배우","탤런트,영화배우"
Kim Ji Soo,8,김지수,0.0,1986-12-07,Notfound,,,,,"같은 이름 다른 인물
김지수
영화배우
김지수
축구선수
2004.
지수
영화배우
김지수
영화배우
김지수
가수
1990.
김지수
기자
동명이인 노출기준
이 정보가 표시된 이유",김지수영화배우김지수축구선수2004.지수영화배우김지수영화배우김지수가수1990.김지수기자동명이인노출기준이정보가표시된이유
Yoon Se Ah,6,윤세아,1.0,1986-12-07,33,,,,,"윤세아
Yoon Se A
영화배우",영화배우
Kim Hye Yoon,3,김혜윤,1.0,1986-12-07,11,,,,,"김혜윤
영화배우, 탤런트","영화배우,탤런트"
Go Eun Ah,1,고은아,1.0,1986-12-07,19,,,,,"고은아
방효진
영화배우, 모델","방효진영화배우,모델"
Heo Young Ji,2,허영지,1.0,1986-12-07,38,,,,,"허영지
Young Ji Hur
가수, 탤런트","가수,탤런트"
Lee Mi So,1,이미소,1.0,1986-12-07,8,,,,,"이루안
영화배우",영화배우
Son Soo Ah,1,손수아,1.0,1986-12-07,5,,,,,"손수아
영화배우, 모델","영화배우,모델"
Ham Eun Jung,4,함은정,1.0,1986-12-07,25,,,,,"함은정
엘시, ELSIE
가수, 영화배우","엘시,가수,영화배우"
Kim Jin Yeop,2,김진엽,0.0,1986-12-07,Notfound,,,,,"김진엽
기자",기자
Hwang Shin Hye,2,황정만,1.0,1986-12-07,38,,,,,"황신혜
황정만
탤런트, 영화배우","황정만탤런트,영화배우"
Yoon Da Hoon,2,윤다훈,0.0,1986-12-07,46,,,,,"윤다훈
영화배우, 탤런트","영화배우,탤런트"
Shim Hye Jin,1,심혜진,1.0,1986-12-07,Notfound,,,,,"심혜진
탤런트",탤런트
Son Sung Yoon,2,손성윤,1.0,1986-12-07,17,,,,,"손성윤
탤런트",탤런트
Kim Yeong Cheol,4,김영철,0.0,1986-12-07,Notfound,,,,,"김영철
탤런트, 영화배우","탤런트,영화배우"
Park Jin Hee,6,박진희,1.0,1986-12-07,29,,,,,"박진희
영화배우, 탤런트","영화배우,탤런트"
Park Sun Young,2,박선영,1.0,1986-12-07,Notfound,,,,,"같은 이름 다른 인물
박선영
아나운서
박선영
영화배우
박선영
탤런트
박선영
대학교수
박선영
탤런트
박선영
대학교수
1961.
동명이인 노출기준
이 정보가 표시된 이유",박선영아나운서박선영영화배우박선영탤런트박선영대학교수박선영탤런트박선영대학교수1961.동명이인노출기준이정보가표시된이유
Lee Kyung Hoon,1,이경훈,0.0,1986-12-07,Notfound,,,,,"같은 이름 다른 인물
이경훈
공공기관인
1960.
이경훈
영화배우
2010.
이경훈
골프선수
1991.
이경훈
대학교수
이경훈
기업인
이경훈
대학교수
동명이인 노출기준
이 정보가 표시된 이유",이경훈공공기관인1960.이경훈영화배우2010.이경훈골프선수1991.이경훈대학교수이경훈기업인이경훈대학교수동명이인노출기준이정보가표시된이유
Lee Shi Won,2,이시원,1.0,1986-12-07,24,,,,,"이시원
영화배우, 탤런트","영화배우,탤런트"
Ha Seok Jin,8,하석진,0.0,1986-12-07,36,,,,,"하석진
탤런트, 영화배우","탤런트,영화배우"
Im Hyun Joo,1,임현주,1.0,1986-12-07,7,,,,,"임현주
탤런트",탤런트
Park Soo Ae,3,박수애,1.0,1986-12-07,Notfound,,,,,"VIEW
전체 블로그 카페
기본뷰
타임라인뷰
멀티미디어뷰",전체블로그카페기본뷰타임라인뷰멀티미디어뷰
Kim Kang Woo,7,김강우,0.0,1986-12-07,19,,,,,"김강우
탤런트, 영화배우","탤런트,영화배우"
Kim Mi Sook,2,김미숙,1.0,1986-12-07,65,,,,,"김미숙
Misook Kim
탤런트, 영화배우","탤런트,영화배우"
Lee Yi Dam,1,이이담,1.0,1986-12-07,3,,,,,"이이담
영화배우",영화배우
Kim Da Mi,2,김다미,1.0,1986-12-07,3,,,,,"김다미
영화배우, 탤런트","영화배우,탤런트"
Kim Sung Cheol,4,김성철,0.0,1986-12-07,9,,,,,"김성철
뮤지컬배우, 영화배우","뮤지컬배우,영화배우"
Song Yoon Ah,5,송윤아,1.0,1986-12-07,27,,,,,"송윤아
탤런트, 영화배우","탤런트,영화배우"
Kim Soo Hyun,3,김수현,0.0,1986-12-07,16,,,,,"김수현
탤런트, 영화배우","탤런트,영화배우"
Kim Yo Han,2,김요한,0.0,1986-12-07,15,,,,,"김요한
가수",가수
Hwang Bo Reum Byeol,1,황보름,1.0,1986-12-07,Notfound,,,,,"네이버 도서이 정보가 표시된 이유
다른 사이트를 보시려면 클릭하세요다른 사이트 더보기",다른사이트를보시려면클릭하세요다른사이트더보기
Seo Hee Seon,1,서희선,1.0,1986-12-07,Notfound,,,,,"서희선
탤런트",탤런트
Shim Dal Gi,1,심달기,1.0,1986-12-07,8,,,,,"심달기
Dalgi Shim
영화배우",영화배우
Choi Bo Min,1,최보민,0.0,1986-12-07,10,,,,,"최보민
가수",가수
Lee Na Gyung,1,이나경,1.0,1986-12-07,8,,,,,"이나경
가수",가수
Heo Jung Hee,1,허정희,1.0,1986-12-07,2,,,,,"허정희
영화배우, 탤런트","영화배우,탤런트"
Won Jin Ah,5,원진아,1.0,1986-12-07,6,,,,,"원진아
Jin A Won
영화배우, 탤런트","영화배우,탤런트"
Yoo Ah In,3,유아인,0.0,1986-12-07,13,,,,,"유아인
탤런트, 영화배우","탤런트,영화배우"
Yang Ik Jun,2,양익준,0.0,1986-12-07,12,,,,,"양익준
영화감독, 영화배우","영화감독,영화배우"
Park Jung Min,2,박정민,0.0,1986-12-07,10,,,,,"박정민
영화배우",영화배우
Hyung Won,2,형원,0.0,1986-12-07,Notfound,,,,,"형원
가수",가수
Joo Se Bin,1,주세빈,1.0,1986-12-07,3,,,,,"주세빈
탤런트",탤런트
Park Eun Hye,4,박은혜,1.0,1986-12-07,39,,,,,"박은혜
탤런트, 영화배우","탤런트,영화배우"
Tony Ahn,1,토니안,0.0,1986-12-07,48,,,,,"토니안
안승호
가수",안승호가수
Jo Yoo Jung,1,조유정,1.0,1986-12-07,Notfound,,,,,"조유정
탤런트",탤런트
Ryu Eui Hyun,1,류의현,0.0,1986-12-07,11,,,,,"류의현
영화배우",영화배우
Cho Mi Yeon,1,조미연,1.0,1986-12-07,Notfound,,,,,"조미연
전 학교법인인",전학교법인인
Kim Min Ki,1,김민기,0.0,1986-12-07,Notfound,,,,,"김민기
金敏基
국회의원, 정당인","金敏基국회의원,정당인"
Kwon Young Eun,1,권영은,1.0,1986-12-07,1,,,,,"권영은
영화배우",영화배우
Jang Ki Yong,6,장기용,0.0,1986-12-07,19,,,,,"장기용
탤런트, 영화배우","탤런트,영화배우"
Choi Hee Seo,3,최희서,1.0,1986-12-07,7,,,,,"최희서
Moon Choi
영화배우",영화배우
Jin Kyung,2,진경,1.0,1986-12-07,Notfound,,,,,"진경
영화배우, 연극배우","영화배우,연극배우"
Im Soo Jung,3,임수정,1.0,1986-12-07,5,,,,,"임수정
영화배우, 탤런트","영화배우,탤런트"
Ahn Sol Bin,2,안솔빈,1.0,1986-12-07,20,,,,,"솔빈
안솔빈
가수, 탤런트","안솔빈가수,탤런트"
Han So Eun,3,한소은,1.0,1986-12-07,12,,,,,"한소은
Han So Eun
탤런트",탤런트
EXY,1,엑시,1.0,1986-12-07,Notfound,,,,,"엑시
추소정, EXY
가수, 탤런트","추소정,가수,탤런트"
I.L,1,그린,1.0,1986-12-07,Notfound,,,,,Notfound,정보없음
Ok Taec Yeon,5,옥택연,0.0,1986-12-07,28,,,,,"옥택연
가수, 영화배우","가수,영화배우"
Jung In Sun,5,정인선,1.0,1986-12-07,17,,,,,"정인선
탤런트, 영화배우","탤런트,영화배우"
Han Hyo Joo,2,한효주,1.0,1986-12-07,15,,,,,"한효주
탤런트, 영화배우","탤런트,영화배우"
Baek Sung Chul,2,백성철,0.0,1986-12-07,Notfound,,,,,"백성철
모델",모델
Lee Young Ae,2,이영애,1.0,1986-12-07,21,,,,,"이영애
영화배우, 탤런트","영화배우,탤런트"
Kim Hye Joon,2,김혜준,1.0,1986-12-07,13,,,,,"김혜준
영화배우, 탤런트","영화배우,탤런트"
Jo Hyun Chul,1,조현철,0.0,1986-12-07,8,,,,,"조현철
영화배우",영화배우
Cha Joo Young,1,차주영,1.0,1986-12-07,11,,,,,"차주영
탤런트",탤런트
Kim Su Hyun,2,김수현,1.0,1986-12-07,16,,,,,"김수현
탤런트, 영화배우","탤런트,영화배우"
Lee Hee Joon,2,이희준,0.0,1986-12-07,20,,,,,"이희준
영화배우, 탤런트","영화배우,탤런트"
Park Ho San,2,박호산,0.0,1986-12-07,24,1997.0,,0.0,0.0,"박호산
박정환
뮤지컬배우, 연극배우","박정환뮤지컬배우,연극배우"
Ong Seong Wu,3,옹성우,0.0,1986-12-07,10,,,,,"옹성우
ONG SEONG WU
탤런트, 영화배우","탤런트,영화배우"
Jun Ji Hyun,2,전지현,1.0,1986-12-07,6,,,,,"전지현
영화배우",영화배우
Joo Ji Hoon,6,주지훈,0.0,1986-12-07,14,,,,,"주지훈
탤런트, 영화배우","탤런트,영화배우"
Jang Eui Soo,3,장의수,0.0,1986-12-07,10,,,,,"장의수
Eui Soo Jang
탤런트, 모델","탤런트,모델"
Lee Chan Hyung,1,이찬형,0.0,1986-12-07,Notfound,,,,,"이찬형
Chan Hyeong Lee
탤런트",탤런트
Han So Hee,4,한소희,1.0,1986-12-07,11,,,,,"한소희
탤런트",탤런트
Go Hyun Jung,4,고현정,1.0,1986-12-07,21,,,,,"고현정
탤런트, 미스코리아","탤런트,미스코리아"
Bae Yoon Kyung,1,배윤경,1.0,1986-12-07,16,,,,,"배윤경
탤런트",탤런트
Choi Byung Chan,2,최병찬,0.0,1986-12-07,7,,,,,"최병찬
탤런트",탤런트
Han Da Gam,2,한은정,1.0,1986-12-07,38,,,,,"한다감
한은정
탤런트, 영화배우","한은정탤런트,영화배우"
Han Sang Jin,2,한상진,0.0,1986-12-07,Notfound,,,,,"한상진
기자",기자
Shim Ji Ho,3,심지호,0.0,1986-12-07,19,,,,,"심지호
탤런트, 영화배우","탤런트,영화배우"
Park Yeon Ah,1,박연아,1.0,1986-12-07,4,,,,,"박연아
영화배우",영화배우
Lee So E,1,이소이,1.0,1986-12-07,Notfound,,,,,"이소이
탤런트",탤런트
Ma Hyun Ji,1,마현지,1.0,1986-12-07,7,,,,,"마현지
탤런트, 영화배우","탤런트,영화배우"
Jung Su Bin,1,정수빈,0.0,1986-12-07,8,,,,,"정수빈NO.31
두산 베어스
외야수 · 좌투좌타",두산베어스외야수·좌투좌타
Oh Jae Woong,1,오재웅,0.0,1986-12-07,4,,,,,"오재웅
탤런트, 전 피겨스케이팅선수","탤런트,전피겨스케이팅선수"
Shin So Hyun,1,신소현,1.0,1986-12-07,Notfound,,,,,"신소현
Shin So Hyun
탤런트",탤런트
Choi Ji Su,2,최지수,1.0,1986-12-07,8,,,,,"최지수
탤런트, 영화배우","탤런트,영화배우"
Ji Hyun Woo,8,지현우,0.0,1986-12-07,28,,,,,"지현우
영화배우, 가수","영화배우,가수"
Kang Eun Tak,5,강은탁,0.0,1986-12-07,10,,,,,"강은탁
신슬기
탤런트",신슬기탤런트
Yoo Jae Myung,5,유재명,0.0,1986-12-07,23,,,,,"유재명
You Chea Myung
영화배우",영화배우
Han Ye Ri,7,한예리,1.0,1986-12-07,13,,,,,"한예리
김예리, Yeri Han
영화배우, 탤런트","김예리,영화배우,탤런트"
Uhm Tae Goo,2,엄태구,0.0,1986-12-07,9,,,,,"엄태구
영화배우, 탤런트","영화배우,탤런트"
Hwang Hee,2,황희,0.0,1986-12-07,Notfound,,,,,"황희
국회의원, 전 장관","국회의원,전장관"
Lee Ha Nee,5,이하늬,1.0,1986-12-07,19,,,,,"이하늬
Ha Nee Lee
탤런트, 미스코리아","탤런트,미스코리아"
Park Ha Sun,4,박하선,1.0,1986-12-07,31,,,,,"박하선
Ha Seon Park
탤런트, 영화배우","탤런트,영화배우"
Lee Jung Jae,3,이정재,0.0,1986-12-07,14,,,,,"이정재
영화배우, 탤런트","영화배우,탤런트"
Jung Ho Yeon,1,정호연,1.0,1986-12-07,Notfound,,,,,"정호연
모델",모델
Cho Yeo Jung,6,조여정,1.0,1986-12-07,26,,,,,"조여정
탤런트, 영화배우","탤런트,영화배우"
Kim Jee Soo,4,김지수,1.0,1986-12-07,Notfound,,,,,"같은 이름 다른 인물
김지수
영화배우
김지수
축구선수
2004.
지수
영화배우
김지수
영화배우
김지수
가수
1990.
김지수
기자
동명이인 노출기준
이 정보가 표시된 이유",김지수영화배우김지수축구선수2004.지수영화배우김지수영화배우김지수가수1990.김지수기자동명이인노출기준이정보가표시된이유
Park Se Jin,1,박세진,1.0,1986-12-07,Notfound,,,,,"같은 이름 다른 인물
박세진
영화배우
1996.
박세진
야구선수
1997.
박세진
축구선수
2004.
박세진
농구선수
1993.
박세진
요리전문가
박세진
탤런트
1999.
동명이인 노출기준
이 정보가 표시된 이유",박세진영화배우1996.박세진야구선수1997.박세진축구선수2004.박세진농구선수1993.박세진요리전문가박세진탤런트1999.동명이인노출기준이정보가표시된이유
Gong Hyun Joo,2,공현주,1.0,1986-12-07,28,,,,,"공현주
Kong Hyun Joo
탤런트, 플로리스트","탤런트,플로리스트"
Ryu Joon Yeol,3,류준열,0.0,1986-12-07,7,,,,,"류준열
영화배우, 탤런트","영화배우,탤런트"
Kim Yoo Jung,6,김유정,1.0,1986-12-07,33,,,,,"김유정
영화배우, 탤런트","영화배우,탤런트"
Gong Myung,5,공명,0.0,1986-12-07,Notfound,,,,,Notfound,정보없음
Kim Seon Ho,7,김선호,0.0,1986-12-07,10,,,,,"김선호
연극배우",연극배우
Ji Jin Hee,7,지진희,0.0,1986-12-07,28,,,,,"지진희
탤런트, 영화배우","탤런트,영화배우"
Kim Hye Eun,2,김혜은,1.0,1986-12-07,36,,,,,"김혜은
탤런트, 영화배우","탤런트,영화배우"
Kim Bo Ra,3,김보라,1.0,1986-12-07,28,,,,,"김보라
Bo Ra Kim
영화배우",영화배우
Kim Hong Pa,1,김홍파,0.0,1986-12-07,20,,,,,"김홍파
영화배우",영화배우
Kim Sae Ron,4,김새론,1.0,1986-12-07,16,,,,,"김새론
영화배우",영화배우
Yang Hong Seok,1,양홍석,0.0,1986-12-07,Notfound,,,,,"양홍석
창원 LG 세이커스
포워드",창원세이커스포워드
Song Ji Hyo,5,송지효,1.0,1986-12-07,18,,,,,"송지효
Song Ji Hyo
영화배우, 탤런트","영화배우,탤런트"
Jung Yoo Min,1,정유민,1.0,1986-12-07,23,,,,,"정유민
탤런트, 영화배우","탤런트,영화배우"
Choi Myung Gil,4,최명길,1.0,1986-12-07,43,,,,,"최명길
탤런트, 영화배우","탤런트,영화배우"
So Yi Hyun,3,소이현,1.0,1986-12-07,34,2001.0,,0.0,0.0,"소이현
조우정
탤런트, 영화배우","조우정탤런트,영화배우"
Shin Jung Yoon,1,신정윤,0.0,1986-12-07,4,,,,,"신정윤
Shin Jung Yun
탤런트",탤런트
Nam Gyu Ri,4,남규리,1.0,1986-12-07,17,,,,,"남규리
영화배우, 가수","영화배우,가수"
Kim Min Jung,5,김민정,1.0,1986-12-07,32,,,,,"김민정
영화배우, 탤런트","영화배우,탤런트"
Go Woo Jin,1,고우진,0.0,1986-12-07,4,,,,,"고우진
탤런트, 가수","탤런트,가수"
Lee Sae On,1,이세온,0.0,1986-12-07,4,,,,,"이세온
탤런트",탤런트
Choe Chan Yi,1,최찬이,0.0,1986-12-07,7,,,,,"최찬이
탤런트",탤런트
Kim Ga Eun,5,김가은,1.0,1986-12-07,29,,,,,"김가은
탤런트",탤런트
Jung Jae Young,5,정재영,0.0,1986-12-07,5,,,,,"정재영
영화배우",영화배우
Yang Hye Ji,2,양혜지,1.0,1986-12-07,Notfound,,,,,"양혜지
탤런트",탤런트
Lee Yeol Eum,4,이열음,1.0,1986-12-07,15,,,,,"이열음
영화배우, 탤런트","영화배우,탤런트"
Lee Shi Ah,1,이시아,1.0,1986-12-07,8,,,,,"이시아
영화배우, 탤런트","영화배우,탤런트"
Han Hyun Min,2,한현민,0.0,1986-12-07,12,,,,,"한현민
모델, 탤런트","모델,탤런트"
Park Se Wan,4,박세완,1.0,1986-12-07,13,2016.0,,0.0,0.0,"박세완
영화배우",영화배우
Choi Young Jae,1,최영재,0.0,1986-12-07,11,,,,,"최영재
Choi Young Jae
방송인, 대학교수","방송인,대학교수"
Shin Hyun Seung,1,신현승,0.0,1986-12-07,Notfound,,,,,"신현승
탤런트",탤런트
Minnie,1,김승민,0.0,1986-12-07,Notfound,,,,,"김승민
Kim Seungmin
가수",가수
Terris Brown,1,강기영,0.0,1986-12-07,24,,,,,"강기영
Ki Young Kang
영화배우, 탤런트","영화배우,탤런트"
Jo Jung Suk,6,조정석,0.0,1986-12-07,11,,,,,"조정석
뮤지컬배우, 탤런트","뮤지컬배우,탤런트"
Kim Dae Myung,2,김대명,0.0,1986-12-07,7,,,,,"김대명
영화배우, 뮤지컬배우","영화배우,뮤지컬배우"
Park Ji Hoon,3,박지훈,0.0,1986-12-07,6,,,,,"박지훈
PARK JI HOON
가수, 배우","가수,배우"
Lee Tae Gon,2,이태곤,0.0,1986-12-07,29,,,,,"이태곤
Lee Tae Gon
탤런트, 모델","탤런트,모델"
Jeon Noh Min,2,전노민,0.0,1986-12-07,49,,,,,"전노민
전재용
탤런트, 영화배우","전재용탤런트,영화배우"
Eugene,4,유진,1.0,1986-12-07,Notfound,,,,,"유진
김유진
영화배우, 탤런트","김유진영화배우,탤런트"
Go Sung Min,1,고성민,1.0,1986-12-07,3,,,,,"고성민
가수",가수
Min Chan Ki,2,민찬기,0.0,1986-12-07,9,,,,,"민찬기
탤런트, 전 프로게이머","탤런트,전프로게이머"
Lee Il Hwa,3,이일화,1.0,1986-12-07,66,,,,,"이일화
영화배우, 탤런트","영화배우,탤런트"
Han Seung Yeon,5,한승연,1.0,1986-12-07,29,,,,,"한승연
가수, 탤런트","가수,탤런트"
Tang Jun Sang,2,탕준상,0.0,1986-12-07,5,,,,,"탕준상
Jun Sang Tang
영화배우, 뮤지컬배우","영화배우,뮤지컬배우"
Son Sang Yeon,1,손상연,0.0,1986-12-07,6,,,,,"손상연
방송연예인",방송연예인
Kim Kang Hoon,1,김강훈,0.0,1986-12-07,13,,,,,"김강훈
방송연예인",방송연예인
Kim Do Wan,1,김도완,0.0,1986-12-07,11,,,,,"김도완
영화배우, 탤런트","영화배우,탤런트"
Hong Seung Hee,1,홍승희,1.0,1986-12-07,10,,,,,"홍승희
탤런트",탤런트
Shin Do Hyun,2,신도현,1.0,1986-12-07,11,2017.0,0.0,0.0,,"신도현
탤런트",탤런트
Park Bo Young,4,박보영,1.0,1986-12-07,15,,,,,"박보영
영화배우, 탤런트","영화배우,탤런트"
Jung Ji So,2,정지소,1.0,1986-12-07,18,,,,,"정지소
탤런트, 영화배우","탤런트,영화배우"
Jeong Yun Ho,1,정윤호,0.0,1986-12-07,Notfound,,,,,"같은 이름 다른 인물
정윤호
개인사업자
1984.
유노윤호
가수
1986.
정윤호
개그맨
1986.
윤호
가수
1999.
정윤호
마술사
1996.
정윤호
뮤지컬배우
1988.
동명이인 노출기준
이 정보가 표시된 이유",정윤호개인사업자1984.유노윤호가수1986.정윤호개그맨1986.윤호가수1999.정윤호마술사1996.정윤호뮤지컬배우1988.동명이인노출기준이정보가표시된이유
Go Min Si,3,고민시,1.0,1986-12-07,13,,,,,"고민시
영화배우, 탤런트","영화배우,탤런트"
Lee Joon Hyuk,9,이준혁,0.0,1986-12-07,27,,,,,"이준혁
Lee Jun Hyuk
탤런트, 영화배우","탤런트,영화배우"
Yeon Woo Jin,7,연우진,0.0,1986-12-07,17,,,,,"연우진
김봉회
탤런트, 영화배우","김봉회탤런트,영화배우"
Ryu Hye Young,2,류혜영,1.0,1986-12-07,5,2007.0,0.0,0.0,,"류혜영
Hye Young Ryu
영화배우",영화배우
Kim Myung Min,3,김명민,0.0,1986-12-07,16,,,,,"김명민
탤런트, 영화배우","탤런트,영화배우"
Choi Jung Yoon,1,최정윤,1.0,1986-12-07,Notfound,,,,,"최정윤
탤런트, 영화배우","탤런트,영화배우"
Ahn Jae Mo,3,안재모,0.0,1986-12-07,37,,,,,"안재모
탤런트, 영화배우","탤런트,영화배우"
Bae Seul Gi,1,배슬기,1.0,1986-12-07,15,,,,,"배슬기
Seul Ki Bae
영화배우, 가수","영화배우,가수"
Park Hyung Joon,1,박형준,0.0,1986-12-07,4,,,,,"박형준
朴亨埈, Park Heong Joon
부산시장, 전 대학교수","朴亨埈,부산시장,전대학교수"
Sean Richard,2,리차드,0.0,1986-12-07,Notfound,,,,,Notfound,정보없음
Liv Hewson,2,,,1986-12-07,Notfound,,,,,"영어사전
다른 어학정보16",다른어학정보16
Justin Chon,2,전지태,0.0,1986-12-07,Notfound,,,,,동영상이 정보가 표시된 이유,동영상이정보가표시된이유
Henry Lau,1,김헨리,0.0,1986-12-07,Notfound,,,,,"김헨리
영화배우",영화배우
Brett Gray,1,,,1986-12-07,Notfound,,,,,"영어사전
다른 어학정보16",다른어학정보16
Im Na Young,1,임나영,1.0,1986-12-07,13,,,,,"임나영
가수, 탤런트","가수,탤런트"
Kwon Hyun Bin,2,권현빈,0.0,1986-12-07,18,,,,,"권현빈
비니, VIINI
탤런트, 가수","비니,탤런트,가수"
Lee Jung Sic,1,이정식,0.0,1986-12-07,Notfound,,,,,"이정식
장관, 전 노동조합단체인","장관,전노동조합단체인"
Jang Dong Joo,1,장동주,0.0,1986-12-07,10,,,,,"장동주
탤런트, 영화배우","탤런트,영화배우"
Choi Hye Jin,1,최혜진,1.0,1986-12-07,Notfound,,,,,"최혜진
롯데 골프단
골프선수",롯데골프단골프선수
Dylan,1,박연재,0.0,1986-12-07,Notfound,,,,,"박연재
공무원",공무원
Lee Hyun Ho,1,이현호,0.0,1986-12-07,Notfound,,,,,"같은 이름 다른 인물
이현호
전 야구선수
1992.
이현호
기업인
1968.
이현호
탤런트
1998.
이현호
시인
이현호
축구선수
1988.
이현호
연극배우
동명이인 노출기준
이 정보가 표시된 이유",이현호전야구선수1992.이현호기업인1968.이현호탤런트1998.이현호시인이현호축구선수1988.이현호연극배우동명이인노출기준이정보가표시된이유
Kim Na Yun,1,김나윤,1.0,1986-12-07,Notfound,,,,,"같은 이름 다른 인물
김나윤
기업인
1994.
김나윤
리포터
1991.
김나윤
가수
하은섬
탤런트
1974.
김나윤
연극배우
1971.
김나윤
보디빌더
김나윤
영화감독
김나윤
영화배우
김나윤
광역의원
김나윤
모델
1985.
김나윤
미용전문가
김나윤
배우
1998.
김나윤
기업인
1962.
김나윤
영화기획자
김나윤
기자
다음
동명이인 노출기준
이 정보가 표시된 이유",김나윤기업인1994.김나윤리포터1991.김나윤가수하은섬탤런트1974.김나윤연극배우1971.김나윤보디빌더김나윤영화감독김나윤영화배우김나윤광역의원김나윤모델1985.김나윤미용전문가김나윤배우1998.김나윤기업인1962.김나윤영화기획자김나윤기자다음동명이인노출기준이정보가표시된이유
Ki Do Hoon,2,기도훈,0.0,1986-12-07,11,,,,,"기도훈
탤런트, 모델","탤런트,모델"
Park In Hwan,1,박인환,0.0,1986-12-07,73,,,,,"박인환
탤런트, 영화배우","탤런트,영화배우"
Kim Kwang Gyu,2,김광규,0.0,1986-12-07,57,,,,,"김광규
영화배우, 탤런트","영화배우,탤런트"
Lee Bo Hee,2,이보희,1.0,1986-12-07,47,,,,,"이보희
조영숙
탤런트, 영화배우","조영숙탤런트,영화배우"
Hong Eun Hee,1,홍은희,1.0,1986-12-07,27,,,,,"홍은희
탤런트",탤런트
Yoon Joo Sang,1,윤주상,0.0,1986-12-07,67,,,,,"윤주상
연극배우, 탤런트","연극배우,탤런트"
Jeon Hye Bin,6,전혜빈,1.0,1986-12-07,38,,,,,"전혜빈
탤런트, 영화배우","탤런트,영화배우"
Kim So Hyun,8,김소현,1.0,1986-12-07,Notfound,,,,,"김소현
영화배우",영화배우
Won Tae Min,1,원,0.0,1986-12-07,6,,,,,"지식백과
어린이백과학생백과",어린이백과학생백과
Song Jae Rim,7,송재림,0.0,1986-12-07,20,,,,,"송재림
탤런트",탤런트
Cha Min Ji,1,차민지,1.0,1986-12-07,17,,,,,"차민지
영화배우",영화배우
Hyun Woo,4,"현우
",0.0,1986-12-07,Notfound,,,,,Notfound,정보없음
Lee Joo Young,2,이주영,1.0,1986-12-07,Notfound,,,,,"이주영
Lee Joo Young
영화배우",영화배우
Moon Jung Hee,3,문정희,1.0,1986-12-07,24,,,,,"문정희
Moon Jeong Hee
영화배우, 뮤지컬배우","영화배우,뮤지컬배우"
Eum Moon Suk,1,음문석,0.0,1986-12-07,10,,,,,"음문석
가수, 탤런트","가수,탤런트"
Lee Re,2,"이레
",1.0,1986-12-07,Notfound,,,,,Notfound,정보없음
Choi Kang Hee,6,최강희,1.0,1986-12-07,34,,,,,"최강희
탤런트, 영화배우","탤런트,영화배우"
Park Shin Hye,3,박신혜,1.0,1986-12-07,28,2003.0,,0.0,1.0,"박신혜
탤런트, 영화배우","탤런트,영화배우"
Lee So Yeon,4,이소연,1.0,1986-12-07,24,,,,,"이소연
영화배우, 탤런트","영화배우,탤런트"
Choi Yeo Jin,5,최여진,1.0,1986-12-07,47,,,,,"최여진
탤런트, 영화배우","탤런트,영화배우"
Kyung Sung Hwan,1,경성환,0.0,1986-12-07,3,,,,,"경성환
景盛煥, Kyung Sung Hwan
영화배우, 탤런트","景盛煥,영화배우,탤런트"
Lee Sang Bo,1,이상보,0.0,1986-12-07,10,,,,,"이상보
탤런트, 영화배우","탤런트,영화배우"
Choi Yoo Hwa,3,최유화,1.0,1986-12-07,13,,,,,"최유화
영화배우, 탤런트","영화배우,탤런트"
Kim Young Ah,1,김영아,1.0,1986-12-07,2,,,,,"김영아
탤런트, 모델","탤런트,모델"
Shim Eun Woo,1,심은우,1.0,1986-12-07,9,,,,,"심은우
Eun Woo Sim
영화배우",영화배우
Ryu Hwa Young,6,류화영,1.0,1986-12-07,12,,,,,"류화영
Hwa Young Ryu
탤런트",탤런트
Ahn Jung Hun,1,안정훈,0.0,1986-12-07,51,,,,,"안정훈
탤런트, 영화배우","탤런트,영화배우"
Lee Joo Bin,1,이주빈,1.0,1986-12-07,15,,,,,"이주빈
탤런트",탤런트
Lee Kyu Han,3,이규한,0.0,1986-12-07,45,,,,,"이규한
Lee Kyu Han
탤런트, 영화배우","탤런트,영화배우"
Hur Hyun Jun,1,허현준,0.0,1986-12-07,Notfound,,,,,Notfound,정보없음
So Ju Yeon,4,소주연,1.0,1986-12-07,11,,,,,"소주연
탤런트, 영화배우","탤런트,영화배우"
Yeo Hoe Hyun,3,여회현,0.0,1986-12-07,14,,,,,"여회현
영화배우, 탤런트","영화배우,탤런트"
Han Se Jin,2,이세진,0.0,1986-12-07,10,,,,,"한세진
이세진
영화배우",이세진영화배우
Ko Jae Hyun,1,고재현,0.0,1986-12-07,Notfound,,,,,"고재현NO.17
대구 FC
FW 공격수",대구공격수
Steve Noh,1,스티브,0.0,1986-12-07,Notfound,,,,,"같은 이름 다른 인물
스티브
가수
2002.
스티브
마술사
스티브
영화배우
스티브
영화제작자
스티브
영화배우
스티브
영화배우
스티브
영화감독
스티브
영화프로듀서
Stiv
음악인
다음
동명이인 노출기준
이 정보가 표시된 이유",스티브가수2002.스티브마술사스티브영화배우스티브영화제작자스티브영화배우스티브영화배우스티브영화감독스티브영화프로듀서음악인다음동명이인노출기준이정보가표시된이유
Lee Yi Kyung,7,이이경,0.0,1986-12-07,48,,,,,"이이경
영화배우",영화배우
Shin Se Kyung,6,신세경,1.0,1986-12-07,16,,,,,"신세경
Sae Kyeong Shin
탤런트, 영화배우","탤런트,영화배우"
Park You Na,1,박유나,1.0,1986-12-07,12,,,,,"박유나
Park Youna
탤런트",탤런트
Lee Sang,1,이상,0.0,1986-12-07,Notfound,,,,,Notfound,정보없음
Kang In Soo,1,강인수,0.0,1986-12-07,5,,,,,"강인수
가수, 탤런트","가수,탤런트"
Kim Noh Jin,1,김노진,1.0,1986-12-07,8,,,,,"김노진
영화배우",영화배우
Han Sung Yun,1,한성연,1.0,1986-12-07,6,,,,,"한성연
탤런트",탤런트
Lee Han Ik,1,이한익,0.0,1986-12-07,8,,,,,"이한익
뮤지컬배우",뮤지컬배우
Go Jun,3,"고준
",0.0,1986-12-07,Notfound,,,,,Notfound,정보없음
Yoon Sun Woo,1,윤선우,0.0,1986-12-07,13,,,,,"윤선우
탤런트, 연극배우","탤런트,연극배우"
Cho Byeong Kyu,3,조병규,0.0,1986-12-07,20,,,,,"조병규
탤런트",탤런트
Ahn Suk Hwan,1,안석환,0.0,1986-12-07,74,,,,,"안석환
탤런트, 영화배우","탤런트,영화배우"
Kim Sa Rang,2,김사랑,1.0,1986-12-07,11,,,,,"김사랑
탤런트, 미스코리아","탤런트,미스코리아"
Jung Man Shik,2,정만식,0.0,1986-12-07,28,,,,,"정만식
영화배우, 연극배우","영화배우,연극배우"
Jung Da Bin,2,정다빈,1.0,1986-12-07,Notfound,,,,,"정다빈
영화배우, 탤런트","영화배우,탤런트"
Noh Jong Hyun,2,노종현,0.0,1986-12-07,Notfound,,,,,"노종현
탤런트",탤런트
Yoon Bo Mi,1,윤보미,1.0,1986-12-07,28,,,,,"윤보미
가수",가수
Gong Min Jung,1,김민정,1.0,1986-12-07,32,,,,,"김민정
영화배우, 탤런트","영화배우,탤런트"
Uhm Ji Won,4,엄지원,1.0,1986-12-07,17,,,,,"엄지원
영화배우, 탤런트","영화배우,탤런트"
Choi Ri,3,"최리
",1.0,1986-12-07,Notfound,,,,,Notfound,정보없음
Jung Woong In,6,정웅인,0.0,1986-12-07,43,,,,,"정웅인
영화배우, 탤런트","영화배우,탤런트"
Kwon Sang Woo,3,권상우,0.0,1986-12-07,21,,,,,"권상우
영화배우, 탤런트","영화배우,탤런트"
Bae Sung Woo,2,배성우,0.0,1986-12-07,5,,,,,"배성우
Seong Woo Bae
영화배우, 연극배우","영화배우,연극배우"
Jung Woo Sung,1,정우성,0.0,1986-12-07,7,,,,,"정우성
영화배우, 탤런트","영화배우,탤런트"
Kim Joo Hyun,3,김주현,1.0,1986-12-07,Notfound,,,,,"김주현
금융위원장, 전 준정부기관인","금융위원장,전준정부기관인"
Lee Jin Sol,1,이진솔,1.0,1986-12-07,9,,,,,"이진솔
가수",가수
Kim Joon Kyung,1,김준경,0.0,1986-12-07,6,,,,,"김준경
Junkyung Kim
영화배우",영화배우
Lee Seo Bin,1,이서빈,1.0,1986-12-07,Notfound,,,,,"이서빈
미스코리아, 탤런트","미스코리아,탤런트"
Jung Jay,1,정재호,0.0,1986-12-07,Notfound,,,,,"정재호
외무공무원, 대학교수","외무공무원,대학교수"
Eric Mun,3,"에릭
",0.0,1986-12-07,Notfound,,,,,Notfound,정보없음
Bae Suzy,4,배수지,1.0,1986-12-07,14,,,,,"수지
배수지
가수, 영화배우","배수지가수,영화배우"
Tae Won Seok,2,태원석,0.0,1986-12-07,9,,,,,"태원석
영화배우",영화배우
Go Ah Ra,5,고아라,1.0,1986-12-07,12,,,,,"고아라
탤런트, 영화배우","탤런트,영화배우"
Kim Jung Eun,3,김정은,1.0,1986-12-07,Notfound,,,,,"김정은
북한정치인",북한정치인
Kim Dong Jun,4,김동준,0.0,1986-12-07,27,,,,,"김동준
金桐俊, DONG JUN KIM
탤런트, 영화배우","金桐俊,탤런트,영화배우"
Choi Chan Ho,1,최찬호,0.0,1986-12-07,4,,,,,"최찬호
Choi Chan Ho
탤런트",탤런트
Baek Soo Min,1,백수민,1.0,1986-12-07,2,,,,,"백수민
영화배우, 작가","영화배우,작가"
Jung Yu Mi,2,정유미,1.0,1986-12-07,12,,,,,"정유미
영화배우, 탤런트","영화배우,탤런트"
Yoon Sang Hyun,5,윤상현,0.0,1986-12-07,Notfound,,,,,"윤상현
尹相現, Sang Hyun Yoon
국회의원","尹相現,국회의원"
Jeong Bo Seok,1,정보석,0.0,1986-12-07,65,,,,,"정보석
탤런트, 영화배우","탤런트,영화배우"
Jeon In Hwa,2,전인화,1.0,1986-12-07,27,,,,,"전인화
탤런트, 영화배우","탤런트,영화배우"
Cheon Seung Ho,1,천승호,0.0,1986-12-07,4,,,,,"천승호
탤런트",탤런트
Yeon Je Hyung,1,연제형,0.0,1986-12-07,12,,,,,"연제형
영화배우",영화배우
Oh Dong Min,1,오동민,0.0,1986-12-07,17,,,,,"오동민
吳東旼, Dong Min Oh
영화배우, 연극배우","吳東旼,영화배우,연극배우"
Shin Se Hwi,1,신세휘,1.0,1986-12-07,5,,,,,"신세휘
영화배우",영화배우
Park Seung Ji,1,박승지,0.0,1986-12-07,1,,,,,"박승지
Seung Ji Park
모델",모델
Lee Shi Kang,3,이시강,0.0,1986-12-07,9,,,,,"이시강
탤런트, 가수","탤런트,가수"
Uhm Hyun Kyung,6,엄현경,1.0,1986-12-07,29,,,,,"엄현경
탤런트",탤런트
Park Bo Gum,5,박보검,0.0,1986-12-07,16,,,,,"박보검
영화배우, 탤런트","영화배우,탤런트"
Park So Dam,4,박소담,1.0,1986-12-07,8,,,,,"박소담
So Dam Park
영화배우",영화배우
Kwon Hwa Woon,1,권화운,0.0,1986-12-07,12,,,,,"권화운
영화배우, 연극배우","영화배우,연극배우"
Yeon Jung Hoon,5,연정훈,0.0,1986-12-07,27,,,,,"연정훈
Jung Hoon Youn
탤런트, 영화배우","탤런트,영화배우"
Im Ju Eun,3,임주은,1.0,1986-12-07,11,,,,,"임주은
Ju Eun Lim
탤런트",탤런트
Go Na Hee,1,고나희,1.0,1986-12-07,8,,,,,"고나희
탤런트",탤런트
Lee Ruby,1,이루비,1.0,1986-12-07,Notfound,,,,,"이루비
탤런트",탤런트
Kim Young Hoon,2,김영훈,0.0,1986-12-07,3,,,,,"김영훈
영화제작자, 연예기획자","영화제작자,연예기획자"
Song Geon Hee,1,송건희,0.0,1986-12-07,9,,,,,"송건희
Geon Hee Song
탤런트",탤런트
Lee Da In,1,이다인,1.0,1986-12-07,9,,,,,"이다인
탤런트",탤런트
Seola,1,김현정,1.0,1986-12-07,Notfound,,,,,"같은 이름 다른 인물
김현정
가수
김현정
가수
김현정
정당인
김현정
PD
김현정
피아니스트
1978.
김현정
영화배우
동명이인 노출기준
이 정보가 표시된 이유",김현정가수김현정가수김현정정당인김현정김현정피아니스트1978.김현정영화배우동명이인노출기준이정보가표시된이유
Song Chae Yun,1,송채윤,1.0,1986-12-07,6,,,,,"송채윤
탤런트",탤런트
An So Jin,1,한가림,1.0,1986-12-07,14,,,,,"안소진
한가림
영화배우, 탤런트","한가림영화배우,탤런트"
Jung Young Ki,1,정영기,0.0,1986-12-07,15,,,,,"정영기
영화배우",영화배우
Joo Bo Bi,1,주보비,1.0,1986-12-07,4,,,,,"주보비
영화배우, 연극배우","영화배우,연극배우"
Hwang Seung Eon,4,황승언,1.0,1986-12-07,26,,,,,"황승언
영화배우, 탤런트","영화배우,탤런트"
Choi Moo Sung,2,최무성,0.0,1986-12-07,19,,,,,"최무성
최명수
영화배우, 연극배우","최명수영화배우,연극배우"
Park Geon Il,1,박건일,0.0,1986-12-07,16,,,,,"박건일
영화배우",영화배우
Hong Bi Ra,1,홍비라,1.0,1986-12-07,5,,,,,"홍비라
탤런트",탤런트
Lee Hyun Yi,1,이현이,1.0,1986-12-07,33,,,,,"이현이
모델, 방송인","모델,방송인"
Son Se Bin,1,손세빈,1.0,1986-12-07,9,,,,,"손세빈
Son Se Bin
탤런트, 영화배우","탤런트,영화배우"
Kim Jung Young,1,김정영,1.0,1986-12-07,19,,,,,"김정영
연극배우, 영화배우","연극배우,영화배우"
Im Hwa Young,1,임화영,1.0,1986-12-07,14,,,,,"임화영
Hwa Young Lim
영화배우, 탤런트","영화배우,탤런트"
Shin So Yool,2,신소율,1.0,1986-12-07,29,,,,,"신소율
영화배우",영화배우
Bae Soo Bin,4,배수빈,0.0,1986-12-07,23,,,,,"배수빈
탤런트, 영화배우","탤런트,영화배우"
Song Jong Ho,2,송종호,0.0,1986-12-07,27,,,,,"송종호
탤런트, 모델","탤런트,모델"
Kim Min Joon,1,김민준,0.0,1986-12-07,28,,,,,"김민준
영화배우",영화배우
Hwang Jung Eum,6,황정음,1.0,1986-12-07,25,,,,,"황정음
탤런트, 영화배우","탤런트,영화배우"
Jo Woo Ri,2,조우리,1.0,1986-12-07,14,,,,,"조우리
탤런트",탤런트
Lee Elijah,8,이엘리야,1.0,1986-12-07,12,,,,,"이엘리야
탤런트",탤런트
Ahn Nae Sang,2,안내상,0.0,1986-12-07,94,,,,,"안내상
영화배우, 탤런트","영화배우,탤런트"
Yoo Da In,2,유다인,1.0,1986-12-07,14,,,,,"유다인
영화배우",영화배우
Shim Yi Young,4,심이영,1.0,1986-12-07,31,,,,,"심이영
탤런트, 영화배우","탤런트,영화배우"
Choi Sung Jae,3,최성재,0.0,1986-12-07,10,,,,,"최성재
탤런트",탤런트
Jin Ye Sol,2,진예솔,1.0,1986-12-07,17,,,,,"진예솔
탤런트",탤런트
Won Ki Joon,1,원기준,0.0,1986-12-07,23,,,,,"원기준
탤런트, 뮤지컬배우","탤런트,뮤지컬배우"
Kim Do Yeon,1,김도연,1.0,1986-12-07,10,,0.0,1.0,0.0,"같은 이름 다른 인물
김도연
가수
김도연
탤런트
1991.
김도연
대학교수
김도연
아나운서
김도연
탤런트
김도연
쇼핑몰대표
1990.
동명이인 노출기준
이 정보가 표시된 이유",김도연가수김도연탤런트1991.김도연대학교수김도연아나운서김도연탤런트김도연쇼핑몰대표1990.동명이인노출기준이정보가표시된이유
Kim Min Kyu,1,김민규,0.0,1986-12-07,18,,,,,"김민규
탤런트",탤런트
Do Sang Woo,3,도상우,0.0,1986-12-07,15,,,,,"도상우
탤런트, 모델","탤런트,모델"
Bae Noo Ri,2,배누리,1.0,1986-12-07,23,,,,,"배누리
탤런트, 영화배우","탤런트,영화배우"
Shin Jae Ha,3,신재하,0.0,1986-12-07,19,,,,,"신재하
영화배우",영화배우
Won Mi Kyung,1,원미경,1.0,1986-12-07,22,,,,,"원미경
탤런트",탤런트
Kang Ji Young,1,강지영,1.0,1986-12-07,Notfound,,,,,"강지영
탤런트, 영화배우","탤런트,영화배우"
Yoon Gyung Ho,1,윤경호,0.0,1986-12-07,22,,,,,"윤경호
영화배우",영화배우
Han Gi Chan,1,한기찬,0.0,1986-12-07,5,,,,,"한기찬
탤런트",탤런트
Kim Eung Soo,2,김응수,0.0,1986-12-07,59,,,,,"김응수
영화배우",영화배우
Park Shi Hoo,5,박시후,0.0,1986-12-07,16,,,,,"박시후
朴施厚, Si Hoo Park
탤런트, 영화배우","朴施厚,탤런트,영화배우"
Sung Hyuk,2,홍성혁,0.0,1986-12-07,14,,,,,"성혁
탤런트, 영화배우","탤런트,영화배우"
Tae In Ho,1,태인호,0.0,1986-12-07,20,,,,,"태인호
박상연, Tae In Ho
영화배우","박상연,영화배우"
Park Ye Jin,1,박예진,1.0,1986-12-07,21,,,,,"박예진
Yejin Park
탤런트, 영화배우","탤런트,영화배우"
Jung So Ri,1,정소리,1.0,1986-12-07,2,,,,,"정소리
So Ri Jeong
영화배우",영화배우
Park Joon Mok,1,박준목,0.0,1986-12-07,Notfound,,,,,"박준목
탤런트, 모델","탤런트,모델"
Kim Young,1,"김영
",0.0,1986-12-07,Notfound,,,,,Notfound,정보없음
Moon Bo Ryung,2,문보령,1.0,1986-12-07,12,,,,,"문보령
탤런트, 뮤지컬배우","탤런트,뮤지컬배우"
Hyun Jyu Ni,1,현쥬니,1.0,1986-12-07,12,,,,,"현쥬니
탤런트, 가수","탤런트,가수"
Lee Jae Hwang,3,이재황,0.0,1986-12-07,18,,,,,"이재황
배우",배우
Kim Hyung Beom,1,김형범,0.0,1986-12-07,41,,,,,"김형범
탤런트",탤런트
Kim Dong Hee,1,김동희,0.0,1986-12-07,5,,,,,"김동희
탤런트",탤런트
Yoo In Young,5,유인영,1.0,1986-12-07,28,,,,,"유인영
영화배우, 탤런트","영화배우,탤런트"
Jin Se Yeon,6,진세연,1.0,1986-12-07,18,,,,,"진세연
탤런트, 영화배우","탤런트,영화배우"
Lee Jung Jin,2,이정진,0.0,1986-12-07,28,,,,,"이정진
영화배우",영화배우
Jung Eun Chae,2,정은채,1.0,1986-12-07,12,,,,,"정은채
영화배우, 탤런트","영화배우,탤런트"
Lee Min Ho,2,이민호,0.0,1986-12-07,16,,,,,"이민호
탤런트, 영화배우","탤런트,영화배우"
Lee Shin Young,1,이신영,0.0,1986-12-07,10,,,,,"이신영
탤런트",탤런트
Kim So Hye,3,김소혜,1.0,1986-12-07,18,,,,,"김소혜
가수, 탤런트","가수,탤런트"
Park Young Rin,2,박영린,1.0,1986-12-07,22,,,,,"박영린
탤런트",탤런트
Go Se Won,3,고세원,0.0,1986-12-07,33,,,,,"고세원
Se Won Ko
영화배우, 뮤지컬배우","영화배우,뮤지컬배우"
Kang Tae Sung,2,강성민,0.0,1986-12-07,26,,,,,"강성민
탤런트, 영화배우","탤런트,영화배우"
Lee Chang Wook,4,이창욱,0.0,1986-12-07,13,,,,,"이창욱
배우, 연극제작자","배우,연극제작자"
Park Sun Ho,5,박선호,0.0,1986-12-07,12,,,,,"박선호
탤런트",탤런트
Jo Dong Hyuk,2,조동혁,0.0,1986-12-07,29,,,,,"조동혁
영화배우, 탤런트","영화배우,탤런트"
Jung Hye In,2,정혜인,1.0,1986-12-07,9,,,,,"정혜인
영화배우, 탤런트","영화배우,탤런트"
Kim Min Sang,1,김민상,0.0,1986-12-07,27,,,,,"김민상
영화배우, 연극배우","영화배우,연극배우"
Ryu Deok Hwan,4,류덕환,0.0,1986-12-07,16,,,,,"류덕환
ClownRyu
영화배우, 영화감독","영화배우,영화감독"
Ahn Ji Ho,1,안지호,0.0,1986-12-07,5,,,,,"안지호
영화배우",영화배우
Seo Woo Jin,1,서우진,0.0,1986-12-07,Notfound,,,,,"서우진
Woo Jin Seo
탤런트",탤런트
Jo Min Soo,1,조민수,1.0,1986-12-07,31,,,,,"조민수
탤런트, 영화배우","탤런트,영화배우"
Park Seo Joon,6,박서준,0.0,1986-12-07,20,,,,,"박서준
탤런트, 영화배우","탤런트,영화배우"
Jung Yeon Joo,1,정연주,1.0,1986-12-07,Notfound,,,,,"정연주
영화배우, 탤런트","영화배우,탤런트"
Noh Kwang Shik,1,노광식,0.0,1986-12-07,1,,,,,"더노드
노광식, The Nod
DJ","노광식,"
Suho,3,"수호
",0.0,1986-12-07,Notfound,,,,,Notfound,정보없음
Shim Eun Kyung,1,심은경,1.0,1986-12-07,20,,,,,"심은경
영화배우, 탤런트","영화배우,탤런트"
Lee Tae Hwan,3,이태환,0.0,1986-12-07,19,,,,,"이태환
탤런트",탤런트
One,1,정제원,0.0,1986-12-07,6,,,,,"ONE
정제원
가수, 영화배우","정제원가수,영화배우"
Lee Chang Hoon,1,이창훈,0.0,1986-12-07,Notfound,,,,,"이창훈
탤런트, 영화배우","탤런트,영화배우"
Lee Sang Hee,2,이상희,1.0,1986-12-07,Notfound,,,,,"이상희
전 장관, 전 국회의원","전장관,전국회의원"
Jeon Sung Woo,1,전성우,0.0,1986-12-07,10,,,,,"전성우
뮤지컬배우, 탤런트","뮤지컬배우,탤런트"
Lee Si Eon,2,이시언,0.0,1986-12-07,35,,,,,"이시언
이보연
영화배우, 탤런트","이보연영화배우,탤런트"
Hyun Bin,3,"현빈
",0.0,1986-12-07,12,2003.0,,0.0,0.0,Notfound,정보없음
Min Jin Woong,1,민진웅,0.0,1986-12-07,10,,,,,"민진웅
영화배우",영화배우
Kim Seul Gi,4,김슬기,1.0,1986-12-07,27,,,,,"김슬기
Seul Ki Kim
탤런트, 영화배우","탤런트,영화배우"
Ahn Jae Hyun,5,안재현,0.0,1986-12-07,24,,,,,"안재현
탤런트, 모델","탤런트,모델"
Gu Won,2,"구원
",0.0,1986-12-07,Notfound,,,,,Notfound,정보없음
Heo Jung Min,2,허정민,0.0,1986-12-07,33,,,,,"허정민
허준혁
탤런트, 영화배우","허준혁탤런트,영화배우"
Chae Seo Jin,3,채서진,1.0,1986-12-07,6,2006.0,,0.0,0.0,"채서진
영화배우",영화배우
Kim Soo An,1,김수안,1.0,1986-12-07,4,,,,,"김수안
영화배우",영화배우
Jo A Young,1,조아영,1.0,1986-12-07,Notfound,,,,,"조아영
Ayoung Jo
영화배우, 탤런트","영화배우,탤런트"
Jung Shin Hye,1,정신혜,1.0,1986-12-07,12,,,,,"정신혜
배우",배우
Kim Hyung Suk,1,김형석,0.0,1986-12-07,Notfound,,,,,"같은 이름 다른 인물
김형석
대학교수
1920.
김형석
작곡가
1966.
김형석
탤런트
1991.
김형석
의사
1969.
김형석
영화배우
김형석
기업인
동명이인 노출기준
이 정보가 표시된 이유",김형석대학교수1920.김형석작곡가1966.김형석탤런트1991.김형석의사1969.김형석영화배우김형석기업인동명이인노출기준이정보가표시된이유
Kim Heung Soo,1,김흥수,0.0,1986-12-07,16,,,,,"김흥수
탤런트, 영화배우","탤런트,영화배우"
Oh Chae Yi,1,오채이,1.0,1986-12-07,1,,,,,"오채이
Chae Yi Oh
탤런트",탤런트
Lee Hae Woo,2,이해우,0.0,1986-12-07,6,,,,,"이해우
영화배우",영화배우
Oh Ji Ho,6,오지호,0.0,1986-12-07,35,,,,,"오지호
Ji Ho Oh
탤런트, 영화배우","탤런트,영화배우"
Youn Yuh Jung,2,윤여정,1.0,1986-12-07,71,,,,,"윤여정
탤런트, 영화배우","탤런트,영화배우"
Song Won Seok,4,송원석,0.0,1986-12-07,Notfound,,,,,"송원석
모델",모델
Moon Geun Young,2,문근영,1.0,1986-12-07,Notfound,,,,,"문근영
탤런트, 영화배우","탤런트,영화배우"
Kim Kwon,2,"김권
",0.0,1986-12-07,Notfound,,,,,Notfound,정보없음
Yang Se Jong,4,양세종,0.0,1986-12-07,8,,,,,"양세종
탤런트",탤런트
Lee Na Eun,2,이나은,1.0,1986-12-07,10,,,,,"이나은
탤런트",탤런트
Jo Yoon Hee,3,조윤희,1.0,1986-12-07,26,,,,,"조윤희
탤런트, 영화배우","탤런트,영화배우"
Jang Hyun Sung,2,장현성,0.0,1986-12-07,57,,,,,"장현성
탤런트, 영화배우","탤런트,영화배우"
Choi Gwi Hwa,2,최귀화,0.0,1986-12-07,16,,,,,"최귀화
영화배우",영화배우
Kim Tae Hoon,4,김태훈,0.0,1986-12-07,Notfound,,,,,"같은 이름 다른 인물
김태훈
야구선수
1992.
김태훈
영화배우
김태훈
팝칼럼니스트
김태훈
야구선수
1990.
김태훈
야구선수
1996.
김태훈
검사
동명이인 노출기준
이 정보가 표시된 이유",김태훈야구선수1992.김태훈영화배우김태훈팝칼럼니스트김태훈야구선수1990.김태훈야구선수1996.김태훈검사동명이인노출기준이정보가표시된이유
Jang Mi Hee,3,장미희,1.0,1986-12-07,21,,,,,"장미희
영화배우, 탤런트","영화배우,탤런트"
Park Hee Bon,2,박희본,1.0,1986-12-07,27,,,,,"박희본
Hee Von Park
영화배우, 탤런트","영화배우,탤런트"
Gong Hyo Jin,3,공효진,1.0,1986-12-07,15,,,,,"공효진
영화배우, 탤런트","영화배우,탤런트"
Jang Dong Gun,4,장동건,0.0,1986-12-07,18,,,,,"장동건
영화배우, 탤런트","영화배우,탤런트"
Bae Jong Ok,4,배종옥,1.0,1986-12-07,60,,,,,"배종옥
탤런트, 영화배우","탤런트,영화배우"
Kang Dae Hyun,1,강대현,0.0,1986-12-07,Notfound,,,,,"강대현
화제인물",화제인물
Kim Da Ye,1,김다예,1.0,1986-12-07,Notfound,,,,,"김다예
화제인물",화제인물
Lee Ho Won,3,이호원,0.0,1986-12-07,11,,,,,"이호원
호야
가수, 탤런트","호야가수,탤런트"
Ahn Jae Hong,2,안재홍,0.0,1986-12-07,10,,,,,"안재홍
영화배우",영화배우
Lee Seol,2,"이설
",1.0,1986-12-07,9,2016.0,,0.0,0.0,Notfound,정보없음
Hong Ji Yoon,2,홍지윤,1.0,1986-12-07,10,,,,,"홍지윤
Hong Ji Yun
가수",가수
Jung Young Joo,1,정영주,1.0,1986-12-07,19,,,,,"정영주
Young Ju Jeong
뮤지컬배우, 영화배우","뮤지컬배우,영화배우"
Han Ji Hye,2,한지혜,1.0,1986-12-07,21,,,,,"한지혜
이지혜
탤런트, 영화배우","이지혜탤런트,영화배우"
Oh Ji Eun,3,오지은,1.0,1986-12-07,15,,,,,"오지은
영화배우, 탤런트","영화배우,탤런트"
Choi Kyu Jin,1,최규진,0.0,1986-12-07,Notfound,,,,,"같은 이름 다른 인물
최규진
탤런트
1996.
최규진
기자
최규진
의사
최규진
기초의원
1986.
최규진
영화배우
1996.
최규진
이종격투기선수
1989.
최규진
레슬링선수
1985.
최규진
대학교수
1970.
최규진
스포츠기관단체인
1962.
최규진
영화배우
최규진
일러스트레이터
1979.
다음
동명이인 노출기준
이 정보가 표시된 이유",최규진탤런트1996.최규진기자최규진의사최규진기초의원1986.최규진영화배우1996.최규진이종격투기선수1989.최규진레슬링선수1985.최규진대학교수1970.최규진스포츠기관단체인1962.최규진영화배우최규진일러스트레이터1979.다음동명이인노출기준이정보가표시된이유
Lee Ki Woo,5,이기우,0.0,1986-12-07,30,2002.0,,0.0,0.0,"이기우
Ki Woo Lee
영화배우, 탤런트","영화배우,탤런트"
Park Shi Eun,2,박시은,1.0,1986-12-07,Notfound,,,,,"박시은
탤런트, 영화배우","탤런트,영화배우"
Kim Ho Jin,1,김호진,0.0,1986-12-07,37,,,,,"김호진
탤런트, 영화배우","탤런트,영화배우"
Seo Hye Jin,1,서혜진,1.0,1986-12-07,Notfound,,,,,"같은 이름 다른 인물
서혜진
변호사
1981.
서혜진
탤런트
1989.
서혜진
PD
서혜진
작가
1981.
서혜진
탤런트
1988.
서혜진
기자
서혜진
가수
서혜진
영화배우
서혜진
필드하키선수
1985.
다음
동명이인 노출기준
이 정보가 표시된 이유",서혜진변호사1981.서혜진탤런트1989.서혜진서혜진작가1981.서혜진탤런트1988.서혜진기자서혜진가수서혜진영화배우서혜진필드하키선수1985.다음동명이인노출기준이정보가표시된이유
Kang Suk Jung,1,강석정,0.0,1986-12-07,11,,,,,"강석정
Kang Seok Jung
탤런트, 모델","탤런트,모델"
IU,4,이지은,1.0,1986-12-07,Notfound,,,,,"이지은
탤런트, 영화배우","탤런트,영화배우"
Do Won,3,도원,0.0,1986-12-07,8,2017.0,0.0,0.0,,"도원
탤런트",탤런트
New Sun,1,뉴썬,1.0,1986-12-07,Notfound,,,,,"최윤선
뉴썬
탤런트, 가수","뉴썬탤런트,가수"
Kim Ye Ji,1,김예지,1.0,1986-12-07,Notfound,,,,,"김예지
국회의원, 피아노연주가","국회의원,피아노연주가"
Ki Tae Hwa,1,기태화,0.0,1986-12-07,Notfound,,,,,Notfound,정보없음
Jang Moon Bok,1,장문복,0.0,1986-12-07,2,,,,,"장문복
가수",가수
Han Bo Reum,2,한보름,1.0,1986-12-07,30,,,,,"한보름
탤런트",탤런트
Kang Ji Hwan,4,강지환,0.0,1986-12-07,18,,,,,"강지환
조태규
탤런트, 영화배우","조태규탤런트,영화배우"
Seo Ji Suk,3,서지석,0.0,1986-12-07,23,,,,,"서지석
탤런트, 영화배우","탤런트,영화배우"
Ha Shi Eun,1,하시은,1.0,1986-12-07,13,,,,,"하시은
탤런트, 영화배우","탤런트,영화배우"
Ha Jae Sook,1,하재숙,1.0,1986-12-07,23,,,,,"하재숙
Jae Suk Ha
탤런트, 영화배우","탤런트,영화배우"
Oh Man Suk,2,오만석,0.0,1986-12-07,29,,,,,"오만석
영화배우, 뮤지컬배우","영화배우,뮤지컬배우"
Jung Yoo Mi,5,정유미,1.0,1986-12-07,12,,,,,"정유미
영화배우, 탤런트","영화배우,탤런트"
Noh Min Woo,2,노민우,0.0,1986-12-07,19,,,,,"노민우
MINUE
탤런트, 가수","탤런트,가수"
Kam Woo Sung,2,감우성,0.0,1986-12-07,18,,,,,"감우성
영화배우",영화배우
Kim Joon Han,2,김준한,0.0,1986-12-07,6,,,,,"김준한
영화배우",영화배우
Kim Hye Sun,1,김혜선,1.0,1986-12-07,Notfound,,,,,"김혜선
탤런트, 영화배우","탤런트,영화배우"
Shin Da Eun,3,신다은,1.0,1986-12-07,21,,,,,"신다은
Shin Da Eun
연극배우, 탤런트","연극배우,탤런트"
Ahn Yun Hong,1,안연홍,1.0,1986-12-07,32,,,,,"안연홍
탤런트, 영화배우","탤런트,영화배우"
Son Woo Hyeok,1,손우혁,0.0,1986-12-07,7,,,,,"손우혁
손덕기
영화배우, 탤런트","손덕기영화배우,탤런트"
Choi Moon Hee,1,최문희,1.0,1986-12-07,Notfound,,,,,"문희
탤런트",탤런트
Park Soo Young,1,박수영,1.0,1986-12-07,Notfound,,,,,"박수영
朴洙瑩
국회의원, 전 공무원","朴洙瑩국회의원,전공무원"
Jung Sung Ho,1,정성호,0.0,1986-12-07,Notfound,,,,,"정성호
鄭成湖
국회의원",鄭成湖국회의원
Hong Seo Young,2,홍서영,1.0,1986-12-07,6,,,,,"홍서영
뮤지컬배우, 탤런트","뮤지컬배우,탤런트"
Choi Sung Won,1,최성원,0.0,1986-12-07,12,,,,,"최성원
최민우
영화배우, 탤런트","최민우영화배우,탤런트"
Kim Jae Kyung,2,김재경,1.0,1986-12-07,22,,,,,"김재경
탤런트, 가수","탤런트,가수"
Han Soo Yeon,2,한수연,1.0,1986-12-07,18,,,,,"한수연
Han Soo Yeon
영화배우, 탤런트","영화배우,탤런트"
Kim Dong Wan,1,김동완,0.0,1986-12-07,17,,,,,"김동완
Kim Dong Wan
가수, 탤런트","가수,탤런트"
Kim Hwan Hee,1,김환희,1.0,1986-12-07,Notfound,,,,,"김환희
탤런트",탤런트
Na Jae Min,1,나재민,0.0,1986-12-07,Notfound,,,,,Notfound,정보없음
Kim Ji In,1,김지인,1.0,1986-12-07,10,,,,,"김지인
탤런트",탤런트
Kim Yoo Jin,1,김유진,1.0,1986-12-07,Notfound,,,,,"같은 이름 다른 인물
김유진
언론기관단체인
유진
영화배우
김유진
칼럼니스트
1968.
김유진
가수
김유진
외국변호사
1986.
김유진
영화감독
1950.
동명이인 노출기준
이 정보가 표시된 이유",김유진언론기관단체인유진영화배우김유진칼럼니스트1968.김유진가수김유진외국변호사1986.김유진영화감독1950.동명이인노출기준이정보가표시된이유
Kim Tae Woo,3,김태우,0.0,1986-12-07,Notfound,,,,,"김태우
전 기초단체장",전기초단체장
Kim Sang Joong,2,김상중,0.0,1986-12-07,43,,,,,"김상중
탤런트, 영화배우","탤런트,영화배우"
Chae Shi Ra,3,채시라,1.0,1986-12-07,34,,,,,"채시라
탤런트, 영화배우","탤런트,영화배우"
Yoo Dong Geun,2,유동근,0.0,1986-12-07,43,,,,,"유동근
탤런트, 영화배우","탤런트,영화배우"
Ki Tae Young,1,기태영,0.0,1986-12-07,26,,,,,"기태영
김용우
탤런트, 영화배우","김용우탤런트,영화배우"
Kim Ha Kyung,1,김하경,1.0,1986-12-07,4,,,,,"김하경
탤런트",탤런트
Nam Ki Ae,1,남기애,1.0,1986-12-07,26,,,,,"남기애
Nam Kee Ae
연극배우",연극배우
Joo Jin Mo,4,주진모,0.0,1986-12-07,14,,,,,"주진모
영화배우, 탤런트","영화배우,탤런트"
Han Ye Seul,3,한예슬,1.0,1986-12-07,16,,,,,"한예슬
탤런트, 영화배우","탤런트,영화배우"
Kim Hee Won,2,김희원,1.0,1986-12-07,26,,,,,"김희원
Kim Hie Won
영화배우, 연극배우","영화배우,연극배우"
Song Sae Byuk,1,송새벽,0.0,1986-12-07,2,,,,,"송새벽
영화배우, 연극배우","영화배우,연극배우"
Go Joon Hee,3,고준희,1.0,1986-12-07,19,,,,,"고준희
탤런트, 영화배우","탤런트,영화배우"
Ryu Soo Young,4,류수영,0.0,1986-12-07,38,,,,,"류수영
어남선
탤런트, 영화배우","어남선탤런트,영화배우"
Park Han Byul,3,박한별,1.0,1986-12-07,17,,,,,"박한별
영화배우, 탤런트","영화배우,탤런트"
Choi Woong,1,"최웅
",0.0,1986-12-07,Notfound,,,,,Notfound,정보없음
Jung Hye Sung,6,정혜성,1.0,1986-12-07,19,,,,,"정혜성
정은주
탤런트",정은주탤런트
Lee Hong Ki,2,이홍기,0.0,1986-12-07,36,,,,,"이홍기
가수, 탤런트","가수,탤런트"
Moon Soo Bin,1,문수빈,1.0,1986-12-07,Notfound,,,,,"문수빈
기자",기자
Kim Hye Ja,3,김혜자,1.0,1986-12-07,33,,,,,"김혜자
탤런트, 영화배우","탤런트,영화배우"
Lee Seung Joon,4,이승준,0.0,1986-12-07,36,,,,,"이승준
영화배우, 연극배우","영화배우,연극배우"
Kim Hyun Sook,4,김현숙,1.0,1986-12-07,Notfound,,,,,"김현숙
장관, 전 국회의원","장관,전국회의원"
Lee Na Young,1,이나영,1.0,1986-12-07,9,,,,,"이나영
영화배우, 탤런트","영화배우,탤런트"
Ryu Seung Ryong,1,류승룡,0.0,1986-12-07,10,,,,,"류승룡
柳承龍, Ryu Seung Ryong
영화배우","柳承龍,영화배우"
Choi Byung Mo,1,최병모,0.0,1986-12-07,22,,,,,"최병모
영화배우",영화배우
Mina,1,"민아
",1.0,1986-12-07,Notfound,,,,,Notfound,정보없음
Jae Hee,2,"재희
",0.0,1986-12-07,Notfound,,,,,Notfound,정보없음
Jo An,2,"조안
",1.0,1986-12-07,Notfound,,,,,Notfound,정보없음
Kim Hyung Min,1,김형민,0.0,1986-12-07,Notfound,,,,,"김형민
변호사, 세무사","변호사,세무사"
Park Shin Yang,2,박신양,0.0,1986-12-07,13,,,,,"박신양
영화배우, 탤런트","영화배우,탤런트"
Kim Jin Woo,2,김진우,0.0,1986-12-07,25,2006.0,1.0,0.0,,"김진우
영화배우, 탤런트","영화배우,탤런트"
Ha Yun Joo,4,하연주,1.0,1986-12-07,20,,,,,"하연주
탤런트",탤런트
Jin Tae Hyun,1,진태현,0.0,1986-12-07,24,,,,,"진태현
영화배우",영화배우
Joo Woo Jae,1,주우재,0.0,1986-12-07,42,,,,,"주우재
모델",모델
Lee Joo Seung,1,이주승,0.0,1986-12-07,22,,,,,"이주승
Ju Seung Lee
영화배우",영화배우
Lee Sung Jong,1,이성종,0.0,1986-12-07,10,2010.0,,1.0,0.0,"이성종
가수",가수
Jang Hee Ryung,2,장희령,1.0,1986-12-07,20,2014.0,,0.0,0.0,"장희령
탤런트",탤런트
Bae Woo Hee,1,배우희,1.0,1986-12-07,18,,,,,"배우희
가수, 영화배우","가수,영화배우"
Kang Yul,1,강율,0.0,1986-12-07,Notfound,,,,,"강율
Yul Kang
탤런트",탤런트
Lee Min Hyuk,3,이민혁,0.0,1986-12-07,Notfound,,,,,Notfound,정보없음
Baek Seo Yi,1,백서이,1.0,1986-12-07,7,,,,,"백서이
Seo E Baek
탤런트",탤런트
Kwon Young Min,1,권영민,0.0,1986-12-07,Notfound,,,,,"같은 이름 다른 인물
권영민
문학인
1964.
권영민
배구감독
1980.
주현승
영화배우
1989.
권영민
대학교수
1948.
에드워드 권
요리연구가
권영민
기업인
1973.
동명이인 노출기준
이 정보가 표시된 이유",권영민문학인1964.권영민배구감독1980.주현승영화배우1989.권영민대학교수1948.에드워드권요리연구가권영민기업인1973.동명이인노출기준이정보가표시된이유
Kim Gun Woo,1,김건우,0.0,1986-12-07,8,2017.0,,0.0,0.0,"김건우
탤런트",탤런트
Kim Min Young,1,김민영,1.0,1986-12-07,13,2009.0,,0.0,0.0,"같은 이름 다른 인물
김민영
영화배우
1990.
김민영
출판인
1947.
김민영
모델
1991.
김민영
당구선수
1995.
김민영
아나운서
김민영
영화배우
동명이인 노출기준
이 정보가 표시된 이유",김민영영화배우1990.김민영출판인1947.김민영모델1991.김민영당구선수1995.김민영아나운서김민영영화배우동명이인노출기준이정보가표시된이유
Yong Jun Hyung,1,용준형,0.0,1986-12-07,9,2009.0,,1.0,0.0,"용준형
가수, 작곡가","가수,작곡가"
Bang Eun Hee,1,방은희,1.0,1986-12-07,55,,,,,"방은희
탤런트, 영화배우","탤런트,영화배우"
Seo Do Young,5,서도영,0.0,1986-12-07,16,,,,,"서도영
탤런트, 모델","탤런트,모델"
Im Yoon Ho,1,임윤호,0.0,1986-12-07,6,,,,,"임윤호
탤런트",탤런트
Hwang Bo Mi,1,황보미,1.0,1986-12-07,Notfound,,,,,"황보미
탤런트, 아나운서","탤런트,아나운서"
Lee Chun Hee,1,이천희,0.0,1986-12-07,32,,,,,"이천희
영화배우, 모델","영화배우,모델"
Lee Tae Ran,2,이태란,1.0,1986-12-07,25,,,,,"이태란
탤런트, 영화배우","탤런트,영화배우"
Shin Eun Kyung,2,신은경,1.0,1986-12-07,28,,,,,"신은경
영화배우, 탤런트","영화배우,탤런트"
Yoon Joo Hee,2,윤주희,1.0,1986-12-07,34,,,,,"윤주희
탤런트, 영화배우","탤런트,영화배우"
Baek Jin Hee,5,백진희,1.0,1986-12-07,18,,,,,"백진희
영화배우, 탤런트","영화배우,탤런트"
Kim Jong Hoon,1,김종훈,0.0,1986-12-07,Notfound,,,,,"같은 이름 다른 인물
김종훈
탤런트
김종훈
전 국회의원
1952.
김종훈
연극배우
1993.
김종훈
공무원
1967.
김종훈
기업인
1949.
김종훈
기초단체장
1964.
동명이인 노출기준
이 정보가 표시된 이유",김종훈탤런트김종훈전국회의원1952.김종훈연극배우1993.김종훈공무원1967.김종훈기업인1949.김종훈기초단체장1964.동명이인노출기준이정보가표시된이유
Chun Jung Myung,3,천정명,0.0,1986-12-07,18,,,,,"천정명
탤런트, 영화배우","탤런트,영화배우"
Yoon Eun Hye,1,윤은혜,1.0,1986-12-07,13,,,,,"윤은혜
탤런트, 영화배우","탤런트,영화배우"
In Gyo Jin,1,인교진,0.0,1986-12-07,39,,,,,"인교진
탤런트, 영화배우","탤런트,영화배우"
Kim Hyun Joong,1,김현중,0.0,1986-12-07,9,,,,,"김현중
가수, 탤런트","가수,탤런트"
So Yoo Jin,2,소유진,1.0,1986-12-07,38,,,,,"소유진
Yu Jin So
탤런트, 영화배우","탤런트,영화배우"
Kim Hyun Joon,1,김현준,0.0,1986-12-07,Notfound,,,,,"김현준NO.41
삼성 라이온즈
외야수 · 좌투좌타",삼성라이온즈외야수·좌투좌타
Choi Kwang Je,1,최광제,0.0,1986-12-07,10,,,,,"최광제
Choi Kwang Je
연극배우, 영화배우","연극배우,영화배우"
Kim Yoon Jin,1,김윤진,1.0,1986-12-07,Notfound,,,,,"김윤진
영화배우",영화배우
Seungri,1,"승리
",0.0,1986-12-07,Notfound,,,,,Notfound,정보없음
Son Yeo Eun,1,손여은,1.0,1986-12-07,17,,,,,"손여은
변나연
탤런트, 영화배우","변나연탤런트,영화배우"
Kim Won Hae,1,김원해,0.0,1986-12-07,47,,,,,"김원해
영화배우, 연극배우","영화배우,연극배우"
Uhm Ki Joon,3,엄기준,0.0,1986-12-07,25,,,,,"엄기준
뮤지컬배우, 탤런트","뮤지컬배우,탤런트"
Im Se Mi,3,임세미,1.0,1986-12-07,24,,,,,"임세미
Se Mi Lim
탤런트, 영화배우","탤런트,영화배우"
Yoo Sun Ho,1,유선호,0.0,1986-12-07,22,,,,,"유선호
탤런트",탤런트
Kim Nam Joo,2,김남주,1.0,1986-12-07,15,,,,,"김남주
탤런트, 영화배우","탤런트,영화배우"
Ahn Hyung Sub,1,안형섭,0.0,1986-12-07,Notfound,,,,,Notfound,정보없음
Na Hye Mi,1,나혜미,1.0,1986-12-07,7,,,,,"나혜미
영화배우, 모델","영화배우,모델"
Choi Soo Jong,1,최수종,0.0,1986-12-07,54,,,,,"최수종
탤런트, 영화배우","탤런트,영화배우"
Yoon Jin Yi,1,윤진이,1.0,1986-12-07,8,,,,,"윤진이
김윤진, Ji Ni Yoon
탤런트","김윤진,탤런트"
Jung Eun Woo,2,정은우,0.0,1986-12-07,15,,,,,"정은우
Eun Woo Jung
탤런트, 영화배우","탤런트,영화배우"
Shin Dong Yup,1,신동엽,0.0,1986-12-07,133,,,,,"신동엽
MC, 개그맨",",개그맨"
Ha Hee Ra,3,하희라,1.0,1986-12-07,39,,,,,"하희라
탤런트, 영화배우","탤런트,영화배우"
Ahn Sun Young,1,안선영,1.0,1986-12-07,43,,,,,"안선영
탤런트, 방송인","탤런트,방송인"
Go Eun Mi,1,고은미,1.0,1986-12-07,17,,,,,"고은미
안은미
탤런트, 영화배우","안은미탤런트,영화배우"
Song Chang Eui,3,송창의,0.0,1986-12-07,20,,,,,"송창의
탤런트, 뮤지컬배우","탤런트,뮤지컬배우"
Ji Min Hyuk,1,지민혁,0.0,1986-12-07,9,,,,,"지민혁
영화배우, 탤런트","영화배우,탤런트"
Ahn Seo Hyun,1,안서현,1.0,1986-12-07,20,,,,,"안서현
Seo Hyun An
영화배우, 모델","영화배우,모델"
Samuel,1,서사무,0.0,1986-12-07,Notfound,,,,,Notfound,정보없음
Lee Gi Kwang,3,이기광,0.0,1986-12-07,36,,,,,"이기광
가수, 탤런트","가수,탤런트"
Yoon So Hee,4,윤소희,1.0,1986-12-07,26,,,,,"윤소희
탤런트",탤런트
Kim Young Ok,1,김영옥,1.0,1986-12-07,104,,,,,"김영옥
탤런트, 영화배우","탤런트,영화배우"
Hong Bin,2,"홍빈
",0.0,1986-12-07,Notfound,,,,,Notfound,정보없음
Go Soo Hee,1,고수희,1.0,1986-12-07,16,,,,,"고수희
Soo Hee Koh
영화배우, 연극배우","영화배우,연극배우"
Hong Soo Ah,1,홍수아,1.0,1986-12-07,20,,,,,"홍수아
Soo Ah Hong
탤런트, 영화배우","탤런트,영화배우"
Lee Young Ah,1,이영아,1.0,1986-12-07,18,,,,,"이영아
탤런트, 영화배우","탤런트,영화배우"
Nam Sang Mi,2,남상미,1.0,1986-12-07,19,,,,,"남상미
영화배우, 탤런트","영화배우,탤런트"
Jo Hyun Jae,2,조현재,0.0,1986-12-07,17,,,,,"조현재
탤런트, 영화배우","탤런트,영화배우"
Byun Yo Han,3,변요한,0.0,1986-12-07,4,,,,,"변요한
yohan Byun
영화배우",영화배우
Jeon Soo Jin,1,전수진,1.0,1986-12-07,Notfound,,,,,"전수진
Soo Jin Jun
영화배우, 탤런트","영화배우,탤런트"
Lee Joong Moon,1,이중문,0.0,1986-12-07,12,,,,,"이중문
JoongMoon Lee
탤런트, 영화배우","탤런트,영화배우"
Seo Hae Won,1,서해원,1.0,1986-12-07,3,,,,,"서해원
Seo Hae Won
영화배우",영화배우
Bu Bae,1,김경남,0.0,1986-12-07,12,,,,,"김경남
탤런트, 연극배우","탤런트,연극배우"
Kim Hyun Mok,1,김현목,0.0,1986-12-07,25,,,,,"김현목
Kim Hyeon Mok
영화배우, 탤런트","영화배우,탤런트"
Choi Woo Jung,1,최우정,1.0,1986-12-07,6,,,,,"최우정
영화배우",영화배우
Park Hwan Hee,1,박환희,1.0,1986-12-07,8,,,,,"박환희
영화배우, 탤런트","영화배우,탤런트"
Yoo Oh Sung,3,유오성,0.0,1986-12-07,21,,,,,"유오성
Oh Seong Yu
영화배우, 탤런트","영화배우,탤런트"
Woo Hee Jin,3,우희진,1.0,1986-12-07,34,,,,,"우희진
탤런트, 영화배우","탤런트,영화배우"
Lee In Hye,1,이인혜,1.0,1986-12-07,28,,,,,"이인혜
탤런트, 대학교수","탤런트,대학교수"
Alex,1,"김영
",0.0,1986-12-07,Notfound,,,,,Notfound,정보없음
Park Joon Hyuk,1,박준혁,0.0,1986-12-07,26,,,,,"박준혁
탤런트, 영화배우","탤런트,영화배우"
Ha Yeon Soo,2,하연수,1.0,1986-12-07,Notfound,,,,,"하연수
모델",모델
Jin Joo Hyung,1,진주형,0.0,1986-12-07,7,,,,,"진주형
탤런트, 영화배우","탤런트,영화배우"
Han Ga In,1,한가인,1.0,1986-12-07,14,,,,,"한가인
김현주
탤런트, 영화배우","김현주탤런트,영화배우"
Gu Jae Yi,1,구재이,1.0,1986-12-07,15,,,,,"구재이
탤런트, 모델","탤런트,모델"
Jang Geun Suk,2,장근석,0.0,1986-12-07,23,,,,,"장근석
Jang Keun-Suk
영화배우",-영화배우
Lee Yoo Bi,3,이유비,1.0,1986-12-07,13,,,,,"이유비
Yubi Lee
탤런트",탤런트
Lee Da Hae,1,이다해,1.0,1986-12-07,19,,,,,"이다해
탤런트",탤런트
Shim Hee Sub,2,심희섭,0.0,1986-12-07,6,,,,,"심희섭
Hee Seop Sim
영화배우",영화배우
Park Shi Yeon,2,박시연,1.0,1986-12-07,18,,,,,"박시연
탤런트, 미스코리아","탤런트,미스코리아"
Son Seung Won,2,손승원,0.0,1986-12-07,Notfound,,,,,"손승원
뮤지컬배우",뮤지컬배우
Jo Jae Hyun,3,조재현,0.0,1986-12-07,25,,,,,"조재현
영화배우",영화배우
Heo Yool,1,"허율
",1.0,1986-12-07,Notfound,,,,,Notfound,정보없음
Gong Yoo Rim,1,공유림,1.0,1986-12-07,6,,,,,"공유림
탤런트, 영화배우","탤런트,영화배우"
No Seong Su,1,노성수,0.0,1986-12-07,1,,,,,"노성수
모델",모델
Ahn Shi Eun,1,안시은,1.0,1986-12-07,3,,,,,"안시은
Si Eun An
영화배우",영화배우
Choi Hee Jin,1,최희진,1.0,1986-12-07,6,,,,,"최희진
영화배우",영화배우
Lee Ho Jung,1,이호정,1.0,1986-12-07,6,,,,,"이호정
영화배우, 모델","영화배우,모델"
Brian Joo,1,주학년,0.0,1986-12-07,1,,,,,"주학년
가수",가수
Park Joong Hoon,1,박중훈,0.0,1986-12-07,5,,,,,"박중훈
영화배우, 영화감독","영화배우,영화감독"
Park Young Gyu,2,박영규,0.0,1986-12-07,49,,,,,"박영규
탤런트, 영화배우","탤런트,영화배우"
Park Hae Mi,1,박해미,1.0,1986-12-07,37,,,,,"박해미
뮤지컬배우, 영화배우","뮤지컬배우,영화배우"
Kwon Oh Jung,1,권오중,0.0,1986-12-07,44,,,,,"권오중
Oh Joong Kwon
탤런트, 영화배우","탤런트,영화배우"
Han Young,1,한지영,1.0,1986-12-07,Notfound,,,,,"한지영
韓知伶, Ji Young Han
모델","韓知伶,모델"
Oh Dae Gyu,2,오대규,0.0,1986-12-07,33,,,,,"오대규
탤런트, 영화배우","탤런트,영화배우"
Kang Seo Joon,1,김준형,0.0,1986-12-07,Notfound,,,,,"같은 이름 다른 인물
김준형
대학교수
1963.
김준형
탤런트
2002.
김준형
기업인
1962.
김준형
탤런트
1988.
김준형
야구선수
2002.
김준형
축구선수
1996.
동명이인 노출기준
이 정보가 표시된 이유",김준형대학교수1963.김준형탤런트2002.김준형기업인1962.김준형탤런트1988.김준형야구선수2002.김준형축구선수1996.동명이인노출기준이정보가표시된이유
Ban So Young,1,반소영,1.0,1986-12-07,5,,,,,"반소영
탤런트, 영화배우","탤런트,영화배우"
Kang Hye Jung,1,강혜정,1.0,1986-12-07,8,,,,,"강혜정
영화배우, 탤런트","영화배우,탤런트"
Go Na Yeon,1,고나연,1.0,1986-12-07,4,,,,,"고나연
탤런트",탤런트
Lee Su Hyun,1,이수현,1.0,1986-12-07,14,,,,,"이수현
LEE SUHYUN
가수",가수
Kim Hee Jung,1,김희정,1.0,1986-12-07,Notfound,,,,,"김희정
탤런트, 영화배우","탤런트,영화배우"
Kim Min Kyo,1,김민교,0.0,1986-12-07,Notfound,,,,,"김민교
영화배우",영화배우
Kwon Young Deuk,1,권영득,0.0,1986-12-07,Notfound,,,,,"드기
권영득, DEUKIE
댄서","권영득,댄서"
Dong Ha,1,"동하
",0.0,1986-12-07,Notfound,,,,,Notfound,정보없음
Na Hae Ryung,3,나해령,1.0,1986-12-07,13,,,,,"한다라
나해령, Han Da Ra
가수, 영화배우","나해령,가수,영화배우"
Lee Sung Yeol,1,이성열,0.0,1986-12-07,Notfound,,,,,"이성열
성열
가수, 탤런트","성열가수,탤런트"
Lee Dong Ha,2,이동하,0.0,1986-12-07,15,,,,,"이동하
연극배우, 영화배우","연극배우,영화배우"
Han Hye Rin,2,한혜린,1.0,1986-12-07,9,,,,,"한혜린
Hye Rin Han
탤런트, 영화배우","탤런트,영화배우"
Lee Soon Jae,2,이순재,0.0,1986-12-07,98,,,,,"이순재
탤런트, 영화배우","탤런트,영화배우"
Lee Seo Won,3,이서원,0.0,1986-12-07,5,,,,,"이서원
탤런트, 영화배우","탤런트,영화배우"
Do Ji Won,2,도지원,1.0,1986-12-07,31,,,,,"도지원
탤런트, 영화배우","탤런트,영화배우"
Park Sung Woo,1,박성우,0.0,1986-12-07,Notfound,,,,,"같은 이름 다른 인물
박성우
탤런트
박성우
시인
1971.
박성우
만화가
1972.
박성우
국악소리가
박성우
행정사
박성우
성형외과의사
동명이인 노출기준
이 정보가 표시된 이유",박성우탤런트박성우시인1971.박성우만화가1972.박성우국악소리가박성우행정사박성우성형외과의사동명이인노출기준이정보가표시된이유
Cha Jung Won,1,차정원,1.0,1986-12-07,12,,,,,"차정원
Jung Won Cha
영화배우, 탤런트","영화배우,탤런트"
Baek Seung Hwan,1,백승환,0.0,1986-12-07,Notfound,,,,,"같은 이름 다른 인물
백승환
영화배우
백승환
영화감독
1980.
백승환
영화배우
1986.
백승환
가수
1990.
백승환
의사
백승환
기업인
1986.
백승환
공연인
1988.
백승환
연극배우
1996.
백승환
작가
1979.
써커스백
가수
백승환
영화스탭
료티
가수
1989.
다음
동명이인 노출기준
이 정보가 표시된 이유",백승환영화배우백승환영화감독1980.백승환영화배우1986.백승환가수1990.백승환의사백승환기업인1986.백승환공연인1988.백승환연극배우1996.백승환작가1979.써커스백가수백승환영화스탭료티가수1989.다음동명이인노출기준이정보가표시된이유
Jo Jae Yoon,1,조재윤,0.0,1986-12-07,50,,,,,"조재윤
탤런트, 영화배우","탤런트,영화배우"
Kim Hye Sung,1,김혜성,0.0,1986-12-07,Notfound,,,,,"김혜성NO.3
키움 히어로즈
내야수 · 우투좌타",키움히어로즈내야수·우투좌타
Ahn Se Ha,1,안세하,0.0,1986-12-07,24,,,,,"안세하
안재욱
연극배우, 영화배우","안재욱연극배우,영화배우"
Ryu Hyun Kyung,2,류현경,1.0,1986-12-07,24,,,,,"류현경
영화배우",영화배우
Kim Jin Kyung,1,김진경,1.0,1986-12-07,11,,,,,"김진경
모델",모델
Kai,1,"카이
",0.0,1986-12-07,Notfound,,,,,Notfound,정보없음
Lee Ye Hyun,1,이예현,1.0,1986-12-07,3,,,,,"유재이
이예현
탤런트",이예현탤런트
Baek Chul Min,1,백철민,0.0,1986-12-07,8,,,,,"고온
백철민
탤런트",백철민탤런트
Kang Se Jung,1,강세정,1.0,1986-12-07,16,,,,,"강세정
康世丁, Se Jung Kang
탤런트, 가수","康世丁,탤런트,가수"
Park Jung Ah,1,박정아,1.0,1986-12-07,23,,,,,"박정아
뮤지컬배우, 탤런트","뮤지컬배우,탤런트"
Kim Da Hyun,1,김다현,1.0,1986-12-07,Notfound,,,,,"김다현
Kim Da Hyun
가수",가수
Yang Dong Geun,1,양동근,0.0,1986-12-07,43,,,,,"양동근
영화배우, 가수","영화배우,가수"
Choi Jung Won,3,최정원,1.0,1986-12-07,Notfound,,,,,"같은 이름 다른 인물
최정원
탤런트
최정원
탤런트
최정원
뮤지컬배우
1969.
최정원
야구선수
2000.
최정원
탤런트
1971.
최정원
성악가
동명이인 노출기준
이 정보가 표시된 이유",최정원탤런트최정원탤런트최정원뮤지컬배우1969.최정원야구선수2000.최정원탤런트1971.최정원성악가동명이인노출기준이정보가표시된이유
Min Do Hee,1,"도희
",1.0,1986-12-07,Notfound,,,,,Notfound,정보없음
Seo Young Joo,2,서영주,0.0,1986-12-07,11,,,,,"서영주
Young Ju Seo
영화배우",영화배우
Yang Byeong Yeol,1,양병열,0.0,1986-12-07,7,,,,,"양병열
탤런트",탤런트
Ryu Seung Soo,3,류승수,0.0,1986-12-07,39,,,,,"류승수
Ryu Seung Soo
영화배우, 탤런트","영화배우,탤런트"
Nichkhun,1,메이슨,0.0,1986-12-07,Notfound,,,,,Notfound,정보없음
Ohn Joo Wan,3,온주완,0.0,1986-12-07,20,,,,,"온주완
송정식
영화배우, 탤런트","송정식영화배우,탤런트"
Shim Hyung Tak,4,심형탁,0.0,1986-12-07,39,,,,,"심형탁
탤런트, 영화배우","탤런트,영화배우"
Seo Hyo Rim,2,서효림,1.0,1986-12-07,24,,,,,"서효림
영화배우, 탤런트","영화배우,탤런트"
Ji Woo,2,"지우
",1.0,1986-12-07,Notfound,,,,,Notfound,정보없음
Choi A Ra,1,최아라,1.0,1986-12-07,1,,,,,"최아라
모델, 탤런트","모델,탤런트"
Kwak Hee Sung,2,곽희성,0.0,1986-12-07,12,,,,,"곽희성
탤런트",탤런트
Yoon Da Young,1,윤다영,1.0,1986-12-07,7,,,,,"윤다영
탤런트, 영화배우","탤런트,영화배우"
Hong Ah Reum,2,홍아름,1.0,1986-12-07,16,,,,,"홍아름
영화배우, 탤런트","영화배우,탤런트"
Kang Da Bin,1,강다빈,0.0,1986-12-07,4,,,,,"강다빈
탤런트, 모델","탤런트,모델"
Kim Jae Joong,2,김재중,0.0,1986-12-07,16,,,,,"김재중
가수, 탤런트","가수,탤런트"
Joo Eo Jin,1,주어진,0.0,1986-12-07,3,,,,,"주어진
Eo Jin Joo
모델",모델
Go Yoon,1,"고윤
",0.0,1986-12-07,Notfound,,,,,Notfound,정보없음
Moon Sung Geun,1,문성근,0.0,1986-12-07,16,,,,,"문성근
영화배우",영화배우
Han Joo Wan,2,한주완,0.0,1986-12-07,10,,,,,"한주완
영화배우",영화배우
Kim Byung Chun,1,김병춘,0.0,1986-12-07,32,,,,,"김병춘
뮤지컬배우, 영화배우","뮤지컬배우,영화배우"
Lee Tae Im,2,이태임,1.0,1986-12-07,Notfound,,,,,Notfound,정보없음
Lee Jae Woo,1,이재우,0.0,1986-12-07,15,,,,,"이재우
탤런트",탤런트
Yoo Geon,1,"유건
",0.0,1986-12-07,Notfound,,,,,Notfound,정보없음
Kang Kyung Joon,2,강경준,0.0,1986-12-07,19,,,,,"강경준
탤런트, 영화배우","탤런트,영화배우"
Cha Do Jin,3,차도진,0.0,1986-12-07,11,,,,,"차도진
탤런트, 영화배우","탤런트,영화배우"
Do Ji Han,1,도지한,0.0,1986-12-07,10,,,,,"도지한
Do Ji Han
탤런트, 영화배우","탤런트,영화배우"
Nam Bo Ra,2,남보라,1.0,1986-12-07,27,,,,,"남보라
탤런트, 영화배우","탤런트,영화배우"
Key,1,"키
A",0.0,1986-12-07,Notfound,,,,,Notfound,정보없음
Song Sun Mi,1,송선미,1.0,1986-12-07,35,,,,,"송선미
탤런트, 영화배우","탤런트,영화배우"
Kang Sung Yun,2,강성연,1.0,1986-12-07,32,,,,,"강성연
탤런트, 영화배우","탤런트,영화배우"
Lee Pil Mo,2,이필모,0.0,1986-12-07,24,,,,,"이필모
탤런트, 연극배우","탤런트,연극배우"
Park Chul Min,1,박철민,0.0,1986-12-07,57,,,,,"박철민
영화배우, 탤런트","영화배우,탤런트"
Kim So Ri,1,김소리,1.0,1986-12-07,4,,,,,"김소리
가수, 탤런트","가수,탤런트"
Heo Young Joo,1,허영주,1.0,1986-12-07,2,,,,,"허영주
Young Joo Hur
가수",가수
Lee Ye Eun,1,이예은,1.0,1986-12-07,4,,,,,"이예은
뮤지컬배우",뮤지컬배우
Lee Su Ji,1,이수지,1.0,1986-12-07,Notfound,,,,,"이수지
가수, 탤런트","가수,탤런트"
Teramoto Yukika,1,,,1986-12-07,Notfound,,,,,"영어사전
다른 어학정보16",다른어학정보16
Gu Bon Seung,1,구본승,0.0,1986-12-07,20,,,,,"구본승
탤런트, 기업인","탤런트,기업인"
Choi Yoon So,1,최윤소,1.0,1986-12-07,22,,,,,"최윤소
탤런트, 영화배우","탤런트,영화배우"
Jung Da Sol,1,정다솔,1.0,1986-12-07,Notfound,,,,,"정다솔
Da Sol Jeong
영화배우",영화배우
Jo Yoon Woo,1,조윤우,0.0,1986-12-07,13,,,,,"조윤우
탤런트",탤런트
Lee Hyun Jae,1,이현재,0.0,1986-12-07,Notfound,,,,,"같은 이름 다른 인물
이현재
영화배우
1988.
이현재
기초단체장
1949.
이현재
대학교수
이현재
뮤지컬배우
1988.
이현재
기업인
1979.
이현재
명예교수
1929.
동명이인 노출기준
이 정보가 표시된 이유",이현재영화배우1988.이현재기초단체장1949.이현재대학교수이현재뮤지컬배우1988.이현재기업인1979.이현재명예교수1929.동명이인노출기준이정보가표시된이유
Lee Hyun Woo,2,이현우,0.0,1986-12-07,23,,,,,"이현우
탤런트, 영화배우","탤런트,영화배우"
Gu Hye Seon,2,구혜선,1.0,1986-12-07,13,,,,,"구혜선
具惠善, Koo Hye Sun
영화감독, 작곡가","具惠善,영화감독,작곡가"
Jung Gyu Woon,2,정겨운,0.0,1986-12-07,29,,,,,"정겨운
탤런트, 영화배우","탤런트,영화배우"
Kim Joo Young,1,김주영,0.0,1986-12-07,Notfound,,,,,"김주영
국회의원, 전 노동조합단체인","국회의원,전노동조합단체인"
Cho Hye Jin,1,조혜진,1.0,1986-12-07,8,,,,,"조혜진
영화배우, 탤런트","영화배우,탤런트"
Go So Young,1,고소영,1.0,1986-12-07,13,,,,,"고소영
영화배우, 탤런트","영화배우,탤런트"
Park Hyuk Kwon,1,박혁권,0.0,1986-12-07,33,,,,,"박혁권
연극배우, 탤런트","연극배우,탤런트"
Kim Ji Min,1,김지민,1.0,1986-12-07,60,,,,,"김지민
개그맨",개그맨
Kim Min Seo,1,김민서,1.0,1986-12-07,7,,,,,"김민서
Minseo Kim
영화배우, 탤런트","영화배우,탤런트"
Na Ya,1,"나야
",1.0,1986-12-07,Notfound,,,,,Notfound,정보없음
Heo Young Ran,1,허영란,1.0,1986-12-07,20,,,,,"허영란
탤런트, 영화배우","탤런트,영화배우"
Lee In,1,"이인
",0.0,1986-12-07,Notfound,,,,,Notfound,정보없음
Kim Hyun Soo,1,김현수,1.0,1986-12-07,Notfound,,,,,"김현수
야구선수",야구선수
Yoon Seung Ah,1,윤승아,1.0,1986-12-07,11,,,,,"윤승아
영화배우",영화배우
Wang Ji Hye,2,왕지혜,1.0,1986-12-07,17,,,,,"왕지혜
탤런트, 영화배우","탤런트,영화배우"
Kim Min Soo,3,김민수,0.0,1986-12-07,Notfound,,,,,"같은 이름 다른 인물
김민수
개그맨
1991.
김민수
정당인
1978.
김민수
야구선수
1991.
김민수
야구선수
1992.
김민수
야구선수
2000.
김민수
가수
1985.~2008.
동명이인 노출기준
이 정보가 표시된 이유",김민수개그맨1991.김민수정당인1978.김민수야구선수1991.김민수야구선수1992.김민수야구선수2000.김민수가수1985.~2008.동명이인노출기준이정보가표시된이유
Lee Young Eun,1,이영은,1.0,1986-12-07,Notfound,,,,,"같은 이름 다른 인물
이영은
탤런트
영은
영화배우
이영은
아나운서
1993.
이영은
영화배우
이영은
요트선수
1993.
이영은
전 대학교수
동명이인 노출기준
이 정보가 표시된 이유",이영은탤런트영은영화배우이영은아나운서1993.이영은영화배우이영은요트선수1993.이영은전대학교수동명이인노출기준이정보가표시된이유
Lee Yoon Ji,2,이윤지,1.0,1986-12-07,32,,,,,"이윤지
탤런트, 영화배우","탤런트,영화배우"
Jo Yeon Ho,1,조연호,0.0,1986-12-07,2,,,,,"조연호
가수",가수
Lee Ha Yul,2,이하율,0.0,1986-12-07,16,,,,,"이하율
Lee Ha Yul
영화배우, 탤런트","영화배우,탤런트"
Heo Jung Eun,1,허정은,1.0,1986-12-07,14,,,,,"허정은
탤런트",탤런트
Lee Jae Yoon,3,이재윤,0.0,1986-12-07,31,,,,,"이재윤
탤런트",탤런트
Jin Yi Han,2,진이한,0.0,1986-12-07,18,,,,,"진이한
탤런트, 영화배우","탤런트,영화배우"
Son Ga Young,1,손가영,1.0,1986-12-07,9,,,,,"손승우
Seung Woo Sohn
탤런트",탤런트
Jo Jin Woong,2,조진웅,0.0,1986-12-07,7,,,,,"조진웅
조원준, Jinwoong Cho
영화배우, 탤런트","조원준,영화배우,탤런트"
Sun Woo Jae Duk,1,선우재,0.0,1986-12-07,Notfound,,,,,Notfound,정보없음
Kwon Hyun Sang,1,권현상,0.0,1986-12-07,Notfound,,,,,Notfound,정보없음
Kwon BoA,1,권보아,1.0,1986-12-07,15,,,,,"보아
권보아, BoA
가수, 탤런트","권보아,가수,탤런트"
Choi Tae Hwan,1,최태환,0.0,1986-12-07,20,,,,,"최태환
탤런트, 모델","탤런트,모델"
Shin Suk Chul,1,신석철,0.0,1986-12-07,Notfound,,,,,"신석철
드럼연주가",드럼연주가
Kang So Yeon,1,강,1.0,1986-12-07,Notfound,,,,,"영어사전
다른 어학정보28",다른어학정보28
Choi Ji Woo,2,최지우,1.0,1986-12-07,24,,,,,"최지우
영화배우, 탤런트","영화배우,탤런트"
Kim Sun Woong,1,김선웅,0.0,1986-12-07,1,,,,,"김선웅
영화감독",영화감독
Yoon Ah Jung,1,윤아정,1.0,1986-12-07,13,,,,,"윤아정
탤런트",탤런트
Kim Hye Ji,1,김혜지,1.0,1986-12-07,Notfound,,,,,"같은 이름 다른 인물
김혜지
탤런트
김혜지
아나운서
1987.
김혜지
광역의원
1989.
김혜지
연극배우
1999.
김혜지
모델
김혜지
기자
동명이인 노출기준
이 정보가 표시된 이유",김혜지탤런트김혜지아나운서1987.김혜지광역의원1989.김혜지연극배우1999.김혜지모델김혜지기자동명이인노출기준이정보가표시된이유
Lee Min Woo,1,이민우,0.0,1986-12-07,Notfound,,,,,"이민우
야구선수",야구선수
Noh Young Hak,1,노영학,0.0,1986-12-07,27,,,,,"노영학
탤런트, 영화배우","탤런트,영화배우"
Cha In Pyo,1,차인표,0.0,1986-12-07,34,,,,,"차인표
In Pyo Cha
탤런트, 영화배우","탤런트,영화배우"
Choi Min,2,"최민
",0.0,1986-12-07,Notfound,,,,,Notfound,정보없음
Jung Heon,1,김정헌,0.0,1986-12-07,11,,,,,"정헌
김정헌
영화배우, 탤런트","김정헌영화배우,탤런트"
Kim Yun Seo,1,김윤서,1.0,1986-12-07,21,,,,,"김윤서
영화배우, 탤런트","영화배우,탤런트"
Uhm Tae Woong,1,엄태웅,0.0,1986-12-07,18,,,,,"엄태웅
영화배우, 탤런트","영화배우,탤런트"
Lee Hoon,1,"이훈
",0.0,1986-12-07,Notfound,,,,,Notfound,정보없음
Ma Dong Seok,1,예정화,1.0,1986-12-07,5,,,,,"예정화
모델, 영화배우","모델,영화배우"
Heo Yi Jae,1,허이재,1.0,1986-12-07,5,,,,,"허이재
탤런트, 영화배우","탤런트,영화배우"
Kim Seo Ra,1,김서라,1.0,1986-12-07,43,,,,,"김서라
탤런트, 영화배우","탤런트,영화배우"
Nam Tae Hyun,2,남태현,0.0,1986-12-07,6,,,1.0,,"남태현
Tae Hyun Nam
가수",가수
Kim Soo Yeon,1,김수연,1.0,1986-12-07,9,,,,,"김수연
Su Yeon Kim
교육인, 작가","교육인,작가"
Park Min Ji,1,박민지,1.0,1986-12-07,Notfound,,,,,"박민지
NH투자증권 프로골프단
골프선수",투자증권프로골프단골프선수
Go Woo Ri,1,고우리,1.0,1986-12-07,22,,,1.0,,"고우리
고나은
가수, 탤런트","고나은가수,탤런트"
Kim Jeong Hoon,1,김정훈,0.0,1986-12-07,19,,,1.0,,"김정훈
탤런트, 가수","탤런트,가수"
Na Moon Hee,1,나문희,1.0,1986-12-07,72,,,,,"나문희
탤런트, 영화배우","탤런트,영화배우"
Hyun Woo Sung,1,현우성,0.0,1986-12-07,14,,,,,"현우성
Hyun Woo Sung
탤런트",탤런트
Sung Yoo Ri,1,성유리,1.0,1986-12-07,18,,,,,"성유리
Yu Ri Sung
탤런트, 가수","탤런트,가수"
Kim Min Jong,2,김민종,0.0,1986-12-07,29,,,,,"김민종
탤런트, 가수","탤런트,가수"
Shin Rin Ah,1,신린아,1.0,1986-12-07,9,,,,,"신린아
영화배우",영화배우
Jung Yi Yeon,2,정이연,1.0,1986-12-07,10,,,,,"변주은
탤런트, 영화배우","탤런트,영화배우"
Ji Eun Sung,1,지은성,0.0,1986-12-07,1,,,,,"지은성
탤런트",탤런트
Kim In Kwon,1,김인권,0.0,1986-12-07,25,,,,,"김인권
영화배우, 탤런트","영화배우,탤런트"
Kim Soo Ro,1,김수로,0.0,1986-12-07,31,,,,,"김수로
김상중
영화배우, 탤런트","김상중영화배우,탤런트"
Kang Boo Ja,1,강부자,1.0,1986-12-07,65,,,,,"강부자
탤런트, 영화배우","탤런트,영화배우"
Hong Yo Sub,1,홍요섭,0.0,1986-12-07,32,,,,,"홍요섭
탤런트, 영화배우","탤런트,영화배우"
Seo Joon Young,1,서준영,0.0,1986-12-07,24,,,,,"서준영
김상구
탤런트, 영화배우","김상구탤런트,영화배우"
Jung Jin Woon,1,정진운,0.0,1986-12-07,42,,,,,"정진운
가수, 탤런트","가수,탤런트"
Lee Joo Hyung,1,이주형,0.0,1986-12-07,Notfound,,,,,"이주형NO.38
키움 히어로즈
내야수 · 우투좌타",키움히어로즈내야수·우투좌타
Seo In Young,1,서인영,1.0,1986-12-07,30,,,,,"서인영
가수",가수
Seo Ha Joon,1,서하준,0.0,1986-12-07,10,,,,,"서하준
Ha Jun Seo
탤런트",탤런트
Park Soon Chun,1,박순천,1.0,1986-12-07,45,,,,,"박순천
탤런트, 영화배우","탤런트,영화배우"
Song Il Gook,1,송일국,0.0,1986-12-07,21,,,,,"송일국
탤런트, 영화배우","탤런트,영화배우"
Jung Yoon Suk,1,정윤석,0.0,1986-12-07,22,,,,,"정윤석
탤런트, 영화배우","탤런트,영화배우"
Yoo Ji In,1,유지인,1.0,1986-12-07,32,,,,,"유지인
이윤희
탤런트, 대학교수","이윤희탤런트,대학교수"
Kang Min Kyung,1,강민경,1.0,1986-12-07,7,,,,,"강민경
Min Kyung Kang
가수, 탤런트","가수,탤런트"
Jung Chan,1,"정찬
",0.0,1986-12-07,Notfound,,,,,Notfound,정보없음
Cho Hye Jung,2,조혜정,1.0,1986-12-07,10,,,,,"조혜정
탤런트",탤런트
Choi Phillip,1,최필립,0.0,1986-12-07,33,,,,,"최필립
영화배우, 탤런트","영화배우,탤런트"
Song Won Geun,1,송원근,0.0,1986-12-07,6,,,,,"송원근
탤런트, 뮤지컬배우","탤런트,뮤지컬배우"
Yoo Ho Rin,1,유호린,1.0,1986-12-07,11,,,,,"유호린
유주희
영화배우",유주희영화배우
Seo Yi Ahn,1,서이안,1.0,1986-12-07,9,,,,,"서이안
탤런트",탤런트
Choi Jong Hoon,1,최종훈,0.0,1986-12-07,10,,,,,Notfound,정보없음
Park Doo Shik,1,박두식,0.0,1986-12-07,12,,,,,"박두식
영화배우",영화배우
Han Chae Ah,1,한채아,1.0,1986-12-07,20,,,,,"한채아
영화배우, 탤런트","영화배우,탤런트"
Im Seul Ong,2,임슬옹,0.0,1986-12-07,16,,,,,"임슬옹
가수, 탤런트","가수,탤런트"
Kim Suk Hoon,1,김석훈,0.0,1986-12-07,21,,,,,"김석훈
탤런트, 영화배우","탤런트,영화배우"
Choi Ye Seul,1,최예슬,1.0,1986-12-07,3,,,,,"최예슬
탤런트, 뮤지컬배우","탤런트,뮤지컬배우"
Son Chang Min,1,손창민,0.0,1986-12-07,43,,,,,"손창민
탤런트, 영화배우","탤런트,영화배우"
Seo Yoon Ah,1,서윤아,1.0,1986-12-07,20,,,,,"서윤아
영화배우, 탤런트","영화배우,탤런트"
Rocky,1,박민혁,0.0,1986-12-07,Notfound,,,,,"같은 이름 다른 인물
박민혁
기업인
박민혁
연극배우
1999.
박민혁
앵커
박민혁
기업인
1997.
박민혁
가수
1979.
박민혁
모델
1999.
동명이인 노출기준
이 정보가 표시된 이유",박민혁기업인박민혁연극배우1999.박민혁앵커박민혁기업인1997.박민혁가수1979.박민혁모델1999.동명이인노출기준이정보가표시된이유
MJ,1,김명준,0.0,1986-12-07,Notfound,,,,,"김명준
Myung Jun Kim
영화배우",영화배우
Moon Bin,1,"문빈
",0.0,1986-12-07,Notfound,,,,,Notfound,정보없음
Jin Jin,1,박진우,0.0,1986-12-07,Notfound,,,,,"같은 이름 다른 인물
박진우
영화배우
박진우
영화배우
1983.
박진우
전 야구선수
1990.
박진우
온라인콘텐츠창작자
1987.
박진우
금융기관단체인
1956.
박진우
영화배우
2003.
동명이인 노출기준
이 정보가 표시된 이유",박진우영화배우박진우영화배우1983.박진우전야구선수1990.박진우온라인콘텐츠창작자1987.박진우금융기관단체인1956.박진우영화배우2003.동명이인노출기준이정보가표시된이유
Park Jeong Hwa,1,박정화,1.0,1986-12-07,8,,,,,"박정화
정화
가수, 탤런트","정화가수,탤런트"
Park Eun Seok,1,박은석,0.0,1986-12-07,17,,,,,"박은석
탤런트, 연극배우","탤런트,연극배우"
Kim Jung Seok,1,김정석,0.0,1986-12-07,Notfound,,,,,"직장아재
김정석
심리상담가, 작가","김정석심리상담가,작가"
Jung Il Hoon,1,정일훈,0.0,1986-12-07,9,,,,,"정일훈
가수",가수
Go Hyun,1,"고현
",0.0,1986-12-07,Notfound,,,,,Notfound,정보없음
Lee Chul Woo,1,이철우,0.0,1986-12-07,Notfound,,,,,"이철우
李喆雨
경북지사, 전 국회의원","李喆雨경북지사,전국회의원"
Lee Bum Soo,1,이범수,0.0,1986-12-07,16,1990.0,,0.0,0.0,"이범수
영화배우",영화배우
Shim Chang Min,1,심창민,0.0,1986-12-07,4,2003.0,,1.0,0.0,"심창민
야구선수",야구선수
Kim Seung Woo,1,김승우,0.0,1986-12-07,26,,,,,"김승우
영화배우, 탤런트","영화배우,탤런트"
Son Dam Bi,1,손담비,1.0,1986-12-07,21,1997.0,,1.0,0.0,"손담비
가수, 탤런트","가수,탤런트"
Choo Soo Hyun,1,추수현,1.0,1986-12-07,7,2014.0,,0.0,0.0,"추수현
탤런트",탤런트
Kim Hye Ri,1,김혜리,1.0,1986-12-07,29,1988.0,,0.0,0.0,"김혜리
영화배우, 미스코리아","영화배우,미스코리아"
Hwang Woo Seul Hye,1,황우슬,1.0,1986-12-07,14,2008.0,,0.0,0.0,"이미지
이미지 신고하기",이미지신고하기
Hwang Dong Joo,1,황동주,0.0,1986-12-07,28,1996.0,,0.0,0.0,"황동주
탤런트, 영화배우","탤런트,영화배우"
Yun Woon Kyung,1,연운경,1.0,1986-12-07,31,1972.0,,0.0,0.0,"연운경
탤런트, 영화배우","탤런트,영화배우"
Jeon Won Joo,1,전원주,1.0,1986-12-07,34,1960.0,,0.0,0.0,"전원주
탤런트, 영화배우","탤런트,영화배우"
Heo Jin,1,"허진
",1.0,1986-12-07,24,1971.0,,0.0,0.0,Notfound,정보없음
Nam Neung Mi,1,남능미,1.0,1986-12-07,40,1967.0,,0.0,0.0,"남능미
탤런트, 영화배우","탤런트,영화배우"
Baek Soo Ryun,1,백수련,1.0,1986-12-07,11,1958.0,,0.0,0.0,"백수련
‌Baek Su Ryeon
탤런트, 영화배우","‌탤런트,영화배우"
Kim Hye Ok,1,김혜옥,1.0,1986-12-07,69,1978.0,,0.0,0.0,"김혜옥
탤런트, 영화배우","탤런트,영화배우"
Kim Min Kyung,1,김민경,1.0,1986-12-07,25,,,,,"김민경
개그맨",개그맨
Yoon Jong Hwa,1,윤종화,0.0,1986-12-07,18,2005.0,,0.0,0.0,"윤종화
탤런트",탤런트
Jang Ji Eun,1,장지은,1.0,1986-12-07,13,2008.0,,0.0,0.0,"장지은
탤런트",탤런트
Kim Min Ji,1,김민지,1.0,1986-12-07,14,2008.0,,0.0,0.0,"김민지
육상선수",육상선수
Kim Yoo Suk,1,김유석,0.0,1986-12-07,26,1998.0,,0.0,0.0,"김유석
영화배우, 탤런트","영화배우,탤런트"
Ahn Jae Min,1,안재민,0.0,1986-12-07,17,2003.0,,1.0,0.0,"안재민
영화배우",영화배우
Baek Seung Hee,1,백승희,1.0,1986-12-07,21,2007.0,,0.0,0.0,"백승희
탤런트",탤런트
Wang Ji Won,1,왕지원,1.0,1986-12-07,13,2012.0,,0.0,0.0,"왕지원
탤런트",탤런트
Yoo Byung Jae,1,유병재,0.0,1986-12-07,40,2011.0,,1.0,0.0,"유병재
코미디언, 방송작가","코미디언,방송작가"
Kim Chang Hwan,1,김창환,0.0,1986-12-07,20,1992.0,,0.0,0.0,"같은 이름 다른 인물
김창환
작곡가
김창환
기업인
1964.
김창환
영화배우
1986.
김창환
기업인
1974.
김창환
기업인
1961.
김창환
연구인
동명이인 노출기준
이 정보가 표시된 이유",김창환작곡가김창환기업인1964.김창환영화배우1986.김창환기업인1974.김창환기업인1961.김창환연구인동명이인노출기준이정보가표시된이유
Jung Yoon Hak,1,정윤학,0.0,1986-12-07,4,2007.0,,1.0,0.0,"윤학
정윤학
가수",정윤학가수
Jung Joon Young,1,정준영,0.0,1986-12-07,11,2010.0,,1.0,0.0,"정준영
Jun Young Jung
영화배우",영화배우
Terada Takuya,1,,,1986-12-07,6,2009.0,,1.0,0.0,"영어사전
다른 어학정보16",다른어학정보16
Park Yoo Chun,1,박유천,0.0,1986-12-07,8,2003.0,,1.0,0.0,"박유천
유천
가수, 탤런트","유천가수,탤런트"
Yoo Ho Jung,1,유호정,1.0,1986-12-07,28,1991.0,,0.0,0.0,"유호정
탤런트, 영화배우","탤런트,영화배우"
Jang Shin Young,1,장신영,1.0,1986-12-07,26,2001.0,,0.0,0.0,"장신영
Chang Shin Young
배우, 영화배우","배우,영화배우"
Min Hyo Rin,1,민효린,1.0,1986-12-07,8,2006.0,,0.0,0.0,"민효린
정은란, Min Hyo Rin
탤런트, 가수","정은란,탤런트,가수"
Yoon Hee Seok,1,윤희석,0.0,1986-12-07,32,1998.0,,0.0,0.0,"윤희석
정당인",정당인
Yoon Son Ha,1,윤손하,1.0,1986-12-07,28,1994.0,,0.0,0.0,"윤손하
탤런트, 영화배우","탤런트,영화배우"
Park Tam Hee,1,박탐희,1.0,1986-12-07,20,1998.0,,0.0,0.0,"박탐희
Park Tamhee
탤런트, 영화배우","탤런트,영화배우"
Kim Bo Yun,1,김보윤,1.0,1986-12-07,7,2013.0,,0.0,1.0,"김보윤
영화배우, 탤런트","영화배우,탤런트"
Shin Min Soo,1,신민수,0.0,1986-12-07,4,2010.0,,0.0,0.0,"신민수
탤런트",탤런트
